003_3_PWA3_GMCF3029a.meta__NODE_57952_length_598_cov_2.523020_1	003_3_PWA3_GMCF3029a.meta__NODE_57952_length_598_cov_2.523020_1	100	181
003_3_PWA3_GMCF3029a.meta__NODE_57952_length_598_cov_2.523020_1	003_3_PWA3_GMCF3029a.sc__NODE_67503_length_598_cov_2.523020_1	100	181
003_3_PWA3_GMCF3029a.meta__NODE_57952_length_598_cov_2.523020_1	009_9_RA15_GMCF3029a.meta__NODE_5979_length_1322_cov_3.063141_1	34.8	181
003_3_PWA3_GMCF3029a.meta__NODE_57952_length_598_cov_2.523020_1	009_9_RA15_GMCF3029a.sc__NODE_4025_length_1815_cov_3.167045_1	34.8	181
003_3_PWA3_GMCF3029a.sc__NODE_67503_length_598_cov_2.523020_1	003_3_PWA3_GMCF3029a.meta__NODE_57952_length_598_cov_2.523020_1	100	181
003_3_PWA3_GMCF3029a.sc__NODE_67503_length_598_cov_2.523020_1	003_3_PWA3_GMCF3029a.sc__NODE_67503_length_598_cov_2.523020_1	100	181
003_3_PWA3_GMCF3029a.sc__NODE_67503_length_598_cov_2.523020_1	009_9_RA15_GMCF3029a.meta__NODE_5979_length_1322_cov_3.063141_1	34.8	181
003_3_PWA3_GMCF3029a.sc__NODE_67503_length_598_cov_2.523020_1	009_9_RA15_GMCF3029a.sc__NODE_4025_length_1815_cov_3.167045_1	34.8	181
005_5_RA3_GMCF3029a.meta__NODE_17737_length_682_cov_2.229665_1	005_5_RA3_GMCF3029a.meta__NODE_17737_length_682_cov_2.229665_1	100	226
005_5_RA3_GMCF3029a.meta__NODE_17737_length_682_cov_2.229665_1	005_5_RA3_GMCF3029a.sc__NODE_20133_length_682_cov_2.229665_1	100	226
005_5_RA3_GMCF3029a.sc__NODE_20133_length_682_cov_2.229665_1	005_5_RA3_GMCF3029a.meta__NODE_17737_length_682_cov_2.229665_1	100	226
005_5_RA3_GMCF3029a.sc__NODE_20133_length_682_cov_2.229665_1	005_5_RA3_GMCF3029a.sc__NODE_20133_length_682_cov_2.229665_1	100	226
008_8_RA14_GMCF3029a.meta__NODE_14617_length_802_cov_2.779116_1	008_8_RA14_GMCF3029a.meta__NODE_14617_length_802_cov_2.779116_1	100	267
008_8_RA14_GMCF3029a.meta__NODE_14617_length_802_cov_2.779116_1	008_8_RA14_GMCF3029a.sc__NODE_5108_length_1467_cov_3.046742_1	99.3	267
008_8_RA14_GMCF3029a.meta__NODE_14617_length_802_cov_2.779116_1	009_9_RA15_GMCF3029a.meta__NODE_5979_length_1322_cov_3.063141_1	98.5	267
008_8_RA14_GMCF3029a.meta__NODE_14617_length_802_cov_2.779116_1	009_9_RA15_GMCF3029a.sc__NODE_4025_length_1815_cov_3.167045_1	98.9	267
008_8_RA14_GMCF3029a.meta__NODE_14617_length_802_cov_2.779116_1	012_12_RA18_GMCF3029a.meta__NODE_22376_length_1117_cov_2.559322_2	44.3	253
008_8_RA14_GMCF3029a.meta__NODE_14617_length_802_cov_2.779116_1	012_12_RA18_GMCF3029a.sc__NODE_31225_length_1117_cov_2.559322_2	44.3	253
008_8_RA14_GMCF3029a.meta__NODE_14617_length_802_cov_2.779116_1	010_10_RA16_GMCF3029a.sc__NODE_18706_length_902_cov_5.268005_1	59.0	78
008_8_RA14_GMCF3029a.sc__NODE_5108_length_1467_cov_3.046742_1	008_8_RA14_GMCF3029a.sc__NODE_5108_length_1467_cov_3.046742_1	100	489
008_8_RA14_GMCF3029a.sc__NODE_5108_length_1467_cov_3.046742_1	009_9_RA15_GMCF3029a.sc__NODE_4025_length_1815_cov_3.167045_1	99.0	489
008_8_RA14_GMCF3029a.sc__NODE_5108_length_1467_cov_3.046742_1	009_9_RA15_GMCF3029a.meta__NODE_5979_length_1322_cov_3.063141_1	98.6	416
008_8_RA14_GMCF3029a.sc__NODE_5108_length_1467_cov_3.046742_1	008_8_RA14_GMCF3029a.meta__NODE_14617_length_802_cov_2.779116_1	99.3	267
008_8_RA14_GMCF3029a.sc__NODE_5108_length_1467_cov_3.046742_1	010_10_RA16_GMCF3029a.sc__NODE_18706_length_902_cov_5.268005_1	52.5	299
008_8_RA14_GMCF3029a.sc__NODE_5108_length_1467_cov_3.046742_1	012_12_RA18_GMCF3029a.meta__NODE_22376_length_1117_cov_2.559322_2	44.7	253
008_8_RA14_GMCF3029a.sc__NODE_5108_length_1467_cov_3.046742_1	012_12_RA18_GMCF3029a.sc__NODE_31225_length_1117_cov_2.559322_2	44.7	253
008_8_RA14_GMCF3029a.sc__NODE_5108_length_1467_cov_3.046742_1	010_10_RA16_GMCF3029a.meta__NODE_35307_length_605_cov_5.003636_1	51.0	202
009_9_RA15_GMCF3029a.meta__NODE_5979_length_1322_cov_3.063141_1	009_9_RA15_GMCF3029a.meta__NODE_5979_length_1322_cov_3.063141_1	100	440
009_9_RA15_GMCF3029a.meta__NODE_5979_length_1322_cov_3.063141_1	009_9_RA15_GMCF3029a.sc__NODE_4025_length_1815_cov_3.167045_1	99.8	440
009_9_RA15_GMCF3029a.meta__NODE_5979_length_1322_cov_3.063141_1	008_8_RA14_GMCF3029a.sc__NODE_5108_length_1467_cov_3.046742_1	98.6	416
009_9_RA15_GMCF3029a.meta__NODE_5979_length_1322_cov_3.063141_1	008_8_RA14_GMCF3029a.meta__NODE_14617_length_802_cov_2.779116_1	98.5	267
009_9_RA15_GMCF3029a.meta__NODE_5979_length_1322_cov_3.063141_1	010_10_RA16_GMCF3029a.sc__NODE_18706_length_902_cov_5.268005_1	51.3	226
009_9_RA15_GMCF3029a.meta__NODE_5979_length_1322_cov_3.063141_1	012_12_RA18_GMCF3029a.meta__NODE_22376_length_1117_cov_2.559322_2	45.7	276
009_9_RA15_GMCF3029a.meta__NODE_5979_length_1322_cov_3.063141_1	012_12_RA18_GMCF3029a.sc__NODE_31225_length_1117_cov_2.559322_2	45.7	276
009_9_RA15_GMCF3029a.meta__NODE_5979_length_1322_cov_3.063141_1	010_10_RA16_GMCF3029a.meta__NODE_35307_length_605_cov_5.003636_1	48.8	129
009_9_RA15_GMCF3029a.meta__NODE_5979_length_1322_cov_3.063141_1	003_3_PWA3_GMCF3029a.meta__NODE_57952_length_598_cov_2.523020_1	34.8	181
009_9_RA15_GMCF3029a.meta__NODE_5979_length_1322_cov_3.063141_1	003_3_PWA3_GMCF3029a.sc__NODE_67503_length_598_cov_2.523020_1	34.8	181
009_9_RA15_GMCF3029a.meta__NODE_30980_length_607_cov_1.697464_1	009_9_RA15_GMCF3029a.meta__NODE_30980_length_607_cov_1.697464_1	100	157
009_9_RA15_GMCF3029a.meta__NODE_30980_length_607_cov_1.697464_1	009_9_RA15_GMCF3029a.sc__NODE_38030_length_607_cov_1.697464_1	100	157
009_9_RA15_GMCF3029a.meta__NODE_30980_length_607_cov_1.697464_1	012_12_RA18_GMCF3029a.meta__NODE_127982_length_546_cov_1.761711_1	76.8	151
009_9_RA15_GMCF3029a.meta__NODE_30980_length_607_cov_1.697464_1	012_12_RA18_GMCF3029a.sc__NODE_181561_length_552_cov_1.726358_1	76.8	151
009_9_RA15_GMCF3029a.meta__NODE_30980_length_607_cov_1.697464_1	012_12_RA18_GMCF3029a.sc__NODE_18185_length_1395_cov_3.590299_2	52.7	110
009_9_RA15_GMCF3029a.meta__NODE_30980_length_607_cov_1.697464_1	011_11_RA17_GMCF3029a.sc__NODE_96723_length_588_cov_1.512195_1	46.3	149
009_9_RA15_GMCF3029a.meta__NODE_30980_length_607_cov_1.697464_1	012_12_RA18_GMCF3029a.meta__NODE_102469_length_595_cov_2.203704_1	55.8	95
009_9_RA15_GMCF3029a.meta__NODE_30980_length_607_cov_1.697464_1	012_12_RA18_GMCF3029a.sc__NODE_149745_length_595_cov_2.203704_1	55.8	95
009_9_RA15_GMCF3029a.meta__NODE_30980_length_607_cov_1.697464_1	013_13_RA22_GMCF3029a.sc__NODE_101205_length_521_cov_2.487124_1	46.2	104
009_9_RA15_GMCF3029a.meta__NODE_30980_length_607_cov_1.697464_1	013_13_RA22_GMCF3029a.meta__NODE_3077_length_1800_cov_2.651576_2	43.6	140
009_9_RA15_GMCF3029a.meta__NODE_30980_length_607_cov_1.697464_1	013_13_RA22_GMCF3029a.sc__NODE_4631_length_1812_cov_3.529880_2	43.6	140
009_9_RA15_GMCF3029a.meta__NODE_30980_length_607_cov_1.697464_1	011_11_RA17_GMCF3029a.sc__NODE_126388_length_533_cov_1.531381_1	41.6	125
009_9_RA15_GMCF3029a.sc__NODE_4025_length_1815_cov_3.167045_1	009_9_RA15_GMCF3029a.sc__NODE_4025_length_1815_cov_3.167045_1	100	605
009_9_RA15_GMCF3029a.sc__NODE_4025_length_1815_cov_3.167045_1	008_8_RA14_GMCF3029a.sc__NODE_5108_length_1467_cov_3.046742_1	99.0	489
009_9_RA15_GMCF3029a.sc__NODE_4025_length_1815_cov_3.167045_1	009_9_RA15_GMCF3029a.meta__NODE_5979_length_1322_cov_3.063141_1	99.8	440
009_9_RA15_GMCF3029a.sc__NODE_4025_length_1815_cov_3.167045_1	008_8_RA14_GMCF3029a.meta__NODE_14617_length_802_cov_2.779116_1	98.9	267
009_9_RA15_GMCF3029a.sc__NODE_4025_length_1815_cov_3.167045_1	010_10_RA16_GMCF3029a.sc__NODE_18706_length_902_cov_5.268005_1	52.3	304
009_9_RA15_GMCF3029a.sc__NODE_4025_length_1815_cov_3.167045_1	012_12_RA18_GMCF3029a.meta__NODE_22376_length_1117_cov_2.559322_2	45.7	276
009_9_RA15_GMCF3029a.sc__NODE_4025_length_1815_cov_3.167045_1	012_12_RA18_GMCF3029a.sc__NODE_31225_length_1117_cov_2.559322_2	45.7	276
009_9_RA15_GMCF3029a.sc__NODE_4025_length_1815_cov_3.167045_1	010_10_RA16_GMCF3029a.meta__NODE_35307_length_605_cov_5.003636_1	51.2	207
009_9_RA15_GMCF3029a.sc__NODE_4025_length_1815_cov_3.167045_1	003_3_PWA3_GMCF3029a.meta__NODE_57952_length_598_cov_2.523020_1	34.8	181
009_9_RA15_GMCF3029a.sc__NODE_4025_length_1815_cov_3.167045_1	003_3_PWA3_GMCF3029a.sc__NODE_67503_length_598_cov_2.523020_1	34.8	181
009_9_RA15_GMCF3029a.sc__NODE_11121_length_1094_cov_2.671800_1	009_9_RA15_GMCF3029a.sc__NODE_11121_length_1094_cov_2.671800_1	100	245
009_9_RA15_GMCF3029a.sc__NODE_38030_length_607_cov_1.697464_1	009_9_RA15_GMCF3029a.meta__NODE_30980_length_607_cov_1.697464_1	100	157
009_9_RA15_GMCF3029a.sc__NODE_38030_length_607_cov_1.697464_1	009_9_RA15_GMCF3029a.sc__NODE_38030_length_607_cov_1.697464_1	100	157
009_9_RA15_GMCF3029a.sc__NODE_38030_length_607_cov_1.697464_1	012_12_RA18_GMCF3029a.meta__NODE_127982_length_546_cov_1.761711_1	76.8	151
009_9_RA15_GMCF3029a.sc__NODE_38030_length_607_cov_1.697464_1	012_12_RA18_GMCF3029a.sc__NODE_181561_length_552_cov_1.726358_1	76.8	151
009_9_RA15_GMCF3029a.sc__NODE_38030_length_607_cov_1.697464_1	012_12_RA18_GMCF3029a.sc__NODE_18185_length_1395_cov_3.590299_2	52.7	110
009_9_RA15_GMCF3029a.sc__NODE_38030_length_607_cov_1.697464_1	011_11_RA17_GMCF3029a.sc__NODE_96723_length_588_cov_1.512195_1	46.3	149
009_9_RA15_GMCF3029a.sc__NODE_38030_length_607_cov_1.697464_1	012_12_RA18_GMCF3029a.meta__NODE_102469_length_595_cov_2.203704_1	55.8	95
009_9_RA15_GMCF3029a.sc__NODE_38030_length_607_cov_1.697464_1	012_12_RA18_GMCF3029a.sc__NODE_149745_length_595_cov_2.203704_1	55.8	95
009_9_RA15_GMCF3029a.sc__NODE_38030_length_607_cov_1.697464_1	013_13_RA22_GMCF3029a.sc__NODE_101205_length_521_cov_2.487124_1	46.2	104
009_9_RA15_GMCF3029a.sc__NODE_38030_length_607_cov_1.697464_1	013_13_RA22_GMCF3029a.meta__NODE_3077_length_1800_cov_2.651576_2	43.6	140
009_9_RA15_GMCF3029a.sc__NODE_38030_length_607_cov_1.697464_1	013_13_RA22_GMCF3029a.sc__NODE_4631_length_1812_cov_3.529880_2	43.6	140
009_9_RA15_GMCF3029a.sc__NODE_38030_length_607_cov_1.697464_1	011_11_RA17_GMCF3029a.sc__NODE_126388_length_533_cov_1.531381_1	41.6	125
010_10_RA16_GMCF3029a.meta__NODE_195_length_3623_cov_8.109305_4	010_10_RA16_GMCF3029a.meta__NODE_195_length_3623_cov_8.109305_4	100	296
010_10_RA16_GMCF3029a.meta__NODE_195_length_3623_cov_8.109305_4	010_10_RA16_GMCF3029a.sc__NODE_117_length_6035_cov_9.469231_1	100	295
010_10_RA16_GMCF3029a.meta__NODE_195_length_3623_cov_8.109305_4	010_10_RA16_GMCF3029a.meta__NODE_9487_length_1063_cov_3.722222_1	36.5	296
010_10_RA16_GMCF3029a.meta__NODE_195_length_3623_cov_8.109305_4	010_10_RA16_GMCF3029a.sc__NODE_13196_length_1063_cov_3.706349_1	36.5	296
010_10_RA16_GMCF3029a.meta__NODE_195_length_3623_cov_8.109305_4	012_12_RA18_GMCF3029a.meta__NODE_16396_length_1267_cov_3.018977_2	35.8	288
010_10_RA16_GMCF3029a.meta__NODE_195_length_3623_cov_8.109305_4	012_12_RA18_GMCF3029a.sc__NODE_23019_length_1267_cov_3.018977_2	35.8	288
010_10_RA16_GMCF3029a.meta__NODE_7413_length_1168_cov_11.323450_1	010_10_RA16_GMCF3029a.meta__NODE_7413_length_1168_cov_11.323450_1	100	388
010_10_RA16_GMCF3029a.meta__NODE_7413_length_1168_cov_11.323450_1	010_10_RA16_GMCF3029a.sc__NODE_474_length_3931_cov_13.201238_2	100	388
010_10_RA16_GMCF3029a.meta__NODE_7413_length_1168_cov_11.323450_1	011_11_RA17_GMCF3029a.meta__NODE_224_length_5064_cov_10.771811_3	100	388
010_10_RA16_GMCF3029a.meta__NODE_7413_length_1168_cov_11.323450_1	012_12_RA18_GMCF3029a.meta__NODE_835_length_4242_cov_15.534989_2	100	388
010_10_RA16_GMCF3029a.meta__NODE_7413_length_1168_cov_11.323450_1	012_12_RA18_GMCF3029a.sc__NODE_2306_length_3341_cov_12.778150_3	100	388
010_10_RA16_GMCF3029a.meta__NODE_7413_length_1168_cov_11.323450_1	014_14_RA23_GMCF3029a.sc__NODE_533_length_5213_cov_7.401706_3	100	388
010_10_RA16_GMCF3029a.meta__NODE_7413_length_1168_cov_11.323450_1	014_14_RA23_GMCF3029a.meta__NODE_816_length_3395_cov_8.819162_1	100	357
010_10_RA16_GMCF3029a.meta__NODE_7413_length_1168_cov_11.323450_1	011_11_RA17_GMCF3029a.sc__NODE_11077_length_1282_cov_11.607987_1	100	320
010_10_RA16_GMCF3029a.meta__NODE_7413_length_1168_cov_11.323450_1	012_12_RA18_GMCF3029a.sc__NODE_1900_length_3632_cov_3.671792_4	71.5	389
010_10_RA16_GMCF3029a.meta__NODE_7413_length_1168_cov_11.323450_1	011_11_RA17_GMCF3029a.sc__NODE_16235_length_1119_cov_3.645677_1	32.2	373
010_10_RA16_GMCF3029a.meta__NODE_9487_length_1063_cov_3.722222_1	010_10_RA16_GMCF3029a.meta__NODE_9487_length_1063_cov_3.722222_1	100	253
010_10_RA16_GMCF3029a.meta__NODE_9487_length_1063_cov_3.722222_1	010_10_RA16_GMCF3029a.sc__NODE_13196_length_1063_cov_3.706349_1	100	253
010_10_RA16_GMCF3029a.meta__NODE_9487_length_1063_cov_3.722222_1	010_10_RA16_GMCF3029a.sc__NODE_117_length_6035_cov_9.469231_1	37.0	292
010_10_RA16_GMCF3029a.meta__NODE_9487_length_1063_cov_3.722222_1	010_10_RA16_GMCF3029a.meta__NODE_195_length_3623_cov_8.109305_4	37.0	292
010_10_RA16_GMCF3029a.meta__NODE_15825_length_859_cov_5.455224_1	010_10_RA16_GMCF3029a.meta__NODE_15825_length_859_cov_5.455224_1	100	152
010_10_RA16_GMCF3029a.meta__NODE_15825_length_859_cov_5.455224_1	010_10_RA16_GMCF3029a.sc__NODE_7214_length_1406_cov_4.330126_2	100	151
010_10_RA16_GMCF3029a.meta__NODE_15825_length_859_cov_5.455224_1	012_12_RA18_GMCF3029a.sc__NODE_186631_length_546_cov_1.596741_1	85.7	140
010_10_RA16_GMCF3029a.meta__NODE_15825_length_859_cov_5.455224_1	014_14_RA23_GMCF3029a.sc__NODE_119942_length_591_cov_2.246269_1	65.7	134
010_10_RA16_GMCF3029a.meta__NODE_15825_length_859_cov_5.455224_1	013_13_RA22_GMCF3029a.meta__NODE_3077_length_1800_cov_2.651576_2	37.8	148
010_10_RA16_GMCF3029a.meta__NODE_15825_length_859_cov_5.455224_1	013_13_RA22_GMCF3029a.sc__NODE_4631_length_1812_cov_3.529880_2	37.8	148
010_10_RA16_GMCF3029a.meta__NODE_32052_length_633_cov_3.269896_1	010_10_RA16_GMCF3029a.meta__NODE_32052_length_633_cov_3.269896_1	100	210
010_10_RA16_GMCF3029a.meta__NODE_32052_length_633_cov_3.269896_1	010_10_RA16_GMCF3029a.sc__NODE_39323_length_633_cov_3.269896_1	100	210
010_10_RA16_GMCF3029a.meta__NODE_32052_length_633_cov_3.269896_1	012_12_RA18_GMCF3029a.meta__NODE_60452_length_737_cov_2.378299_1	52.4	187
010_10_RA16_GMCF3029a.meta__NODE_32052_length_633_cov_3.269896_1	012_12_RA18_GMCF3029a.sc__NODE_87312_length_737_cov_2.359238_1	52.4	187
010_10_RA16_GMCF3029a.meta__NODE_35307_length_605_cov_5.003636_1	010_10_RA16_GMCF3029a.meta__NODE_35307_length_605_cov_5.003636_1	100	201
010_10_RA16_GMCF3029a.meta__NODE_35307_length_605_cov_5.003636_1	010_10_RA16_GMCF3029a.sc__NODE_18706_length_902_cov_5.268005_1	100	201
010_10_RA16_GMCF3029a.meta__NODE_35307_length_605_cov_5.003636_1	009_9_RA15_GMCF3029a.sc__NODE_4025_length_1815_cov_3.167045_1	51.2	207
010_10_RA16_GMCF3029a.meta__NODE_35307_length_605_cov_5.003636_1	008_8_RA14_GMCF3029a.sc__NODE_5108_length_1467_cov_3.046742_1	51.0	202
010_10_RA16_GMCF3029a.meta__NODE_35307_length_605_cov_5.003636_1	009_9_RA15_GMCF3029a.meta__NODE_5979_length_1322_cov_3.063141_1	48.8	129
010_10_RA16_GMCF3029a.meta__NODE_35614_length_603_cov_2.587591_1	010_10_RA16_GMCF3029a.meta__NODE_35614_length_603_cov_2.587591_1	100	200
010_10_RA16_GMCF3029a.meta__NODE_35614_length_603_cov_2.587591_1	010_10_RA16_GMCF3029a.sc__NODE_7214_length_1406_cov_4.330126_2	100	200
010_10_RA16_GMCF3029a.meta__NODE_35614_length_603_cov_2.587591_1	012_12_RA18_GMCF3029a.sc__NODE_186631_length_546_cov_1.596741_1	87.8	49
010_10_RA16_GMCF3029a.meta__NODE_46039_length_537_cov_3.346473_1	010_10_RA16_GMCF3029a.meta__NODE_46039_length_537_cov_3.346473_1	100	178
010_10_RA16_GMCF3029a.meta__NODE_46039_length_537_cov_3.346473_1	010_10_RA16_GMCF3029a.sc__NODE_55017_length_537_cov_3.346473_1	100	178
010_10_RA16_GMCF3029a.meta__NODE_46039_length_537_cov_3.346473_1	012_12_RA18_GMCF3029a.sc__NODE_185685_length_547_cov_1.802846_1	54.3	94
010_10_RA16_GMCF3029a.meta__NODE_46039_length_537_cov_3.346473_1	013_13_RA22_GMCF3029a.meta__NODE_7577_length_1291_cov_7.369741_1	32.8	174
010_10_RA16_GMCF3029a.meta__NODE_46039_length_537_cov_3.346473_1	013_13_RA22_GMCF3029a.sc__NODE_10858_length_1293_cov_7.333086_1	32.8	174
010_10_RA16_GMCF3029a.sc__NODE_117_length_6035_cov_9.469231_1	010_10_RA16_GMCF3029a.sc__NODE_117_length_6035_cov_9.469231_1	100	295
010_10_RA16_GMCF3029a.sc__NODE_117_length_6035_cov_9.469231_1	010_10_RA16_GMCF3029a.meta__NODE_195_length_3623_cov_8.109305_4	100	295
010_10_RA16_GMCF3029a.sc__NODE_117_length_6035_cov_9.469231_1	010_10_RA16_GMCF3029a.meta__NODE_9487_length_1063_cov_3.722222_1	37.0	292
010_10_RA16_GMCF3029a.sc__NODE_117_length_6035_cov_9.469231_1	010_10_RA16_GMCF3029a.sc__NODE_13196_length_1063_cov_3.706349_1	37.0	292
010_10_RA16_GMCF3029a.sc__NODE_117_length_6035_cov_9.469231_1	012_12_RA18_GMCF3029a.meta__NODE_16396_length_1267_cov_3.018977_2	35.8	288
010_10_RA16_GMCF3029a.sc__NODE_117_length_6035_cov_9.469231_1	012_12_RA18_GMCF3029a.sc__NODE_23019_length_1267_cov_3.018977_2	35.8	288
010_10_RA16_GMCF3029a.sc__NODE_474_length_3931_cov_13.201238_2	010_10_RA16_GMCF3029a.sc__NODE_474_length_3931_cov_13.201238_2	100	731
010_10_RA16_GMCF3029a.sc__NODE_474_length_3931_cov_13.201238_2	011_11_RA17_GMCF3029a.meta__NODE_224_length_5064_cov_10.771811_3	100	731
010_10_RA16_GMCF3029a.sc__NODE_474_length_3931_cov_13.201238_2	012_12_RA18_GMCF3029a.meta__NODE_835_length_4242_cov_15.534989_2	100	731
010_10_RA16_GMCF3029a.sc__NODE_474_length_3931_cov_13.201238_2	012_12_RA18_GMCF3029a.sc__NODE_2306_length_3341_cov_12.778150_3	100	731
010_10_RA16_GMCF3029a.sc__NODE_474_length_3931_cov_13.201238_2	014_14_RA23_GMCF3029a.sc__NODE_533_length_5213_cov_7.401706_3	100	731
010_10_RA16_GMCF3029a.sc__NODE_474_length_3931_cov_13.201238_2	014_14_RA23_GMCF3029a.meta__NODE_816_length_3395_cov_8.819162_1	100	630
010_10_RA16_GMCF3029a.sc__NODE_474_length_3931_cov_13.201238_2	011_11_RA17_GMCF3029a.sc__NODE_11077_length_1282_cov_11.607987_1	100	426
010_10_RA16_GMCF3029a.sc__NODE_474_length_3931_cov_13.201238_2	012_12_RA18_GMCF3029a.sc__NODE_1900_length_3632_cov_3.671792_4	70.3	586
010_10_RA16_GMCF3029a.sc__NODE_474_length_3931_cov_13.201238_2	010_10_RA16_GMCF3029a.meta__NODE_7413_length_1168_cov_11.323450_1	100	388
010_10_RA16_GMCF3029a.sc__NODE_474_length_3931_cov_13.201238_2	010_10_RA16_GMCF3029a.sc__NODE_1218_length_2862_cov_8.169932_1	34.7	625
010_10_RA16_GMCF3029a.sc__NODE_474_length_3931_cov_13.201238_2	011_11_RA17_GMCF3029a.meta__NODE_1184_length_2902_cov_6.685634_1	35.1	555
010_10_RA16_GMCF3029a.sc__NODE_474_length_3931_cov_13.201238_2	012_12_RA18_GMCF3029a.meta__NODE_8842_length_1651_cov_3.550752_1	30.7	576
010_10_RA16_GMCF3029a.sc__NODE_474_length_3931_cov_13.201238_2	012_12_RA18_GMCF3029a.sc__NODE_83862_length_749_cov_2.112392_1	44.5	238
010_10_RA16_GMCF3029a.sc__NODE_474_length_3931_cov_13.201238_2	012_12_RA18_GMCF3029a.meta__NODE_52305_length_782_cov_1.971114_1	44.1	238
010_10_RA16_GMCF3029a.sc__NODE_474_length_3931_cov_13.201238_2	011_11_RA17_GMCF3029a.sc__NODE_16235_length_1119_cov_3.645677_1	32.7	382
010_10_RA16_GMCF3029a.sc__NODE_474_length_3931_cov_13.201238_2	012_12_RA18_GMCF3029a.sc__NODE_18129_length_1397_cov_3.230253_1	43.4	159
010_10_RA16_GMCF3029a.sc__NODE_474_length_3931_cov_13.201238_2	012_12_RA18_GMCF3029a.sc__NODE_34112_length_1078_cov_1.143695_1	33.1	236
010_10_RA16_GMCF3029a.sc__NODE_1218_length_2862_cov_8.169932_1	010_10_RA16_GMCF3029a.sc__NODE_1218_length_2862_cov_8.169932_1	100	620
010_10_RA16_GMCF3029a.sc__NODE_1218_length_2862_cov_8.169932_1	011_11_RA17_GMCF3029a.meta__NODE_1184_length_2902_cov_6.685634_1	100	563
010_10_RA16_GMCF3029a.sc__NODE_1218_length_2862_cov_8.169932_1	012_12_RA18_GMCF3029a.sc__NODE_14752_length_1522_cov_2.741650_1	88.3	506
010_10_RA16_GMCF3029a.sc__NODE_1218_length_2862_cov_8.169932_1	011_11_RA17_GMCF3029a.sc__NODE_13048_length_1208_cov_6.758890_1	100	402
010_10_RA16_GMCF3029a.sc__NODE_1218_length_2862_cov_8.169932_1	012_12_RA18_GMCF3029a.meta__NODE_20436_length_1159_cov_7.259058_1	86.7	377
010_10_RA16_GMCF3029a.sc__NODE_1218_length_2862_cov_8.169932_1	013_13_RA22_GMCF3029a.sc__NODE_4121_length_1894_cov_2.593801_2	88.3	317
010_10_RA16_GMCF3029a.sc__NODE_1218_length_2862_cov_8.169932_1	012_12_RA18_GMCF3029a.sc__NODE_25425_length_1215_cov_3.584483_1	94.2	275
010_10_RA16_GMCF3029a.sc__NODE_1218_length_2862_cov_8.169932_1	011_11_RA17_GMCF3029a.sc__NODE_16235_length_1119_cov_3.645677_1	73.5	310
010_10_RA16_GMCF3029a.sc__NODE_1218_length_2862_cov_8.169932_1	012_12_RA18_GMCF3029a.sc__NODE_122956_length_644_cov_1.850594_1	83.6	213
010_10_RA16_GMCF3029a.sc__NODE_1218_length_2862_cov_8.169932_1	014_14_RA23_GMCF3029a.meta__NODE_816_length_3395_cov_8.819162_1	34.8	623
010_10_RA16_GMCF3029a.sc__NODE_1218_length_2862_cov_8.169932_1	010_10_RA16_GMCF3029a.sc__NODE_474_length_3931_cov_13.201238_2	34.8	623
010_10_RA16_GMCF3029a.sc__NODE_1218_length_2862_cov_8.169932_1	011_11_RA17_GMCF3029a.meta__NODE_224_length_5064_cov_10.771811_3	34.8	623
010_10_RA16_GMCF3029a.sc__NODE_1218_length_2862_cov_8.169932_1	012_12_RA18_GMCF3029a.meta__NODE_835_length_4242_cov_15.534989_2	34.8	623
010_10_RA16_GMCF3029a.sc__NODE_1218_length_2862_cov_8.169932_1	012_12_RA18_GMCF3029a.sc__NODE_2306_length_3341_cov_12.778150_3	34.8	623
010_10_RA16_GMCF3029a.sc__NODE_1218_length_2862_cov_8.169932_1	014_14_RA23_GMCF3029a.sc__NODE_533_length_5213_cov_7.401706_3	34.8	623
010_10_RA16_GMCF3029a.sc__NODE_1218_length_2862_cov_8.169932_1	011_11_RA17_GMCF3029a.sc__NODE_9992_length_1327_cov_1.573113_1	40.6	342
010_10_RA16_GMCF3029a.sc__NODE_1218_length_2862_cov_8.169932_1	012_12_RA18_GMCF3029a.meta__NODE_35266_length_921_cov_2.075058_1	38.9	293
010_10_RA16_GMCF3029a.sc__NODE_1218_length_2862_cov_8.169932_1	012_12_RA18_GMCF3029a.sc__NODE_83862_length_749_cov_2.112392_1	42.0	245
010_10_RA16_GMCF3029a.sc__NODE_1218_length_2862_cov_8.169932_1	012_12_RA18_GMCF3029a.meta__NODE_52305_length_782_cov_1.971114_1	41.6	245
010_10_RA16_GMCF3029a.sc__NODE_1218_length_2862_cov_8.169932_1	013_13_RA22_GMCF3029a.sc__NODE_13165_length_1199_cov_2.816434_1	30.8	406
010_10_RA16_GMCF3029a.sc__NODE_1218_length_2862_cov_8.169932_1	013_13_RA22_GMCF3029a.meta__NODE_22959_length_845_cov_3.321519_1	31.6	285
010_10_RA16_GMCF3029a.sc__NODE_1218_length_2862_cov_8.169932_1	011_11_RA17_GMCF3029a.sc__NODE_40381_length_809_cov_2.041114_1	33.0	185
010_10_RA16_GMCF3029a.sc__NODE_1218_length_2862_cov_8.169932_1	012_12_RA18_GMCF3029a.sc__NODE_34112_length_1078_cov_1.143695_1	30.0	237
010_10_RA16_GMCF3029a.sc__NODE_7214_length_1406_cov_4.330126_2	010_10_RA16_GMCF3029a.sc__NODE_7214_length_1406_cov_4.330126_2	100	343
010_10_RA16_GMCF3029a.sc__NODE_7214_length_1406_cov_4.330126_2	010_10_RA16_GMCF3029a.meta__NODE_35614_length_603_cov_2.587591_1	100	200
010_10_RA16_GMCF3029a.sc__NODE_7214_length_1406_cov_4.330126_2	012_12_RA18_GMCF3029a.sc__NODE_186631_length_546_cov_1.596741_1	85.6	181
010_10_RA16_GMCF3029a.sc__NODE_7214_length_1406_cov_4.330126_2	010_10_RA16_GMCF3029a.meta__NODE_15825_length_859_cov_5.455224_1	100	151
010_10_RA16_GMCF3029a.sc__NODE_7214_length_1406_cov_4.330126_2	014_14_RA23_GMCF3029a.sc__NODE_119942_length_591_cov_2.246269_1	64.2	165
010_10_RA16_GMCF3029a.sc__NODE_7214_length_1406_cov_4.330126_2	013_13_RA22_GMCF3029a.meta__NODE_3077_length_1800_cov_2.651576_2	30.9	330
010_10_RA16_GMCF3029a.sc__NODE_7214_length_1406_cov_4.330126_2	013_13_RA22_GMCF3029a.sc__NODE_4631_length_1812_cov_3.529880_2	30.9	330
010_10_RA16_GMCF3029a.sc__NODE_7214_length_1406_cov_4.330126_2	012_12_RA18_GMCF3029a.meta__NODE_112497_length_574_cov_1.951830_1	32.0	194
010_10_RA16_GMCF3029a.sc__NODE_7214_length_1406_cov_4.330126_2	012_12_RA18_GMCF3029a.sc__NODE_164220_length_574_cov_2.119461_1	32.0	194
010_10_RA16_GMCF3029a.sc__NODE_13196_length_1063_cov_3.706349_1	010_10_RA16_GMCF3029a.meta__NODE_9487_length_1063_cov_3.722222_1	100	253
010_10_RA16_GMCF3029a.sc__NODE_13196_length_1063_cov_3.706349_1	010_10_RA16_GMCF3029a.sc__NODE_13196_length_1063_cov_3.706349_1	100	253
010_10_RA16_GMCF3029a.sc__NODE_13196_length_1063_cov_3.706349_1	010_10_RA16_GMCF3029a.sc__NODE_117_length_6035_cov_9.469231_1	37.0	292
010_10_RA16_GMCF3029a.sc__NODE_13196_length_1063_cov_3.706349_1	010_10_RA16_GMCF3029a.meta__NODE_195_length_3623_cov_8.109305_4	37.0	292
010_10_RA16_GMCF3029a.sc__NODE_18706_length_902_cov_5.268005_1	010_10_RA16_GMCF3029a.sc__NODE_18706_length_902_cov_5.268005_1	100	300
010_10_RA16_GMCF3029a.sc__NODE_18706_length_902_cov_5.268005_1	010_10_RA16_GMCF3029a.meta__NODE_35307_length_605_cov_5.003636_1	100	201
010_10_RA16_GMCF3029a.sc__NODE_18706_length_902_cov_5.268005_1	008_8_RA14_GMCF3029a.sc__NODE_5108_length_1467_cov_3.046742_1	52.5	299
010_10_RA16_GMCF3029a.sc__NODE_18706_length_902_cov_5.268005_1	009_9_RA15_GMCF3029a.sc__NODE_4025_length_1815_cov_3.167045_1	52.3	304
010_10_RA16_GMCF3029a.sc__NODE_18706_length_902_cov_5.268005_1	009_9_RA15_GMCF3029a.meta__NODE_5979_length_1322_cov_3.063141_1	51.3	226
010_10_RA16_GMCF3029a.sc__NODE_18706_length_902_cov_5.268005_1	012_12_RA18_GMCF3029a.meta__NODE_22376_length_1117_cov_2.559322_2	80.3	66
010_10_RA16_GMCF3029a.sc__NODE_18706_length_902_cov_5.268005_1	012_12_RA18_GMCF3029a.sc__NODE_31225_length_1117_cov_2.559322_2	80.3	66
010_10_RA16_GMCF3029a.sc__NODE_18706_length_902_cov_5.268005_1	008_8_RA14_GMCF3029a.meta__NODE_14617_length_802_cov_2.779116_1	59.0	78
010_10_RA16_GMCF3029a.sc__NODE_39323_length_633_cov_3.269896_1	010_10_RA16_GMCF3029a.meta__NODE_32052_length_633_cov_3.269896_1	100	210
010_10_RA16_GMCF3029a.sc__NODE_39323_length_633_cov_3.269896_1	010_10_RA16_GMCF3029a.sc__NODE_39323_length_633_cov_3.269896_1	100	210
010_10_RA16_GMCF3029a.sc__NODE_39323_length_633_cov_3.269896_1	012_12_RA18_GMCF3029a.meta__NODE_60452_length_737_cov_2.378299_1	52.4	187
010_10_RA16_GMCF3029a.sc__NODE_39323_length_633_cov_3.269896_1	012_12_RA18_GMCF3029a.sc__NODE_87312_length_737_cov_2.359238_1	52.4	187
010_10_RA16_GMCF3029a.sc__NODE_55017_length_537_cov_3.346473_1	010_10_RA16_GMCF3029a.meta__NODE_46039_length_537_cov_3.346473_1	100	178
010_10_RA16_GMCF3029a.sc__NODE_55017_length_537_cov_3.346473_1	010_10_RA16_GMCF3029a.sc__NODE_55017_length_537_cov_3.346473_1	100	178
010_10_RA16_GMCF3029a.sc__NODE_55017_length_537_cov_3.346473_1	012_12_RA18_GMCF3029a.sc__NODE_185685_length_547_cov_1.802846_1	54.3	94
010_10_RA16_GMCF3029a.sc__NODE_55017_length_537_cov_3.346473_1	013_13_RA22_GMCF3029a.meta__NODE_7577_length_1291_cov_7.369741_1	32.8	174
010_10_RA16_GMCF3029a.sc__NODE_55017_length_537_cov_3.346473_1	013_13_RA22_GMCF3029a.sc__NODE_10858_length_1293_cov_7.333086_1	32.8	174
011_11_RA17_GMCF3029a.meta__NODE_224_length_5064_cov_10.771811_3	010_10_RA16_GMCF3029a.sc__NODE_474_length_3931_cov_13.201238_2	100	731
011_11_RA17_GMCF3029a.meta__NODE_224_length_5064_cov_10.771811_3	011_11_RA17_GMCF3029a.meta__NODE_224_length_5064_cov_10.771811_3	100	731
011_11_RA17_GMCF3029a.meta__NODE_224_length_5064_cov_10.771811_3	012_12_RA18_GMCF3029a.meta__NODE_835_length_4242_cov_15.534989_2	100	731
011_11_RA17_GMCF3029a.meta__NODE_224_length_5064_cov_10.771811_3	012_12_RA18_GMCF3029a.sc__NODE_2306_length_3341_cov_12.778150_3	100	731
011_11_RA17_GMCF3029a.meta__NODE_224_length_5064_cov_10.771811_3	014_14_RA23_GMCF3029a.sc__NODE_533_length_5213_cov_7.401706_3	100	731
011_11_RA17_GMCF3029a.meta__NODE_224_length_5064_cov_10.771811_3	014_14_RA23_GMCF3029a.meta__NODE_816_length_3395_cov_8.819162_1	100	630
011_11_RA17_GMCF3029a.meta__NODE_224_length_5064_cov_10.771811_3	011_11_RA17_GMCF3029a.sc__NODE_11077_length_1282_cov_11.607987_1	100	426
011_11_RA17_GMCF3029a.meta__NODE_224_length_5064_cov_10.771811_3	012_12_RA18_GMCF3029a.sc__NODE_1900_length_3632_cov_3.671792_4	70.3	586
011_11_RA17_GMCF3029a.meta__NODE_224_length_5064_cov_10.771811_3	010_10_RA16_GMCF3029a.meta__NODE_7413_length_1168_cov_11.323450_1	100	388
011_11_RA17_GMCF3029a.meta__NODE_224_length_5064_cov_10.771811_3	010_10_RA16_GMCF3029a.sc__NODE_1218_length_2862_cov_8.169932_1	34.7	625
011_11_RA17_GMCF3029a.meta__NODE_224_length_5064_cov_10.771811_3	011_11_RA17_GMCF3029a.meta__NODE_1184_length_2902_cov_6.685634_1	35.1	555
011_11_RA17_GMCF3029a.meta__NODE_224_length_5064_cov_10.771811_3	012_12_RA18_GMCF3029a.meta__NODE_8842_length_1651_cov_3.550752_1	30.7	576
011_11_RA17_GMCF3029a.meta__NODE_224_length_5064_cov_10.771811_3	012_12_RA18_GMCF3029a.sc__NODE_83862_length_749_cov_2.112392_1	44.5	238
011_11_RA17_GMCF3029a.meta__NODE_224_length_5064_cov_10.771811_3	012_12_RA18_GMCF3029a.meta__NODE_52305_length_782_cov_1.971114_1	44.1	238
011_11_RA17_GMCF3029a.meta__NODE_224_length_5064_cov_10.771811_3	011_11_RA17_GMCF3029a.sc__NODE_16235_length_1119_cov_3.645677_1	32.7	382
011_11_RA17_GMCF3029a.meta__NODE_224_length_5064_cov_10.771811_3	012_12_RA18_GMCF3029a.sc__NODE_18129_length_1397_cov_3.230253_1	43.4	159
011_11_RA17_GMCF3029a.meta__NODE_224_length_5064_cov_10.771811_3	012_12_RA18_GMCF3029a.sc__NODE_34112_length_1078_cov_1.143695_1	33.1	236
011_11_RA17_GMCF3029a.meta__NODE_474_length_3961_cov_5.335381_3	011_11_RA17_GMCF3029a.meta__NODE_474_length_3961_cov_5.335381_3	100	637
011_11_RA17_GMCF3029a.meta__NODE_474_length_3961_cov_5.335381_3	011_11_RA17_GMCF3029a.sc__NODE_2819_length_2023_cov_5.811484_2	100	636
011_11_RA17_GMCF3029a.meta__NODE_474_length_3961_cov_5.335381_3	012_12_RA18_GMCF3029a.sc__NODE_19488_length_1355_cov_4.950769_1	100	436
011_11_RA17_GMCF3029a.meta__NODE_474_length_3961_cov_5.335381_3	012_12_RA18_GMCF3029a.meta__NODE_8842_length_1651_cov_3.550752_1	82.4	478
011_11_RA17_GMCF3029a.meta__NODE_474_length_3961_cov_5.335381_3	014_14_RA23_GMCF3029a.sc__NODE_22759_length_1284_cov_3.219691_1	79.8	406
011_11_RA17_GMCF3029a.meta__NODE_474_length_3961_cov_5.335381_3	014_14_RA23_GMCF3029a.meta__NODE_17711_length_1230_cov_3.954894_2	100	273
011_11_RA17_GMCF3029a.meta__NODE_474_length_3961_cov_5.335381_3	014_14_RA23_GMCF3029a.sc__NODE_25134_length_1230_cov_3.954894_2	100	273
011_11_RA17_GMCF3029a.meta__NODE_474_length_3961_cov_5.335381_3	013_13_RA22_GMCF3029a.sc__NODE_13165_length_1199_cov_2.816434_1	55.4	354
011_11_RA17_GMCF3029a.meta__NODE_474_length_3961_cov_5.335381_3	012_12_RA18_GMCF3029a.meta__NODE_119542_length_560_cov_3.746535_1	99.5	186
011_11_RA17_GMCF3029a.meta__NODE_474_length_3961_cov_5.335381_3	012_12_RA18_GMCF3029a.sc__NODE_79709_length_764_cov_2.882934_1	66.4	253
011_11_RA17_GMCF3029a.meta__NODE_474_length_3961_cov_5.335381_3	012_12_RA18_GMCF3029a.meta__NODE_55520_length_763_cov_2.912429_1	66.1	251
011_11_RA17_GMCF3029a.meta__NODE_474_length_3961_cov_5.335381_3	013_13_RA22_GMCF3029a.meta__NODE_22959_length_845_cov_3.321519_1	59.0	271
011_11_RA17_GMCF3029a.meta__NODE_474_length_3961_cov_5.335381_3	012_12_RA18_GMCF3029a.sc__NODE_18129_length_1397_cov_3.230253_1	84.9	172
011_11_RA17_GMCF3029a.meta__NODE_474_length_3961_cov_5.335381_3	012_12_RA18_GMCF3029a.sc__NODE_1900_length_3632_cov_3.671792_4	30.8	616
011_11_RA17_GMCF3029a.meta__NODE_474_length_3961_cov_5.335381_3	012_12_RA18_GMCF3029a.sc__NODE_34112_length_1078_cov_1.143695_1	48.2	222
011_11_RA17_GMCF3029a.meta__NODE_474_length_3961_cov_5.335381_3	011_11_RA17_GMCF3029a.sc__NODE_9992_length_1327_cov_1.573113_1	30.0	456
011_11_RA17_GMCF3029a.meta__NODE_474_length_3961_cov_5.335381_3	013_13_RA22_GMCF3029a.sc__NODE_4121_length_1894_cov_2.593801_2	30.1	469
011_11_RA17_GMCF3029a.meta__NODE_474_length_3961_cov_5.335381_3	011_11_RA17_GMCF3029a.sc__NODE_40381_length_809_cov_2.041114_1	51.2	168
011_11_RA17_GMCF3029a.meta__NODE_474_length_3961_cov_5.335381_3	011_11_RA17_GMCF3029a.sc__NODE_16235_length_1119_cov_3.645677_1	27.8	392
011_11_RA17_GMCF3029a.meta__NODE_474_length_3961_cov_5.335381_3	012_12_RA18_GMCF3029a.sc__NODE_25425_length_1215_cov_3.584483_1	28.9	422
011_11_RA17_GMCF3029a.meta__NODE_474_length_3961_cov_5.335381_3	012_12_RA18_GMCF3029a.meta__NODE_35266_length_921_cov_2.075058_1	30.2	311
011_11_RA17_GMCF3029a.meta__NODE_1184_length_2902_cov_6.685634_1	010_10_RA16_GMCF3029a.sc__NODE_1218_length_2862_cov_8.169932_1	100	563
011_11_RA17_GMCF3029a.meta__NODE_1184_length_2902_cov_6.685634_1	011_11_RA17_GMCF3029a.meta__NODE_1184_length_2902_cov_6.685634_1	100	563
011_11_RA17_GMCF3029a.meta__NODE_1184_length_2902_cov_6.685634_1	012_12_RA18_GMCF3029a.sc__NODE_14752_length_1522_cov_2.741650_1	87.9	464
011_11_RA17_GMCF3029a.meta__NODE_1184_length_2902_cov_6.685634_1	011_11_RA17_GMCF3029a.sc__NODE_13048_length_1208_cov_6.758890_1	100	402
011_11_RA17_GMCF3029a.meta__NODE_1184_length_2902_cov_6.685634_1	012_12_RA18_GMCF3029a.meta__NODE_20436_length_1159_cov_7.259058_1	86.3	320
011_11_RA17_GMCF3029a.meta__NODE_1184_length_2902_cov_6.685634_1	013_13_RA22_GMCF3029a.sc__NODE_4121_length_1894_cov_2.593801_2	87.7	260
011_11_RA17_GMCF3029a.meta__NODE_1184_length_2902_cov_6.685634_1	012_12_RA18_GMCF3029a.sc__NODE_25425_length_1215_cov_3.584483_1	92.7	218
011_11_RA17_GMCF3029a.meta__NODE_1184_length_2902_cov_6.685634_1	011_11_RA17_GMCF3029a.sc__NODE_16235_length_1119_cov_3.645677_1	73.5	253
011_11_RA17_GMCF3029a.meta__NODE_1184_length_2902_cov_6.685634_1	012_12_RA18_GMCF3029a.sc__NODE_122956_length_644_cov_1.850594_1	83.6	213
011_11_RA17_GMCF3029a.meta__NODE_1184_length_2902_cov_6.685634_1	014_14_RA23_GMCF3029a.meta__NODE_816_length_3395_cov_8.819162_1	35.1	555
011_11_RA17_GMCF3029a.meta__NODE_1184_length_2902_cov_6.685634_1	010_10_RA16_GMCF3029a.sc__NODE_474_length_3931_cov_13.201238_2	35.1	555
011_11_RA17_GMCF3029a.meta__NODE_1184_length_2902_cov_6.685634_1	011_11_RA17_GMCF3029a.meta__NODE_224_length_5064_cov_10.771811_3	35.1	555
011_11_RA17_GMCF3029a.meta__NODE_1184_length_2902_cov_6.685634_1	012_12_RA18_GMCF3029a.meta__NODE_835_length_4242_cov_15.534989_2	35.1	555
011_11_RA17_GMCF3029a.meta__NODE_1184_length_2902_cov_6.685634_1	012_12_RA18_GMCF3029a.sc__NODE_2306_length_3341_cov_12.778150_3	35.1	555
011_11_RA17_GMCF3029a.meta__NODE_1184_length_2902_cov_6.685634_1	014_14_RA23_GMCF3029a.sc__NODE_533_length_5213_cov_7.401706_3	35.1	555
011_11_RA17_GMCF3029a.meta__NODE_1184_length_2902_cov_6.685634_1	011_11_RA17_GMCF3029a.sc__NODE_9992_length_1327_cov_1.573113_1	39.7	295
011_11_RA17_GMCF3029a.meta__NODE_1184_length_2902_cov_6.685634_1	012_12_RA18_GMCF3029a.sc__NODE_83862_length_749_cov_2.112392_1	42.0	245
011_11_RA17_GMCF3029a.meta__NODE_1184_length_2902_cov_6.685634_1	012_12_RA18_GMCF3029a.meta__NODE_52305_length_782_cov_1.971114_1	41.6	245
011_11_RA17_GMCF3029a.meta__NODE_1184_length_2902_cov_6.685634_1	013_13_RA22_GMCF3029a.sc__NODE_13165_length_1199_cov_2.816434_1	30.8	406
011_11_RA17_GMCF3029a.meta__NODE_1184_length_2902_cov_6.685634_1	012_12_RA18_GMCF3029a.meta__NODE_35266_length_921_cov_2.075058_1	37.4	246
011_11_RA17_GMCF3029a.meta__NODE_1184_length_2902_cov_6.685634_1	013_13_RA22_GMCF3029a.meta__NODE_22959_length_845_cov_3.321519_1	31.6	285
011_11_RA17_GMCF3029a.meta__NODE_1184_length_2902_cov_6.685634_1	011_11_RA17_GMCF3029a.sc__NODE_40381_length_809_cov_2.041114_1	33.0	185
011_11_RA17_GMCF3029a.meta__NODE_1184_length_2902_cov_6.685634_1	012_12_RA18_GMCF3029a.sc__NODE_34112_length_1078_cov_1.143695_1	30.0	237
011_11_RA17_GMCF3029a.sc__NODE_2819_length_2023_cov_5.811484_2	011_11_RA17_GMCF3029a.meta__NODE_474_length_3961_cov_5.335381_3	100	636
011_11_RA17_GMCF3029a.sc__NODE_2819_length_2023_cov_5.811484_2	011_11_RA17_GMCF3029a.sc__NODE_2819_length_2023_cov_5.811484_2	100	636
011_11_RA17_GMCF3029a.sc__NODE_2819_length_2023_cov_5.811484_2	012_12_RA18_GMCF3029a.sc__NODE_19488_length_1355_cov_4.950769_1	100	436
011_11_RA17_GMCF3029a.sc__NODE_2819_length_2023_cov_5.811484_2	012_12_RA18_GMCF3029a.meta__NODE_8842_length_1651_cov_3.550752_1	82.4	477
011_11_RA17_GMCF3029a.sc__NODE_2819_length_2023_cov_5.811484_2	014_14_RA23_GMCF3029a.sc__NODE_22759_length_1284_cov_3.219691_1	79.8	405
011_11_RA17_GMCF3029a.sc__NODE_2819_length_2023_cov_5.811484_2	014_14_RA23_GMCF3029a.meta__NODE_17711_length_1230_cov_3.954894_2	100	272
011_11_RA17_GMCF3029a.sc__NODE_2819_length_2023_cov_5.811484_2	014_14_RA23_GMCF3029a.sc__NODE_25134_length_1230_cov_3.954894_2	100	272
011_11_RA17_GMCF3029a.sc__NODE_2819_length_2023_cov_5.811484_2	013_13_RA22_GMCF3029a.sc__NODE_13165_length_1199_cov_2.816434_1	55.4	354
011_11_RA17_GMCF3029a.sc__NODE_2819_length_2023_cov_5.811484_2	012_12_RA18_GMCF3029a.meta__NODE_119542_length_560_cov_3.746535_1	99.5	186
011_11_RA17_GMCF3029a.sc__NODE_2819_length_2023_cov_5.811484_2	012_12_RA18_GMCF3029a.sc__NODE_79709_length_764_cov_2.882934_1	66.4	253
011_11_RA17_GMCF3029a.sc__NODE_2819_length_2023_cov_5.811484_2	012_12_RA18_GMCF3029a.meta__NODE_55520_length_763_cov_2.912429_1	66.1	251
011_11_RA17_GMCF3029a.sc__NODE_2819_length_2023_cov_5.811484_2	013_13_RA22_GMCF3029a.meta__NODE_22959_length_845_cov_3.321519_1	59.0	271
011_11_RA17_GMCF3029a.sc__NODE_2819_length_2023_cov_5.811484_2	012_12_RA18_GMCF3029a.sc__NODE_18129_length_1397_cov_3.230253_1	84.8	171
011_11_RA17_GMCF3029a.sc__NODE_2819_length_2023_cov_5.811484_2	012_12_RA18_GMCF3029a.sc__NODE_1900_length_3632_cov_3.671792_4	30.8	616
011_11_RA17_GMCF3029a.sc__NODE_2819_length_2023_cov_5.811484_2	012_12_RA18_GMCF3029a.sc__NODE_34112_length_1078_cov_1.143695_1	48.2	222
011_11_RA17_GMCF3029a.sc__NODE_2819_length_2023_cov_5.811484_2	011_11_RA17_GMCF3029a.sc__NODE_9992_length_1327_cov_1.573113_1	30.0	456
011_11_RA17_GMCF3029a.sc__NODE_2819_length_2023_cov_5.811484_2	013_13_RA22_GMCF3029a.sc__NODE_4121_length_1894_cov_2.593801_2	30.1	469
011_11_RA17_GMCF3029a.sc__NODE_2819_length_2023_cov_5.811484_2	011_11_RA17_GMCF3029a.sc__NODE_40381_length_809_cov_2.041114_1	51.2	168
011_11_RA17_GMCF3029a.sc__NODE_2819_length_2023_cov_5.811484_2	011_11_RA17_GMCF3029a.sc__NODE_16235_length_1119_cov_3.645677_1	27.8	392
011_11_RA17_GMCF3029a.sc__NODE_2819_length_2023_cov_5.811484_2	012_12_RA18_GMCF3029a.sc__NODE_25425_length_1215_cov_3.584483_1	28.9	422
011_11_RA17_GMCF3029a.sc__NODE_2819_length_2023_cov_5.811484_2	012_12_RA18_GMCF3029a.meta__NODE_35266_length_921_cov_2.075058_1	30.2	311
011_11_RA17_GMCF3029a.sc__NODE_9992_length_1327_cov_1.573113_1	011_11_RA17_GMCF3029a.sc__NODE_9992_length_1327_cov_1.573113_1	100	441
011_11_RA17_GMCF3029a.sc__NODE_9992_length_1327_cov_1.573113_1	012_12_RA18_GMCF3029a.meta__NODE_35266_length_921_cov_2.075058_1	99.0	306
011_11_RA17_GMCF3029a.sc__NODE_9992_length_1327_cov_1.573113_1	010_10_RA16_GMCF3029a.sc__NODE_1218_length_2862_cov_8.169932_1	40.3	355
011_11_RA17_GMCF3029a.sc__NODE_9992_length_1327_cov_1.573113_1	012_12_RA18_GMCF3029a.meta__NODE_20436_length_1159_cov_7.259058_1	38.4	341
011_11_RA17_GMCF3029a.sc__NODE_9992_length_1327_cov_1.573113_1	013_13_RA22_GMCF3029a.sc__NODE_4121_length_1894_cov_2.593801_2	34.8	408
011_11_RA17_GMCF3029a.sc__NODE_9992_length_1327_cov_1.573113_1	012_12_RA18_GMCF3029a.sc__NODE_14752_length_1522_cov_2.741650_1	39.0	349
011_11_RA17_GMCF3029a.sc__NODE_9992_length_1327_cov_1.573113_1	011_11_RA17_GMCF3029a.sc__NODE_16235_length_1119_cov_3.645677_1	34.0	379
011_11_RA17_GMCF3029a.sc__NODE_9992_length_1327_cov_1.573113_1	011_11_RA17_GMCF3029a.sc__NODE_13048_length_1208_cov_6.758890_1	39.3	308
011_11_RA17_GMCF3029a.sc__NODE_9992_length_1327_cov_1.573113_1	012_12_RA18_GMCF3029a.sc__NODE_25425_length_1215_cov_3.584483_1	34.5	351
011_11_RA17_GMCF3029a.sc__NODE_9992_length_1327_cov_1.573113_1	011_11_RA17_GMCF3029a.meta__NODE_1184_length_2902_cov_6.685634_1	39.3	308
011_11_RA17_GMCF3029a.sc__NODE_9992_length_1327_cov_1.573113_1	011_11_RA17_GMCF3029a.sc__NODE_2819_length_2023_cov_5.811484_2	30.0	456
011_11_RA17_GMCF3029a.sc__NODE_9992_length_1327_cov_1.573113_1	011_11_RA17_GMCF3029a.meta__NODE_474_length_3961_cov_5.335381_3	30.0	456
011_11_RA17_GMCF3029a.sc__NODE_9992_length_1327_cov_1.573113_1	012_12_RA18_GMCF3029a.sc__NODE_1900_length_3632_cov_3.671792_4	27.9	444
011_11_RA17_GMCF3029a.sc__NODE_9992_length_1327_cov_1.573113_1	012_12_RA18_GMCF3029a.sc__NODE_19488_length_1355_cov_4.950769_1	30.4	368
011_11_RA17_GMCF3029a.sc__NODE_11077_length_1282_cov_11.607987_1	011_11_RA17_GMCF3029a.sc__NODE_11077_length_1282_cov_11.607987_1	100	426
011_11_RA17_GMCF3029a.sc__NODE_11077_length_1282_cov_11.607987_1	014_14_RA23_GMCF3029a.meta__NODE_816_length_3395_cov_8.819162_1	100	426
011_11_RA17_GMCF3029a.sc__NODE_11077_length_1282_cov_11.607987_1	010_10_RA16_GMCF3029a.sc__NODE_474_length_3931_cov_13.201238_2	100	426
011_11_RA17_GMCF3029a.sc__NODE_11077_length_1282_cov_11.607987_1	011_11_RA17_GMCF3029a.meta__NODE_224_length_5064_cov_10.771811_3	100	426
011_11_RA17_GMCF3029a.sc__NODE_11077_length_1282_cov_11.607987_1	012_12_RA18_GMCF3029a.meta__NODE_835_length_4242_cov_15.534989_2	100	426
011_11_RA17_GMCF3029a.sc__NODE_11077_length_1282_cov_11.607987_1	012_12_RA18_GMCF3029a.sc__NODE_2306_length_3341_cov_12.778150_3	100	426
011_11_RA17_GMCF3029a.sc__NODE_11077_length_1282_cov_11.607987_1	014_14_RA23_GMCF3029a.sc__NODE_533_length_5213_cov_7.401706_3	100	426
011_11_RA17_GMCF3029a.sc__NODE_11077_length_1282_cov_11.607987_1	010_10_RA16_GMCF3029a.meta__NODE_7413_length_1168_cov_11.323450_1	100	320
011_11_RA17_GMCF3029a.sc__NODE_11077_length_1282_cov_11.607987_1	012_12_RA18_GMCF3029a.sc__NODE_1900_length_3632_cov_3.671792_4	71.2	427
011_11_RA17_GMCF3029a.sc__NODE_13048_length_1208_cov_6.758890_1	011_11_RA17_GMCF3029a.sc__NODE_13048_length_1208_cov_6.758890_1	100	402
011_11_RA17_GMCF3029a.sc__NODE_13048_length_1208_cov_6.758890_1	011_11_RA17_GMCF3029a.meta__NODE_1184_length_2902_cov_6.685634_1	100	402
011_11_RA17_GMCF3029a.sc__NODE_13048_length_1208_cov_6.758890_1	010_10_RA16_GMCF3029a.sc__NODE_1218_length_2862_cov_8.169932_1	100	402
011_11_RA17_GMCF3029a.sc__NODE_13048_length_1208_cov_6.758890_1	012_12_RA18_GMCF3029a.sc__NODE_14752_length_1522_cov_2.741650_1	87.8	403
011_11_RA17_GMCF3029a.sc__NODE_13048_length_1208_cov_6.758890_1	012_12_RA18_GMCF3029a.meta__NODE_20436_length_1159_cov_7.259058_1	86.3	320
011_11_RA17_GMCF3029a.sc__NODE_13048_length_1208_cov_6.758890_1	013_13_RA22_GMCF3029a.sc__NODE_4121_length_1894_cov_2.593801_2	87.7	260
011_11_RA17_GMCF3029a.sc__NODE_13048_length_1208_cov_6.758890_1	012_12_RA18_GMCF3029a.sc__NODE_25425_length_1215_cov_3.584483_1	92.7	218
011_11_RA17_GMCF3029a.sc__NODE_13048_length_1208_cov_6.758890_1	011_11_RA17_GMCF3029a.sc__NODE_16235_length_1119_cov_3.645677_1	73.5	253
011_11_RA17_GMCF3029a.sc__NODE_13048_length_1208_cov_6.758890_1	012_12_RA18_GMCF3029a.sc__NODE_122956_length_644_cov_1.850594_1	83.6	213
011_11_RA17_GMCF3029a.sc__NODE_13048_length_1208_cov_6.758890_1	011_11_RA17_GMCF3029a.sc__NODE_9992_length_1327_cov_1.573113_1	39.7	295
011_11_RA17_GMCF3029a.sc__NODE_13048_length_1208_cov_6.758890_1	012_12_RA18_GMCF3029a.meta__NODE_35266_length_921_cov_2.075058_1	37.4	246
011_11_RA17_GMCF3029a.sc__NODE_13048_length_1208_cov_6.758890_1	013_13_RA22_GMCF3029a.meta__NODE_22959_length_845_cov_3.321519_1	31.6	285
011_11_RA17_GMCF3029a.sc__NODE_13048_length_1208_cov_6.758890_1	013_13_RA22_GMCF3029a.sc__NODE_13165_length_1199_cov_2.816434_1	31.6	285
011_11_RA17_GMCF3029a.sc__NODE_13048_length_1208_cov_6.758890_1	011_11_RA17_GMCF3029a.sc__NODE_40381_length_809_cov_2.041114_1	33.0	185
011_11_RA17_GMCF3029a.sc__NODE_13048_length_1208_cov_6.758890_1	012_12_RA18_GMCF3029a.sc__NODE_34112_length_1078_cov_1.143695_1	33.0	179
011_11_RA17_GMCF3029a.sc__NODE_16235_length_1119_cov_3.645677_1	011_11_RA17_GMCF3029a.sc__NODE_16235_length_1119_cov_3.645677_1	100	373
011_11_RA17_GMCF3029a.sc__NODE_16235_length_1119_cov_3.645677_1	013_13_RA22_GMCF3029a.sc__NODE_4121_length_1894_cov_2.593801_2	75.4	374
011_11_RA17_GMCF3029a.sc__NODE_16235_length_1119_cov_3.645677_1	012_12_RA18_GMCF3029a.sc__NODE_25425_length_1215_cov_3.584483_1	75.4	338
011_11_RA17_GMCF3029a.sc__NODE_16235_length_1119_cov_3.645677_1	012_12_RA18_GMCF3029a.meta__NODE_20436_length_1159_cov_7.259058_1	75.0	316
011_11_RA17_GMCF3029a.sc__NODE_16235_length_1119_cov_3.645677_1	010_10_RA16_GMCF3029a.sc__NODE_1218_length_2862_cov_8.169932_1	73.5	310
011_11_RA17_GMCF3029a.sc__NODE_16235_length_1119_cov_3.645677_1	012_12_RA18_GMCF3029a.sc__NODE_14752_length_1522_cov_2.741650_1	74.9	295
011_11_RA17_GMCF3029a.sc__NODE_16235_length_1119_cov_3.645677_1	011_11_RA17_GMCF3029a.sc__NODE_13048_length_1208_cov_6.758890_1	73.5	253
011_11_RA17_GMCF3029a.sc__NODE_16235_length_1119_cov_3.645677_1	011_11_RA17_GMCF3029a.meta__NODE_1184_length_2902_cov_6.685634_1	73.5	253
011_11_RA17_GMCF3029a.sc__NODE_16235_length_1119_cov_3.645677_1	012_12_RA18_GMCF3029a.sc__NODE_122956_length_644_cov_1.850594_1	71.1	211
011_11_RA17_GMCF3029a.sc__NODE_16235_length_1119_cov_3.645677_1	011_11_RA17_GMCF3029a.sc__NODE_9992_length_1327_cov_1.573113_1	34.0	379
011_11_RA17_GMCF3029a.sc__NODE_16235_length_1119_cov_3.645677_1	012_12_RA18_GMCF3029a.meta__NODE_35266_length_921_cov_2.075058_1	36.6	295
011_11_RA17_GMCF3029a.sc__NODE_16235_length_1119_cov_3.645677_1	010_10_RA16_GMCF3029a.sc__NODE_474_length_3931_cov_13.201238_2	32.7	382
011_11_RA17_GMCF3029a.sc__NODE_16235_length_1119_cov_3.645677_1	011_11_RA17_GMCF3029a.meta__NODE_224_length_5064_cov_10.771811_3	32.7	382
011_11_RA17_GMCF3029a.sc__NODE_16235_length_1119_cov_3.645677_1	012_12_RA18_GMCF3029a.meta__NODE_835_length_4242_cov_15.534989_2	32.7	382
011_11_RA17_GMCF3029a.sc__NODE_16235_length_1119_cov_3.645677_1	012_12_RA18_GMCF3029a.sc__NODE_2306_length_3341_cov_12.778150_3	32.7	382
011_11_RA17_GMCF3029a.sc__NODE_16235_length_1119_cov_3.645677_1	014_14_RA23_GMCF3029a.sc__NODE_533_length_5213_cov_7.401706_3	32.7	382
011_11_RA17_GMCF3029a.sc__NODE_16235_length_1119_cov_3.645677_1	010_10_RA16_GMCF3029a.meta__NODE_7413_length_1168_cov_11.323450_1	32.2	373
011_11_RA17_GMCF3029a.sc__NODE_16235_length_1119_cov_3.645677_1	011_11_RA17_GMCF3029a.sc__NODE_2819_length_2023_cov_5.811484_2	27.8	392
011_11_RA17_GMCF3029a.sc__NODE_16235_length_1119_cov_3.645677_1	011_11_RA17_GMCF3029a.meta__NODE_474_length_3961_cov_5.335381_3	27.8	392
011_11_RA17_GMCF3029a.sc__NODE_16235_length_1119_cov_3.645677_1	012_12_RA18_GMCF3029a.sc__NODE_19488_length_1355_cov_4.950769_1	29.7	320
011_11_RA17_GMCF3029a.sc__NODE_39565_length_815_cov_2.514474_1	011_11_RA17_GMCF3029a.sc__NODE_39565_length_815_cov_2.514474_1	100	271
011_11_RA17_GMCF3029a.sc__NODE_39565_length_815_cov_2.514474_1	013_13_RA22_GMCF3029a.meta__NODE_65577_length_556_cov_2.227545_1	99.5	184
011_11_RA17_GMCF3029a.sc__NODE_39565_length_815_cov_2.514474_1	013_13_RA22_GMCF3029a.sc__NODE_86808_length_556_cov_2.227545_1	99.5	184
011_11_RA17_GMCF3029a.sc__NODE_39565_length_815_cov_2.514474_1	013_13_RA22_GMCF3029a.meta__NODE_24287_length_825_cov_2.761039_1	85.0	207
011_11_RA17_GMCF3029a.sc__NODE_39565_length_815_cov_2.514474_1	013_13_RA22_GMCF3029a.sc__NODE_6654_length_1568_cov_2.377396_1	84.1	201
011_11_RA17_GMCF3029a.sc__NODE_39565_length_815_cov_2.514474_1	012_12_RA18_GMCF3029a.sc__NODE_56639_length_876_cov_1.556638_1	94.6	168
011_11_RA17_GMCF3029a.sc__NODE_39565_length_815_cov_2.514474_1	014_14_RA23_GMCF3029a.meta__NODE_33743_length_949_cov_3.372483_1	72.0	125
011_11_RA17_GMCF3029a.sc__NODE_39565_length_815_cov_2.514474_1	014_14_RA23_GMCF3029a.sc__NODE_44567_length_949_cov_3.372483_1	72.0	125
011_11_RA17_GMCF3029a.sc__NODE_40381_length_809_cov_2.041114_1	011_11_RA17_GMCF3029a.sc__NODE_40381_length_809_cov_2.041114_1	100	269
011_11_RA17_GMCF3029a.sc__NODE_40381_length_809_cov_2.041114_1	012_12_RA18_GMCF3029a.sc__NODE_34112_length_1078_cov_1.143695_1	98.2	168
011_11_RA17_GMCF3029a.sc__NODE_40381_length_809_cov_2.041114_1	012_12_RA18_GMCF3029a.meta__NODE_119542_length_560_cov_3.746535_1	51.2	168
011_11_RA17_GMCF3029a.sc__NODE_40381_length_809_cov_2.041114_1	012_12_RA18_GMCF3029a.meta__NODE_8842_length_1651_cov_3.550752_1	54.2	168
011_11_RA17_GMCF3029a.sc__NODE_40381_length_809_cov_2.041114_1	014_14_RA23_GMCF3029a.meta__NODE_17711_length_1230_cov_3.954894_2	51.2	168
011_11_RA17_GMCF3029a.sc__NODE_40381_length_809_cov_2.041114_1	014_14_RA23_GMCF3029a.sc__NODE_25134_length_1230_cov_3.954894_2	51.2	168
011_11_RA17_GMCF3029a.sc__NODE_40381_length_809_cov_2.041114_1	013_13_RA22_GMCF3029a.meta__NODE_22959_length_845_cov_3.321519_1	46.5	172
011_11_RA17_GMCF3029a.sc__NODE_40381_length_809_cov_2.041114_1	013_13_RA22_GMCF3029a.sc__NODE_13165_length_1199_cov_2.816434_1	44.9	185
011_11_RA17_GMCF3029a.sc__NODE_40381_length_809_cov_2.041114_1	011_11_RA17_GMCF3029a.sc__NODE_2819_length_2023_cov_5.811484_2	51.2	168
011_11_RA17_GMCF3029a.sc__NODE_40381_length_809_cov_2.041114_1	011_11_RA17_GMCF3029a.meta__NODE_474_length_3961_cov_5.335381_3	51.2	168
011_11_RA17_GMCF3029a.sc__NODE_40381_length_809_cov_2.041114_1	014_14_RA23_GMCF3029a.sc__NODE_22759_length_1284_cov_3.219691_1	50.6	168
011_11_RA17_GMCF3029a.sc__NODE_40381_length_809_cov_2.041114_1	012_12_RA18_GMCF3029a.sc__NODE_19488_length_1355_cov_4.950769_1	52.6	154
011_11_RA17_GMCF3029a.sc__NODE_40381_length_809_cov_2.041114_1	012_12_RA18_GMCF3029a.meta__NODE_55520_length_763_cov_2.912429_1	47.6	124
011_11_RA17_GMCF3029a.sc__NODE_40381_length_809_cov_2.041114_1	012_12_RA18_GMCF3029a.sc__NODE_79709_length_764_cov_2.882934_1	47.6	124
011_11_RA17_GMCF3029a.sc__NODE_40381_length_809_cov_2.041114_1	011_11_RA17_GMCF3029a.sc__NODE_13048_length_1208_cov_6.758890_1	33.0	185
011_11_RA17_GMCF3029a.sc__NODE_40381_length_809_cov_2.041114_1	011_11_RA17_GMCF3029a.meta__NODE_1184_length_2902_cov_6.685634_1	33.0	185
011_11_RA17_GMCF3029a.sc__NODE_40381_length_809_cov_2.041114_1	010_10_RA16_GMCF3029a.sc__NODE_1218_length_2862_cov_8.169932_1	33.0	185
011_11_RA17_GMCF3029a.sc__NODE_40381_length_809_cov_2.041114_1	012_12_RA18_GMCF3029a.sc__NODE_18129_length_1397_cov_3.230253_1	51.8	85
011_11_RA17_GMCF3029a.sc__NODE_55900_length_718_cov_3.333333_1	011_11_RA17_GMCF3029a.sc__NODE_55900_length_718_cov_3.333333_1	100	218
011_11_RA17_GMCF3029a.sc__NODE_55900_length_718_cov_3.333333_1	014_14_RA23_GMCF3029a.meta__NODE_16155_length_1274_cov_3.269893_1	58.4	214
011_11_RA17_GMCF3029a.sc__NODE_55900_length_718_cov_3.333333_1	014_14_RA23_GMCF3029a.sc__NODE_21321_length_1322_cov_3.225730_1	58.4	214
011_11_RA17_GMCF3029a.sc__NODE_55900_length_718_cov_3.333333_1	012_12_RA18_GMCF3029a.sc__NODE_42093_length_988_cov_1.807074_1	32.1	215
011_11_RA17_GMCF3029a.sc__NODE_96723_length_588_cov_1.512195_1	011_11_RA17_GMCF3029a.sc__NODE_96723_length_588_cov_1.512195_1	100	195
011_11_RA17_GMCF3029a.sc__NODE_96723_length_588_cov_1.512195_1	013_13_RA22_GMCF3029a.meta__NODE_3077_length_1800_cov_2.651576_2	100	121
011_11_RA17_GMCF3029a.sc__NODE_96723_length_588_cov_1.512195_1	013_13_RA22_GMCF3029a.sc__NODE_4631_length_1812_cov_3.529880_2	100	121
011_11_RA17_GMCF3029a.sc__NODE_96723_length_588_cov_1.512195_1	011_11_RA17_GMCF3029a.sc__NODE_126388_length_533_cov_1.531381_1	69.8	106
011_11_RA17_GMCF3029a.sc__NODE_96723_length_588_cov_1.512195_1	012_12_RA18_GMCF3029a.sc__NODE_18185_length_1395_cov_3.590299_2	54.8	124
011_11_RA17_GMCF3029a.sc__NODE_96723_length_588_cov_1.512195_1	012_12_RA18_GMCF3029a.meta__NODE_127982_length_546_cov_1.761711_1	46.9	147
011_11_RA17_GMCF3029a.sc__NODE_96723_length_588_cov_1.512195_1	012_12_RA18_GMCF3029a.sc__NODE_181561_length_552_cov_1.726358_1	46.9	147
011_11_RA17_GMCF3029a.sc__NODE_96723_length_588_cov_1.512195_1	009_9_RA15_GMCF3029a.meta__NODE_30980_length_607_cov_1.697464_1	46.3	149
011_11_RA17_GMCF3029a.sc__NODE_96723_length_588_cov_1.512195_1	009_9_RA15_GMCF3029a.sc__NODE_38030_length_607_cov_1.697464_1	46.3	149
011_11_RA17_GMCF3029a.sc__NODE_96723_length_588_cov_1.512195_1	013_13_RA22_GMCF3029a.sc__NODE_101205_length_521_cov_2.487124_1	42.0	119
011_11_RA17_GMCF3029a.sc__NODE_126388_length_533_cov_1.531381_1	011_11_RA17_GMCF3029a.sc__NODE_126388_length_533_cov_1.531381_1	100	177
011_11_RA17_GMCF3029a.sc__NODE_126388_length_533_cov_1.531381_1	013_13_RA22_GMCF3029a.meta__NODE_3077_length_1800_cov_2.651576_2	75.8	161
011_11_RA17_GMCF3029a.sc__NODE_126388_length_533_cov_1.531381_1	013_13_RA22_GMCF3029a.sc__NODE_4631_length_1812_cov_3.529880_2	75.8	161
011_11_RA17_GMCF3029a.sc__NODE_126388_length_533_cov_1.531381_1	011_11_RA17_GMCF3029a.sc__NODE_96723_length_588_cov_1.512195_1	69.8	106
011_11_RA17_GMCF3029a.sc__NODE_126388_length_533_cov_1.531381_1	012_12_RA18_GMCF3029a.meta__NODE_127982_length_546_cov_1.761711_1	43.9	155
011_11_RA17_GMCF3029a.sc__NODE_126388_length_533_cov_1.531381_1	012_12_RA18_GMCF3029a.sc__NODE_181561_length_552_cov_1.726358_1	45.0	140
011_11_RA17_GMCF3029a.sc__NODE_126388_length_533_cov_1.531381_1	012_12_RA18_GMCF3029a.meta__NODE_90023_length_627_cov_1.737762_1	79.0	62
011_11_RA17_GMCF3029a.sc__NODE_126388_length_533_cov_1.531381_1	012_12_RA18_GMCF3029a.sc__NODE_131653_length_627_cov_1.737762_1	79.0	62
011_11_RA17_GMCF3029a.sc__NODE_126388_length_533_cov_1.531381_1	012_12_RA18_GMCF3029a.sc__NODE_18185_length_1395_cov_3.590299_2	52.6	76
011_11_RA17_GMCF3029a.sc__NODE_126388_length_533_cov_1.531381_1	009_9_RA15_GMCF3029a.meta__NODE_30980_length_607_cov_1.697464_1	41.6	125
011_11_RA17_GMCF3029a.sc__NODE_126388_length_533_cov_1.531381_1	009_9_RA15_GMCF3029a.sc__NODE_38030_length_607_cov_1.697464_1	41.6	125
011_11_RA17_GMCF3029a.sc__NODE_126388_length_533_cov_1.531381_1	012_12_RA18_GMCF3029a.sc__NODE_189926_length_542_cov_1.915811_1	85.4	48
012_12_RA18_GMCF3029a.meta__NODE_835_length_4242_cov_15.534989_2	010_10_RA16_GMCF3029a.sc__NODE_474_length_3931_cov_13.201238_2	100	731
012_12_RA18_GMCF3029a.meta__NODE_835_length_4242_cov_15.534989_2	011_11_RA17_GMCF3029a.meta__NODE_224_length_5064_cov_10.771811_3	100	731
012_12_RA18_GMCF3029a.meta__NODE_835_length_4242_cov_15.534989_2	012_12_RA18_GMCF3029a.meta__NODE_835_length_4242_cov_15.534989_2	100	731
012_12_RA18_GMCF3029a.meta__NODE_835_length_4242_cov_15.534989_2	012_12_RA18_GMCF3029a.sc__NODE_2306_length_3341_cov_12.778150_3	100	731
012_12_RA18_GMCF3029a.meta__NODE_835_length_4242_cov_15.534989_2	014_14_RA23_GMCF3029a.sc__NODE_533_length_5213_cov_7.401706_3	100	731
012_12_RA18_GMCF3029a.meta__NODE_835_length_4242_cov_15.534989_2	014_14_RA23_GMCF3029a.meta__NODE_816_length_3395_cov_8.819162_1	100	630
012_12_RA18_GMCF3029a.meta__NODE_835_length_4242_cov_15.534989_2	011_11_RA17_GMCF3029a.sc__NODE_11077_length_1282_cov_11.607987_1	100	426
012_12_RA18_GMCF3029a.meta__NODE_835_length_4242_cov_15.534989_2	012_12_RA18_GMCF3029a.sc__NODE_1900_length_3632_cov_3.671792_4	70.3	586
012_12_RA18_GMCF3029a.meta__NODE_835_length_4242_cov_15.534989_2	010_10_RA16_GMCF3029a.meta__NODE_7413_length_1168_cov_11.323450_1	100	388
012_12_RA18_GMCF3029a.meta__NODE_835_length_4242_cov_15.534989_2	010_10_RA16_GMCF3029a.sc__NODE_1218_length_2862_cov_8.169932_1	34.7	625
012_12_RA18_GMCF3029a.meta__NODE_835_length_4242_cov_15.534989_2	011_11_RA17_GMCF3029a.meta__NODE_1184_length_2902_cov_6.685634_1	35.1	555
012_12_RA18_GMCF3029a.meta__NODE_835_length_4242_cov_15.534989_2	012_12_RA18_GMCF3029a.meta__NODE_8842_length_1651_cov_3.550752_1	30.7	576
012_12_RA18_GMCF3029a.meta__NODE_835_length_4242_cov_15.534989_2	012_12_RA18_GMCF3029a.sc__NODE_83862_length_749_cov_2.112392_1	44.5	238
012_12_RA18_GMCF3029a.meta__NODE_835_length_4242_cov_15.534989_2	012_12_RA18_GMCF3029a.meta__NODE_52305_length_782_cov_1.971114_1	44.1	238
012_12_RA18_GMCF3029a.meta__NODE_835_length_4242_cov_15.534989_2	011_11_RA17_GMCF3029a.sc__NODE_16235_length_1119_cov_3.645677_1	32.7	382
012_12_RA18_GMCF3029a.meta__NODE_835_length_4242_cov_15.534989_2	012_12_RA18_GMCF3029a.sc__NODE_18129_length_1397_cov_3.230253_1	43.4	159
012_12_RA18_GMCF3029a.meta__NODE_835_length_4242_cov_15.534989_2	012_12_RA18_GMCF3029a.sc__NODE_34112_length_1078_cov_1.143695_1	33.1	236
012_12_RA18_GMCF3029a.meta__NODE_7943_length_1729_cov_2.945042_3	012_12_RA18_GMCF3029a.meta__NODE_7943_length_1729_cov_2.945042_3	100	161
012_12_RA18_GMCF3029a.meta__NODE_7943_length_1729_cov_2.945042_3	012_12_RA18_GMCF3029a.meta__NODE_154737_length_506_cov_3.607539_1	83.3	150
012_12_RA18_GMCF3029a.meta__NODE_7943_length_1729_cov_2.945042_3	013_13_RA22_GMCF3029a.meta__NODE_3077_length_1800_cov_2.651576_2	54.9	153
012_12_RA18_GMCF3029a.meta__NODE_7943_length_1729_cov_2.945042_3	013_13_RA22_GMCF3029a.sc__NODE_4631_length_1812_cov_3.529880_2	54.9	153
012_12_RA18_GMCF3029a.meta__NODE_7943_length_1729_cov_2.945042_3	012_12_RA18_GMCF3029a.meta__NODE_31032_length_972_cov_3.760087_1	46.0	161
012_12_RA18_GMCF3029a.meta__NODE_7943_length_1729_cov_2.945042_3	012_12_RA18_GMCF3029a.sc__NODE_33331_length_1087_cov_3.501938_1	46.0	161
012_12_RA18_GMCF3029a.meta__NODE_7943_length_1729_cov_2.945042_3	012_12_RA18_GMCF3029a.sc__NODE_186631_length_546_cov_1.596741_1	43.2	155
012_12_RA18_GMCF3029a.meta__NODE_7943_length_1729_cov_2.945042_3	014_14_RA23_GMCF3029a.sc__NODE_119942_length_591_cov_2.246269_1	42.9	147
012_12_RA18_GMCF3029a.meta__NODE_7943_length_1729_cov_2.945042_3	012_12_RA18_GMCF3029a.meta__NODE_112497_length_574_cov_1.951830_1	64.0	86
012_12_RA18_GMCF3029a.meta__NODE_7943_length_1729_cov_2.945042_3	012_12_RA18_GMCF3029a.sc__NODE_164220_length_574_cov_2.119461_1	64.0	86
012_12_RA18_GMCF3029a.meta__NODE_7943_length_1729_cov_2.945042_3	012_12_RA18_GMCF3029a.meta__NODE_90023_length_627_cov_1.737762_1	65.8	79
012_12_RA18_GMCF3029a.meta__NODE_7943_length_1729_cov_2.945042_3	012_12_RA18_GMCF3029a.sc__NODE_131653_length_627_cov_1.737762_1	65.8	79
012_12_RA18_GMCF3029a.meta__NODE_7943_length_1729_cov_2.945042_3	014_14_RA23_GMCF3029a.meta__NODE_70438_length_687_cov_3.452532_1	42.9	147
012_12_RA18_GMCF3029a.meta__NODE_7943_length_1729_cov_2.945042_3	014_14_RA23_GMCF3029a.sc__NODE_87737_length_687_cov_3.446203_1	42.9	147
012_12_RA18_GMCF3029a.meta__NODE_7943_length_1729_cov_2.945042_3	012_12_RA18_GMCF3029a.sc__NODE_56639_length_876_cov_1.556638_1	43.9	107
012_12_RA18_GMCF3029a.meta__NODE_7943_length_1729_cov_2.945042_3	014_14_RA23_GMCF3029a.meta__NODE_16155_length_1274_cov_3.269893_1	37.0	154
012_12_RA18_GMCF3029a.meta__NODE_7943_length_1729_cov_2.945042_3	014_14_RA23_GMCF3029a.sc__NODE_21321_length_1322_cov_3.225730_1	37.0	154
012_12_RA18_GMCF3029a.meta__NODE_8842_length_1651_cov_3.550752_1	012_12_RA18_GMCF3029a.meta__NODE_8842_length_1651_cov_3.550752_1	100	550
012_12_RA18_GMCF3029a.meta__NODE_8842_length_1651_cov_3.550752_1	011_11_RA17_GMCF3029a.meta__NODE_474_length_3961_cov_5.335381_3	82.4	478
012_12_RA18_GMCF3029a.meta__NODE_8842_length_1651_cov_3.550752_1	011_11_RA17_GMCF3029a.sc__NODE_2819_length_2023_cov_5.811484_2	82.4	477
012_12_RA18_GMCF3029a.meta__NODE_8842_length_1651_cov_3.550752_1	014_14_RA23_GMCF3029a.sc__NODE_22759_length_1284_cov_3.219691_1	83.1	413
012_12_RA18_GMCF3029a.meta__NODE_8842_length_1651_cov_3.550752_1	012_12_RA18_GMCF3029a.sc__NODE_19488_length_1355_cov_4.950769_1	82.2	383
012_12_RA18_GMCF3029a.meta__NODE_8842_length_1651_cov_3.550752_1	012_12_RA18_GMCF3029a.sc__NODE_18129_length_1397_cov_3.230253_1	100	244
012_12_RA18_GMCF3029a.meta__NODE_8842_length_1651_cov_3.550752_1	014_14_RA23_GMCF3029a.meta__NODE_17711_length_1230_cov_3.954894_2	83.8	278
012_12_RA18_GMCF3029a.meta__NODE_8842_length_1651_cov_3.550752_1	014_14_RA23_GMCF3029a.sc__NODE_25134_length_1230_cov_3.954894_2	83.8	278
012_12_RA18_GMCF3029a.meta__NODE_8842_length_1651_cov_3.550752_1	013_13_RA22_GMCF3029a.sc__NODE_13165_length_1199_cov_2.816434_1	54.5	393
012_12_RA18_GMCF3029a.meta__NODE_8842_length_1651_cov_3.550752_1	012_12_RA18_GMCF3029a.sc__NODE_79709_length_764_cov_2.882934_1	65.6	253
012_12_RA18_GMCF3029a.meta__NODE_8842_length_1651_cov_3.550752_1	012_12_RA18_GMCF3029a.meta__NODE_55520_length_763_cov_2.912429_1	65.3	251
012_12_RA18_GMCF3029a.meta__NODE_8842_length_1651_cov_3.550752_1	012_12_RA18_GMCF3029a.meta__NODE_119542_length_560_cov_3.746535_1	83.3	186
012_12_RA18_GMCF3029a.meta__NODE_8842_length_1651_cov_3.550752_1	013_13_RA22_GMCF3029a.meta__NODE_22959_length_845_cov_3.321519_1	57.9	271
012_12_RA18_GMCF3029a.meta__NODE_8842_length_1651_cov_3.550752_1	012_12_RA18_GMCF3029a.sc__NODE_34112_length_1078_cov_1.143695_1	50.7	221
012_12_RA18_GMCF3029a.meta__NODE_8842_length_1651_cov_3.550752_1	014_14_RA23_GMCF3029a.meta__NODE_816_length_3395_cov_8.819162_1	30.6	576
012_12_RA18_GMCF3029a.meta__NODE_8842_length_1651_cov_3.550752_1	010_10_RA16_GMCF3029a.sc__NODE_474_length_3931_cov_13.201238_2	30.6	576
012_12_RA18_GMCF3029a.meta__NODE_8842_length_1651_cov_3.550752_1	011_11_RA17_GMCF3029a.meta__NODE_224_length_5064_cov_10.771811_3	30.6	576
012_12_RA18_GMCF3029a.meta__NODE_8842_length_1651_cov_3.550752_1	012_12_RA18_GMCF3029a.meta__NODE_835_length_4242_cov_15.534989_2	30.6	576
012_12_RA18_GMCF3029a.meta__NODE_8842_length_1651_cov_3.550752_1	012_12_RA18_GMCF3029a.sc__NODE_2306_length_3341_cov_12.778150_3	30.6	576
012_12_RA18_GMCF3029a.meta__NODE_8842_length_1651_cov_3.550752_1	014_14_RA23_GMCF3029a.sc__NODE_533_length_5213_cov_7.401706_3	30.6	576
012_12_RA18_GMCF3029a.meta__NODE_8842_length_1651_cov_3.550752_1	011_11_RA17_GMCF3029a.sc__NODE_40381_length_809_cov_2.041114_1	54.2	168
012_12_RA18_GMCF3029a.meta__NODE_16396_length_1267_cov_3.018977_2	012_12_RA18_GMCF3029a.meta__NODE_16396_length_1267_cov_3.018977_2	100	258
012_12_RA18_GMCF3029a.meta__NODE_16396_length_1267_cov_3.018977_2	012_12_RA18_GMCF3029a.sc__NODE_23019_length_1267_cov_3.018977_2	100	258
012_12_RA18_GMCF3029a.meta__NODE_16396_length_1267_cov_3.018977_2	010_10_RA16_GMCF3029a.sc__NODE_117_length_6035_cov_9.469231_1	34.7	288
012_12_RA18_GMCF3029a.meta__NODE_16396_length_1267_cov_3.018977_2	010_10_RA16_GMCF3029a.meta__NODE_195_length_3623_cov_8.109305_4	34.7	288
012_12_RA18_GMCF3029a.meta__NODE_16396_length_1267_cov_3.018977_2	014_14_RA23_GMCF3029a.meta__NODE_43878_length_847_cov_1.547980_1	30.7	215
012_12_RA18_GMCF3029a.meta__NODE_16396_length_1267_cov_3.018977_2	014_14_RA23_GMCF3029a.sc__NODE_56711_length_847_cov_1.547980_1	30.7	215
012_12_RA18_GMCF3029a.meta__NODE_20436_length_1159_cov_7.259058_1	012_12_RA18_GMCF3029a.meta__NODE_20436_length_1159_cov_7.259058_1	100	385
012_12_RA18_GMCF3029a.meta__NODE_20436_length_1159_cov_7.259058_1	012_12_RA18_GMCF3029a.sc__NODE_14752_length_1522_cov_2.741650_1	91.2	362
012_12_RA18_GMCF3029a.meta__NODE_20436_length_1159_cov_7.259058_1	010_10_RA16_GMCF3029a.sc__NODE_1218_length_2862_cov_8.169932_1	87.0	376
012_12_RA18_GMCF3029a.meta__NODE_20436_length_1159_cov_7.259058_1	013_13_RA22_GMCF3029a.sc__NODE_4121_length_1894_cov_2.593801_2	97.5	325
012_12_RA18_GMCF3029a.meta__NODE_20436_length_1159_cov_7.259058_1	011_11_RA17_GMCF3029a.sc__NODE_13048_length_1208_cov_6.758890_1	86.5	319
012_12_RA18_GMCF3029a.meta__NODE_20436_length_1159_cov_7.259058_1	011_11_RA17_GMCF3029a.meta__NODE_1184_length_2902_cov_6.685634_1	86.5	319
012_12_RA18_GMCF3029a.meta__NODE_20436_length_1159_cov_7.259058_1	012_12_RA18_GMCF3029a.sc__NODE_25425_length_1215_cov_3.584483_1	87.3	283
012_12_RA18_GMCF3029a.meta__NODE_20436_length_1159_cov_7.259058_1	011_11_RA17_GMCF3029a.sc__NODE_16235_length_1119_cov_3.645677_1	75.0	316
012_12_RA18_GMCF3029a.meta__NODE_20436_length_1159_cov_7.259058_1	012_12_RA18_GMCF3029a.sc__NODE_122956_length_644_cov_1.850594_1	82.2	213
012_12_RA18_GMCF3029a.meta__NODE_20436_length_1159_cov_7.259058_1	011_11_RA17_GMCF3029a.sc__NODE_9992_length_1327_cov_1.573113_1	38.1	341
012_12_RA18_GMCF3029a.meta__NODE_20436_length_1159_cov_7.259058_1	012_12_RA18_GMCF3029a.meta__NODE_35266_length_921_cov_2.075058_1	36.5	293
012_12_RA18_GMCF3029a.meta__NODE_20436_length_1159_cov_7.259058_1	013_13_RA22_GMCF3029a.meta__NODE_22959_length_845_cov_3.321519_1	38.7	181
012_12_RA18_GMCF3029a.meta__NODE_20436_length_1159_cov_7.259058_1	013_13_RA22_GMCF3029a.sc__NODE_13165_length_1199_cov_2.816434_1	38.7	181
012_12_RA18_GMCF3029a.meta__NODE_22376_length_1117_cov_2.559322_2	012_12_RA18_GMCF3029a.meta__NODE_22376_length_1117_cov_2.559322_2	100	281
012_12_RA18_GMCF3029a.meta__NODE_22376_length_1117_cov_2.559322_2	012_12_RA18_GMCF3029a.sc__NODE_31225_length_1117_cov_2.559322_2	100	281
012_12_RA18_GMCF3029a.meta__NODE_22376_length_1117_cov_2.559322_2	009_9_RA15_GMCF3029a.meta__NODE_5979_length_1322_cov_3.063141_1	45.7	276
012_12_RA18_GMCF3029a.meta__NODE_22376_length_1117_cov_2.559322_2	009_9_RA15_GMCF3029a.sc__NODE_4025_length_1815_cov_3.167045_1	45.7	276
012_12_RA18_GMCF3029a.meta__NODE_22376_length_1117_cov_2.559322_2	008_8_RA14_GMCF3029a.meta__NODE_14617_length_802_cov_2.779116_1	44.3	253
012_12_RA18_GMCF3029a.meta__NODE_22376_length_1117_cov_2.559322_2	008_8_RA14_GMCF3029a.sc__NODE_5108_length_1467_cov_3.046742_1	44.7	253
012_12_RA18_GMCF3029a.meta__NODE_22376_length_1117_cov_2.559322_2	010_10_RA16_GMCF3029a.sc__NODE_18706_length_902_cov_5.268005_1	80.3	66
012_12_RA18_GMCF3029a.meta__NODE_22551_length_1113_cov_4.766541_1	012_12_RA18_GMCF3029a.meta__NODE_22551_length_1113_cov_4.766541_1	100	341
012_12_RA18_GMCF3029a.meta__NODE_22551_length_1113_cov_4.766541_1	012_12_RA18_GMCF3029a.sc__NODE_31475_length_1113_cov_4.766541_1	100	341
012_12_RA18_GMCF3029a.meta__NODE_22551_length_1113_cov_4.766541_1	012_12_RA18_GMCF3029a.meta__NODE_120268_length_559_cov_2.402778_1	85.7	49
012_12_RA18_GMCF3029a.meta__NODE_22551_length_1113_cov_4.766541_1	012_12_RA18_GMCF3029a.sc__NODE_175566_length_559_cov_2.375000_1	85.7	49
012_12_RA18_GMCF3029a.meta__NODE_31032_length_972_cov_3.760087_1	012_12_RA18_GMCF3029a.meta__NODE_31032_length_972_cov_3.760087_1	100	264
012_12_RA18_GMCF3029a.meta__NODE_31032_length_972_cov_3.760087_1	012_12_RA18_GMCF3029a.sc__NODE_33331_length_1087_cov_3.501938_1	100	264
012_12_RA18_GMCF3029a.meta__NODE_31032_length_972_cov_3.760087_1	013_13_RA22_GMCF3029a.meta__NODE_3077_length_1800_cov_2.651576_2	43.0	263
012_12_RA18_GMCF3029a.meta__NODE_31032_length_972_cov_3.760087_1	013_13_RA22_GMCF3029a.sc__NODE_4631_length_1812_cov_3.529880_2	43.0	263
012_12_RA18_GMCF3029a.meta__NODE_31032_length_972_cov_3.760087_1	012_12_RA18_GMCF3029a.meta__NODE_7943_length_1729_cov_2.945042_3	46.0	161
012_12_RA18_GMCF3029a.meta__NODE_31032_length_972_cov_3.760087_1	012_12_RA18_GMCF3029a.meta__NODE_112497_length_574_cov_1.951830_1	39.2	189
012_12_RA18_GMCF3029a.meta__NODE_31032_length_972_cov_3.760087_1	012_12_RA18_GMCF3029a.sc__NODE_164220_length_574_cov_2.119461_1	39.2	189
012_12_RA18_GMCF3029a.meta__NODE_31032_length_972_cov_3.760087_1	012_12_RA18_GMCF3029a.meta__NODE_90023_length_627_cov_1.737762_1	38.9	185
012_12_RA18_GMCF3029a.meta__NODE_31032_length_972_cov_3.760087_1	012_12_RA18_GMCF3029a.sc__NODE_131653_length_627_cov_1.737762_1	38.9	185
012_12_RA18_GMCF3029a.meta__NODE_31032_length_972_cov_3.760087_1	012_12_RA18_GMCF3029a.sc__NODE_189926_length_542_cov_1.915811_1	35.3	153
012_12_RA18_GMCF3029a.meta__NODE_35266_length_921_cov_2.075058_1	012_12_RA18_GMCF3029a.meta__NODE_35266_length_921_cov_2.075058_1	100	306
012_12_RA18_GMCF3029a.meta__NODE_35266_length_921_cov_2.075058_1	011_11_RA17_GMCF3029a.sc__NODE_9992_length_1327_cov_1.573113_1	99.0	306
012_12_RA18_GMCF3029a.meta__NODE_35266_length_921_cov_2.075058_1	011_11_RA17_GMCF3029a.sc__NODE_16235_length_1119_cov_3.645677_1	36.6	292
012_12_RA18_GMCF3029a.meta__NODE_35266_length_921_cov_2.075058_1	010_10_RA16_GMCF3029a.sc__NODE_1218_length_2862_cov_8.169932_1	38.9	293
012_12_RA18_GMCF3029a.meta__NODE_35266_length_921_cov_2.075058_1	012_12_RA18_GMCF3029a.meta__NODE_20436_length_1159_cov_7.259058_1	36.9	293
012_12_RA18_GMCF3029a.meta__NODE_35266_length_921_cov_2.075058_1	013_13_RA22_GMCF3029a.sc__NODE_4121_length_1894_cov_2.593801_2	36.5	293
012_12_RA18_GMCF3029a.meta__NODE_35266_length_921_cov_2.075058_1	012_12_RA18_GMCF3029a.sc__NODE_14752_length_1522_cov_2.741650_1	38.0	287
012_12_RA18_GMCF3029a.meta__NODE_35266_length_921_cov_2.075058_1	012_12_RA18_GMCF3029a.sc__NODE_25425_length_1215_cov_3.584483_1	36.8	258
012_12_RA18_GMCF3029a.meta__NODE_35266_length_921_cov_2.075058_1	011_11_RA17_GMCF3029a.sc__NODE_13048_length_1208_cov_6.758890_1	37.4	246
012_12_RA18_GMCF3029a.meta__NODE_35266_length_921_cov_2.075058_1	011_11_RA17_GMCF3029a.meta__NODE_1184_length_2902_cov_6.685634_1	37.4	246
012_12_RA18_GMCF3029a.meta__NODE_35266_length_921_cov_2.075058_1	012_12_RA18_GMCF3029a.sc__NODE_19488_length_1355_cov_4.950769_1	30.2	311
012_12_RA18_GMCF3029a.meta__NODE_35266_length_921_cov_2.075058_1	011_11_RA17_GMCF3029a.sc__NODE_2819_length_2023_cov_5.811484_2	30.2	311
012_12_RA18_GMCF3029a.meta__NODE_35266_length_921_cov_2.075058_1	011_11_RA17_GMCF3029a.meta__NODE_474_length_3961_cov_5.335381_3	30.2	311
012_12_RA18_GMCF3029a.meta__NODE_42745_length_849_cov_2.204030_1	012_12_RA18_GMCF3029a.meta__NODE_42745_length_849_cov_2.204030_1	100	282
012_12_RA18_GMCF3029a.meta__NODE_42745_length_849_cov_2.204030_1	012_12_RA18_GMCF3029a.sc__NODE_61213_length_849_cov_2.204030_1	100	282
012_12_RA18_GMCF3029a.meta__NODE_42745_length_849_cov_2.204030_1	012_12_RA18_GMCF3029a.sc__NODE_45102_length_961_cov_1.683223_1	36.8	277
012_12_RA18_GMCF3029a.meta__NODE_42745_length_849_cov_2.204030_1	012_12_RA18_GMCF3029a.meta__NODE_43493_length_843_cov_1.854061_1	37.9	240
012_12_RA18_GMCF3029a.meta__NODE_42745_length_849_cov_2.204030_1	014_14_RA23_GMCF3029a.meta__NODE_58913_length_744_cov_2.390421_1	42.0	169
012_12_RA18_GMCF3029a.meta__NODE_42745_length_849_cov_2.204030_1	014_14_RA23_GMCF3029a.sc__NODE_74379_length_744_cov_2.436865_1	42.0	169
012_12_RA18_GMCF3029a.meta__NODE_42745_length_849_cov_2.204030_1	012_12_RA18_GMCF3029a.meta__NODE_108838_length_581_cov_3.045627_1	36.8	163
012_12_RA18_GMCF3029a.meta__NODE_42745_length_849_cov_2.204030_1	012_12_RA18_GMCF3029a.sc__NODE_32135_length_1104_cov_1.572927_1	36.4	206
012_12_RA18_GMCF3029a.meta__NODE_42745_length_849_cov_2.204030_1	012_12_RA18_GMCF3029a.sc__NODE_154225_length_588_cov_2.864916_1	37.2	145
012_12_RA18_GMCF3029a.meta__NODE_43493_length_843_cov_1.854061_1	012_12_RA18_GMCF3029a.meta__NODE_43493_length_843_cov_1.854061_1	100	262
012_12_RA18_GMCF3029a.meta__NODE_43493_length_843_cov_1.854061_1	012_12_RA18_GMCF3029a.sc__NODE_45102_length_961_cov_1.683223_1	100	262
012_12_RA18_GMCF3029a.meta__NODE_43493_length_843_cov_1.854061_1	012_12_RA18_GMCF3029a.meta__NODE_108838_length_581_cov_3.045627_1	76.5	119
012_12_RA18_GMCF3029a.meta__NODE_43493_length_843_cov_1.854061_1	012_12_RA18_GMCF3029a.sc__NODE_154225_length_588_cov_2.864916_1	79.8	99
012_12_RA18_GMCF3029a.meta__NODE_43493_length_843_cov_1.854061_1	012_12_RA18_GMCF3029a.meta__NODE_42745_length_849_cov_2.204030_1	38.1	239
012_12_RA18_GMCF3029a.meta__NODE_43493_length_843_cov_1.854061_1	012_12_RA18_GMCF3029a.sc__NODE_61213_length_849_cov_2.204030_1	38.1	239
012_12_RA18_GMCF3029a.meta__NODE_43493_length_843_cov_1.854061_1	014_14_RA23_GMCF3029a.meta__NODE_58913_length_744_cov_2.390421_1	54.7	117
012_12_RA18_GMCF3029a.meta__NODE_43493_length_843_cov_1.854061_1	014_14_RA23_GMCF3029a.sc__NODE_74379_length_744_cov_2.436865_1	54.7	117
012_12_RA18_GMCF3029a.meta__NODE_43493_length_843_cov_1.854061_1	013_13_RA22_GMCF3029a.meta__NODE_3560_length_1709_cov_3.212213_3	41.7	168
012_12_RA18_GMCF3029a.meta__NODE_43493_length_843_cov_1.854061_1	013_13_RA22_GMCF3029a.sc__NODE_3191_length_2099_cov_2.980431_1	41.7	168
012_12_RA18_GMCF3029a.meta__NODE_43493_length_843_cov_1.854061_1	013_13_RA22_GMCF3029a.meta__NODE_4827_length_1527_cov_3.934783_3	37.6	165
012_12_RA18_GMCF3029a.meta__NODE_43493_length_843_cov_1.854061_1	013_13_RA22_GMCF3029a.sc__NODE_7100_length_1527_cov_3.932065_1	37.6	165
012_12_RA18_GMCF3029a.meta__NODE_43493_length_843_cov_1.854061_1	012_12_RA18_GMCF3029a.sc__NODE_32135_length_1104_cov_1.572927_1	36.4	187
012_12_RA18_GMCF3029a.meta__NODE_43493_length_843_cov_1.854061_1	012_12_RA18_GMCF3029a.meta__NODE_113088_length_573_cov_1.494208_1	34.8	187
012_12_RA18_GMCF3029a.meta__NODE_43493_length_843_cov_1.854061_1	013_13_RA22_GMCF3029a.sc__NODE_87294_length_555_cov_1.680000_1	35.1	168
012_12_RA18_GMCF3029a.meta__NODE_52305_length_782_cov_1.971114_1	012_12_RA18_GMCF3029a.meta__NODE_52305_length_782_cov_1.971114_1	100	260
012_12_RA18_GMCF3029a.meta__NODE_52305_length_782_cov_1.971114_1	012_12_RA18_GMCF3029a.sc__NODE_83862_length_749_cov_2.112392_1	99.2	248
012_12_RA18_GMCF3029a.meta__NODE_52305_length_782_cov_1.971114_1	014_14_RA23_GMCF3029a.meta__NODE_816_length_3395_cov_8.819162_1	43.4	242
012_12_RA18_GMCF3029a.meta__NODE_52305_length_782_cov_1.971114_1	010_10_RA16_GMCF3029a.sc__NODE_474_length_3931_cov_13.201238_2	43.4	242
012_12_RA18_GMCF3029a.meta__NODE_52305_length_782_cov_1.971114_1	011_11_RA17_GMCF3029a.meta__NODE_224_length_5064_cov_10.771811_3	43.4	242
012_12_RA18_GMCF3029a.meta__NODE_52305_length_782_cov_1.971114_1	012_12_RA18_GMCF3029a.meta__NODE_835_length_4242_cov_15.534989_2	43.4	242
012_12_RA18_GMCF3029a.meta__NODE_52305_length_782_cov_1.971114_1	012_12_RA18_GMCF3029a.sc__NODE_2306_length_3341_cov_12.778150_3	43.4	242
012_12_RA18_GMCF3029a.meta__NODE_52305_length_782_cov_1.971114_1	014_14_RA23_GMCF3029a.sc__NODE_533_length_5213_cov_7.401706_3	43.4	242
012_12_RA18_GMCF3029a.meta__NODE_52305_length_782_cov_1.971114_1	011_11_RA17_GMCF3029a.meta__NODE_1184_length_2902_cov_6.685634_1	41.6	245
012_12_RA18_GMCF3029a.meta__NODE_52305_length_782_cov_1.971114_1	010_10_RA16_GMCF3029a.sc__NODE_1218_length_2862_cov_8.169932_1	41.6	245
012_12_RA18_GMCF3029a.meta__NODE_55520_length_763_cov_2.912429_1	012_12_RA18_GMCF3029a.meta__NODE_55520_length_763_cov_2.912429_1	100	254
012_12_RA18_GMCF3029a.meta__NODE_55520_length_763_cov_2.912429_1	012_12_RA18_GMCF3029a.sc__NODE_79709_length_764_cov_2.882934_1	98.0	254
012_12_RA18_GMCF3029a.meta__NODE_55520_length_763_cov_2.912429_1	012_12_RA18_GMCF3029a.sc__NODE_19488_length_1355_cov_4.950769_1	65.4	254
012_12_RA18_GMCF3029a.meta__NODE_55520_length_763_cov_2.912429_1	012_12_RA18_GMCF3029a.meta__NODE_8842_length_1651_cov_3.550752_1	64.6	254
012_12_RA18_GMCF3029a.meta__NODE_55520_length_763_cov_2.912429_1	011_11_RA17_GMCF3029a.sc__NODE_2819_length_2023_cov_5.811484_2	65.4	254
012_12_RA18_GMCF3029a.meta__NODE_55520_length_763_cov_2.912429_1	011_11_RA17_GMCF3029a.meta__NODE_474_length_3961_cov_5.335381_3	65.4	254
012_12_RA18_GMCF3029a.meta__NODE_55520_length_763_cov_2.912429_1	014_14_RA23_GMCF3029a.sc__NODE_22759_length_1284_cov_3.219691_1	63.0	254
012_12_RA18_GMCF3029a.meta__NODE_55520_length_763_cov_2.912429_1	013_13_RA22_GMCF3029a.meta__NODE_22959_length_845_cov_3.321519_1	57.0	223
012_12_RA18_GMCF3029a.meta__NODE_55520_length_763_cov_2.912429_1	013_13_RA22_GMCF3029a.sc__NODE_13165_length_1199_cov_2.816434_1	57.0	223
012_12_RA18_GMCF3029a.meta__NODE_55520_length_763_cov_2.912429_1	014_14_RA23_GMCF3029a.meta__NODE_17711_length_1230_cov_3.954894_2	75.0	144
012_12_RA18_GMCF3029a.meta__NODE_55520_length_763_cov_2.912429_1	014_14_RA23_GMCF3029a.sc__NODE_25134_length_1230_cov_3.954894_2	75.0	144
012_12_RA18_GMCF3029a.meta__NODE_55520_length_763_cov_2.912429_1	012_12_RA18_GMCF3029a.meta__NODE_119542_length_560_cov_3.746535_1	73.6	140
012_12_RA18_GMCF3029a.meta__NODE_55520_length_763_cov_2.912429_1	011_11_RA17_GMCF3029a.sc__NODE_40381_length_809_cov_2.041114_1	47.6	124
012_12_RA18_GMCF3029a.meta__NODE_55520_length_763_cov_2.912429_1	012_12_RA18_GMCF3029a.sc__NODE_34112_length_1078_cov_1.143695_1	47.1	119
012_12_RA18_GMCF3029a.meta__NODE_60452_length_737_cov_2.378299_1	012_12_RA18_GMCF3029a.meta__NODE_60452_length_737_cov_2.378299_1	100	218
012_12_RA18_GMCF3029a.meta__NODE_60452_length_737_cov_2.378299_1	012_12_RA18_GMCF3029a.sc__NODE_87312_length_737_cov_2.359238_1	99.5	218
012_12_RA18_GMCF3029a.meta__NODE_60452_length_737_cov_2.378299_1	010_10_RA16_GMCF3029a.meta__NODE_32052_length_633_cov_3.269896_1	52.4	187
012_12_RA18_GMCF3029a.meta__NODE_60452_length_737_cov_2.378299_1	010_10_RA16_GMCF3029a.sc__NODE_39323_length_633_cov_3.269896_1	52.4	187
012_12_RA18_GMCF3029a.meta__NODE_64064_length_719_cov_4.120482_1	012_12_RA18_GMCF3029a.meta__NODE_64064_length_719_cov_4.120482_1	100	178
012_12_RA18_GMCF3029a.meta__NODE_64064_length_719_cov_4.120482_1	012_12_RA18_GMCF3029a.sc__NODE_92777_length_719_cov_4.204819_1	100	178
012_12_RA18_GMCF3029a.meta__NODE_64064_length_719_cov_4.120482_1	014_14_RA23_GMCF3029a.meta__NODE_16155_length_1274_cov_3.269893_1	41.5	147
012_12_RA18_GMCF3029a.meta__NODE_64064_length_719_cov_4.120482_1	014_14_RA23_GMCF3029a.sc__NODE_21321_length_1322_cov_3.225730_1	41.5	147
012_12_RA18_GMCF3029a.meta__NODE_90023_length_627_cov_1.737762_1	012_12_RA18_GMCF3029a.meta__NODE_90023_length_627_cov_1.737762_1	100	208
012_12_RA18_GMCF3029a.meta__NODE_90023_length_627_cov_1.737762_1	012_12_RA18_GMCF3029a.sc__NODE_131653_length_627_cov_1.737762_1	100	208
012_12_RA18_GMCF3029a.meta__NODE_90023_length_627_cov_1.737762_1	013_13_RA22_GMCF3029a.meta__NODE_3077_length_1800_cov_2.651576_2	81.7	208
012_12_RA18_GMCF3029a.meta__NODE_90023_length_627_cov_1.737762_1	013_13_RA22_GMCF3029a.sc__NODE_4631_length_1812_cov_3.529880_2	81.7	208
012_12_RA18_GMCF3029a.meta__NODE_90023_length_627_cov_1.737762_1	012_12_RA18_GMCF3029a.meta__NODE_112497_length_574_cov_1.951830_1	86.0	178
012_12_RA18_GMCF3029a.meta__NODE_90023_length_627_cov_1.737762_1	012_12_RA18_GMCF3029a.sc__NODE_164220_length_574_cov_2.119461_1	86.0	178
012_12_RA18_GMCF3029a.meta__NODE_90023_length_627_cov_1.737762_1	012_12_RA18_GMCF3029a.sc__NODE_189926_length_542_cov_1.915811_1	75.6	156
012_12_RA18_GMCF3029a.meta__NODE_90023_length_627_cov_1.737762_1	012_12_RA18_GMCF3029a.sc__NODE_33331_length_1087_cov_3.501938_1	39.0	213
012_12_RA18_GMCF3029a.meta__NODE_90023_length_627_cov_1.737762_1	012_12_RA18_GMCF3029a.meta__NODE_31032_length_972_cov_3.760087_1	38.9	185
012_12_RA18_GMCF3029a.meta__NODE_90023_length_627_cov_1.737762_1	012_12_RA18_GMCF3029a.meta__NODE_154737_length_506_cov_3.607539_1	64.6	79
012_12_RA18_GMCF3029a.meta__NODE_90023_length_627_cov_1.737762_1	012_12_RA18_GMCF3029a.meta__NODE_7943_length_1729_cov_2.945042_3	65.8	79
012_12_RA18_GMCF3029a.meta__NODE_90023_length_627_cov_1.737762_1	011_11_RA17_GMCF3029a.sc__NODE_126388_length_533_cov_1.531381_1	79.0	62
012_12_RA18_GMCF3029a.meta__NODE_90023_length_627_cov_1.737762_1	012_12_RA18_GMCF3029a.sc__NODE_56639_length_876_cov_1.556638_1	32.5	212
012_12_RA18_GMCF3029a.meta__NODE_102469_length_595_cov_2.203704_1	012_12_RA18_GMCF3029a.meta__NODE_102469_length_595_cov_2.203704_1	100	198
012_12_RA18_GMCF3029a.meta__NODE_102469_length_595_cov_2.203704_1	012_12_RA18_GMCF3029a.sc__NODE_149745_length_595_cov_2.203704_1	100	198
012_12_RA18_GMCF3029a.meta__NODE_102469_length_595_cov_2.203704_1	012_12_RA18_GMCF3029a.meta__NODE_127982_length_546_cov_1.761711_1	53.7	134
012_12_RA18_GMCF3029a.meta__NODE_102469_length_595_cov_2.203704_1	012_12_RA18_GMCF3029a.sc__NODE_181561_length_552_cov_1.726358_1	51.3	119
012_12_RA18_GMCF3029a.meta__NODE_102469_length_595_cov_2.203704_1	012_12_RA18_GMCF3029a.sc__NODE_33331_length_1087_cov_3.501938_1	49.6	119
012_12_RA18_GMCF3029a.meta__NODE_102469_length_595_cov_2.203704_1	013_13_RA22_GMCF3029a.meta__NODE_3077_length_1800_cov_2.651576_2	35.2	196
012_12_RA18_GMCF3029a.meta__NODE_102469_length_595_cov_2.203704_1	013_13_RA22_GMCF3029a.sc__NODE_4631_length_1812_cov_3.529880_2	35.2	196
012_12_RA18_GMCF3029a.meta__NODE_102469_length_595_cov_2.203704_1	009_9_RA15_GMCF3029a.meta__NODE_30980_length_607_cov_1.697464_1	55.8	95
012_12_RA18_GMCF3029a.meta__NODE_102469_length_595_cov_2.203704_1	009_9_RA15_GMCF3029a.sc__NODE_38030_length_607_cov_1.697464_1	55.8	95
012_12_RA18_GMCF3029a.meta__NODE_102469_length_595_cov_2.203704_1	012_12_RA18_GMCF3029a.sc__NODE_18185_length_1395_cov_3.590299_2	85.5	55
012_12_RA18_GMCF3029a.meta__NODE_102469_length_595_cov_2.203704_1	013_13_RA22_GMCF3029a.meta__NODE_28427_length_775_cov_3.363889_1	34.5	148
012_12_RA18_GMCF3029a.meta__NODE_102469_length_595_cov_2.203704_1	013_13_RA22_GMCF3029a.sc__NODE_31369_length_846_cov_15.948167_1	34.5	148
012_12_RA18_GMCF3029a.meta__NODE_108838_length_581_cov_3.045627_1	012_12_RA18_GMCF3029a.meta__NODE_108838_length_581_cov_3.045627_1	100	193
012_12_RA18_GMCF3029a.meta__NODE_108838_length_581_cov_3.045627_1	012_12_RA18_GMCF3029a.sc__NODE_154225_length_588_cov_2.864916_1	100	171
012_12_RA18_GMCF3029a.meta__NODE_108838_length_581_cov_3.045627_1	012_12_RA18_GMCF3029a.sc__NODE_45102_length_961_cov_1.683223_1	75.2	157
012_12_RA18_GMCF3029a.meta__NODE_108838_length_581_cov_3.045627_1	014_14_RA23_GMCF3029a.meta__NODE_58913_length_744_cov_2.390421_1	53.6	181
012_12_RA18_GMCF3029a.meta__NODE_108838_length_581_cov_3.045627_1	014_14_RA23_GMCF3029a.sc__NODE_74379_length_744_cov_2.436865_1	53.6	181
012_12_RA18_GMCF3029a.meta__NODE_108838_length_581_cov_3.045627_1	012_12_RA18_GMCF3029a.meta__NODE_43493_length_843_cov_1.854061_1	76.5	119
012_12_RA18_GMCF3029a.meta__NODE_108838_length_581_cov_3.045627_1	012_12_RA18_GMCF3029a.sc__NODE_32135_length_1104_cov_1.572927_1	45.8	190
012_12_RA18_GMCF3029a.meta__NODE_108838_length_581_cov_3.045627_1	012_12_RA18_GMCF3029a.meta__NODE_42745_length_849_cov_2.204030_1	36.8	163
012_12_RA18_GMCF3029a.meta__NODE_108838_length_581_cov_3.045627_1	012_12_RA18_GMCF3029a.sc__NODE_61213_length_849_cov_2.204030_1	36.8	163
012_12_RA18_GMCF3029a.meta__NODE_108838_length_581_cov_3.045627_1	013_13_RA22_GMCF3029a.meta__NODE_38465_length_689_cov_1.687697_2	38.6	158
012_12_RA18_GMCF3029a.meta__NODE_108838_length_581_cov_3.045627_1	013_13_RA22_GMCF3029a.sc__NODE_51794_length_689_cov_1.687697_2	38.6	158
012_12_RA18_GMCF3029a.meta__NODE_108838_length_581_cov_3.045627_1	012_12_RA18_GMCF3029a.meta__NODE_119275_length_561_cov_1.950593_1	36.2	152
012_12_RA18_GMCF3029a.meta__NODE_108838_length_581_cov_3.045627_1	012_12_RA18_GMCF3029a.sc__NODE_174140_length_561_cov_1.857708_1	36.2	152
012_12_RA18_GMCF3029a.meta__NODE_108838_length_581_cov_3.045627_1	013_13_RA22_GMCF3029a.meta__NODE_7577_length_1291_cov_7.369741_1	31.7	183
012_12_RA18_GMCF3029a.meta__NODE_108838_length_581_cov_3.045627_1	013_13_RA22_GMCF3029a.sc__NODE_10858_length_1293_cov_7.333086_1	31.7	183
012_12_RA18_GMCF3029a.meta__NODE_108838_length_581_cov_3.045627_1	014_14_RA23_GMCF3029a.meta__NODE_33743_length_949_cov_3.372483_1	33.9	127
012_12_RA18_GMCF3029a.meta__NODE_108838_length_581_cov_3.045627_1	014_14_RA23_GMCF3029a.sc__NODE_44567_length_949_cov_3.372483_1	33.9	127
012_12_RA18_GMCF3029a.meta__NODE_112497_length_574_cov_1.951830_1	012_12_RA18_GMCF3029a.meta__NODE_112497_length_574_cov_1.951830_1	100	191
012_12_RA18_GMCF3029a.meta__NODE_112497_length_574_cov_1.951830_1	012_12_RA18_GMCF3029a.sc__NODE_164220_length_574_cov_2.119461_1	100	191
012_12_RA18_GMCF3029a.meta__NODE_112497_length_574_cov_1.951830_1	012_12_RA18_GMCF3029a.meta__NODE_90023_length_627_cov_1.737762_1	86.0	178
012_12_RA18_GMCF3029a.meta__NODE_112497_length_574_cov_1.951830_1	012_12_RA18_GMCF3029a.sc__NODE_131653_length_627_cov_1.737762_1	86.0	178
012_12_RA18_GMCF3029a.meta__NODE_112497_length_574_cov_1.951830_1	013_13_RA22_GMCF3029a.meta__NODE_3077_length_1800_cov_2.651576_2	79.5	190
012_12_RA18_GMCF3029a.meta__NODE_112497_length_574_cov_1.951830_1	013_13_RA22_GMCF3029a.sc__NODE_4631_length_1812_cov_3.529880_2	79.5	190
012_12_RA18_GMCF3029a.meta__NODE_112497_length_574_cov_1.951830_1	012_12_RA18_GMCF3029a.sc__NODE_189926_length_542_cov_1.915811_1	76.6	141
012_12_RA18_GMCF3029a.meta__NODE_112497_length_574_cov_1.951830_1	012_12_RA18_GMCF3029a.meta__NODE_31032_length_972_cov_3.760087_1	39.2	189
012_12_RA18_GMCF3029a.meta__NODE_112497_length_574_cov_1.951830_1	012_12_RA18_GMCF3029a.sc__NODE_33331_length_1087_cov_3.501938_1	39.2	189
012_12_RA18_GMCF3029a.meta__NODE_112497_length_574_cov_1.951830_1	012_12_RA18_GMCF3029a.meta__NODE_7943_length_1729_cov_2.945042_3	64.0	86
012_12_RA18_GMCF3029a.meta__NODE_112497_length_574_cov_1.951830_1	012_12_RA18_GMCF3029a.meta__NODE_154737_length_506_cov_3.607539_1	61.6	86
012_12_RA18_GMCF3029a.meta__NODE_112497_length_574_cov_1.951830_1	012_12_RA18_GMCF3029a.sc__NODE_56639_length_876_cov_1.556638_1	32.1	196
012_12_RA18_GMCF3029a.meta__NODE_112497_length_574_cov_1.951830_1	010_10_RA16_GMCF3029a.sc__NODE_7214_length_1406_cov_4.330126_2	31.2	189
012_12_RA18_GMCF3029a.meta__NODE_113088_length_573_cov_1.494208_1	012_12_RA18_GMCF3029a.meta__NODE_113088_length_573_cov_1.494208_1	100	190
012_12_RA18_GMCF3029a.meta__NODE_113088_length_573_cov_1.494208_1	012_12_RA18_GMCF3029a.sc__NODE_32135_length_1104_cov_1.572927_1	94.2	190
012_12_RA18_GMCF3029a.meta__NODE_113088_length_573_cov_1.494208_1	013_13_RA22_GMCF3029a.sc__NODE_87294_length_555_cov_1.680000_1	62.1	169
012_12_RA18_GMCF3029a.meta__NODE_113088_length_573_cov_1.494208_1	013_13_RA22_GMCF3029a.meta__NODE_3560_length_1709_cov_3.212213_3	46.2	93
012_12_RA18_GMCF3029a.meta__NODE_113088_length_573_cov_1.494208_1	013_13_RA22_GMCF3029a.sc__NODE_3191_length_2099_cov_2.980431_1	46.2	93
012_12_RA18_GMCF3029a.meta__NODE_113088_length_573_cov_1.494208_1	012_12_RA18_GMCF3029a.sc__NODE_45102_length_961_cov_1.683223_1	34.5	197
012_12_RA18_GMCF3029a.meta__NODE_113088_length_573_cov_1.494208_1	012_12_RA18_GMCF3029a.meta__NODE_43493_length_843_cov_1.854061_1	34.8	187
012_12_RA18_GMCF3029a.meta__NODE_115492_length_568_cov_2.327485_1	012_12_RA18_GMCF3029a.meta__NODE_115492_length_568_cov_2.327485_1	100	188
012_12_RA18_GMCF3029a.meta__NODE_115492_length_568_cov_2.327485_1	012_12_RA18_GMCF3029a.sc__NODE_165471_length_572_cov_2.889749_1	98.4	188
012_12_RA18_GMCF3029a.meta__NODE_115492_length_568_cov_2.327485_1	012_12_RA18_GMCF3029a.sc__NODE_42093_length_988_cov_1.807074_1	94.3	175
012_12_RA18_GMCF3029a.meta__NODE_115492_length_568_cov_2.327485_1	012_12_RA18_GMCF3029a.meta__NODE_117050_length_565_cov_2.476471_1	90.6	106
012_12_RA18_GMCF3029a.meta__NODE_117050_length_565_cov_2.476471_1	012_12_RA18_GMCF3029a.meta__NODE_117050_length_565_cov_2.476471_1	100	187
012_12_RA18_GMCF3029a.meta__NODE_117050_length_565_cov_2.476471_1	012_12_RA18_GMCF3029a.sc__NODE_42093_length_988_cov_1.807074_1	100	187
012_12_RA18_GMCF3029a.meta__NODE_117050_length_565_cov_2.476471_1	012_12_RA18_GMCF3029a.sc__NODE_165471_length_572_cov_2.889749_1	92.6	108
012_12_RA18_GMCF3029a.meta__NODE_117050_length_565_cov_2.476471_1	012_12_RA18_GMCF3029a.meta__NODE_115492_length_568_cov_2.327485_1	95.0	100
012_12_RA18_GMCF3029a.meta__NODE_119275_length_561_cov_1.950593_1	012_12_RA18_GMCF3029a.meta__NODE_119275_length_561_cov_1.950593_1	100	186
012_12_RA18_GMCF3029a.meta__NODE_119275_length_561_cov_1.950593_1	012_12_RA18_GMCF3029a.sc__NODE_174140_length_561_cov_1.857708_1	99.5	186
012_12_RA18_GMCF3029a.meta__NODE_119275_length_561_cov_1.950593_1	012_12_RA18_GMCF3029a.meta__NODE_108838_length_581_cov_3.045627_1	35.0	163
012_12_RA18_GMCF3029a.meta__NODE_119275_length_561_cov_1.950593_1	012_12_RA18_GMCF3029a.sc__NODE_154225_length_588_cov_2.864916_1	35.2	145
012_12_RA18_GMCF3029a.meta__NODE_119542_length_560_cov_3.746535_1	012_12_RA18_GMCF3029a.meta__NODE_119542_length_560_cov_3.746535_1	100	186
012_12_RA18_GMCF3029a.meta__NODE_119542_length_560_cov_3.746535_1	014_14_RA23_GMCF3029a.meta__NODE_17711_length_1230_cov_3.954894_2	99.5	186
012_12_RA18_GMCF3029a.meta__NODE_119542_length_560_cov_3.746535_1	014_14_RA23_GMCF3029a.sc__NODE_25134_length_1230_cov_3.954894_2	99.5	186
012_12_RA18_GMCF3029a.meta__NODE_119542_length_560_cov_3.746535_1	011_11_RA17_GMCF3029a.sc__NODE_2819_length_2023_cov_5.811484_2	99.5	186
012_12_RA18_GMCF3029a.meta__NODE_119542_length_560_cov_3.746535_1	011_11_RA17_GMCF3029a.meta__NODE_474_length_3961_cov_5.335381_3	99.5	186
012_12_RA18_GMCF3029a.meta__NODE_119542_length_560_cov_3.746535_1	012_12_RA18_GMCF3029a.sc__NODE_19488_length_1355_cov_4.950769_1	99.4	174
012_12_RA18_GMCF3029a.meta__NODE_119542_length_560_cov_3.746535_1	014_14_RA23_GMCF3029a.sc__NODE_22759_length_1284_cov_3.219691_1	84.4	186
012_12_RA18_GMCF3029a.meta__NODE_119542_length_560_cov_3.746535_1	012_12_RA18_GMCF3029a.meta__NODE_8842_length_1651_cov_3.550752_1	83.3	186
012_12_RA18_GMCF3029a.meta__NODE_119542_length_560_cov_3.746535_1	013_13_RA22_GMCF3029a.meta__NODE_22959_length_845_cov_3.321519_1	58.9	185
012_12_RA18_GMCF3029a.meta__NODE_119542_length_560_cov_3.746535_1	013_13_RA22_GMCF3029a.sc__NODE_13165_length_1199_cov_2.816434_1	58.9	185
012_12_RA18_GMCF3029a.meta__NODE_119542_length_560_cov_3.746535_1	012_12_RA18_GMCF3029a.sc__NODE_79709_length_764_cov_2.882934_1	75.5	139
012_12_RA18_GMCF3029a.meta__NODE_119542_length_560_cov_3.746535_1	012_12_RA18_GMCF3029a.meta__NODE_55520_length_763_cov_2.912429_1	75.2	137
012_12_RA18_GMCF3029a.meta__NODE_119542_length_560_cov_3.746535_1	012_12_RA18_GMCF3029a.sc__NODE_18129_length_1397_cov_3.230253_1	86.5	89
012_12_RA18_GMCF3029a.meta__NODE_119542_length_560_cov_3.746535_1	011_11_RA17_GMCF3029a.sc__NODE_40381_length_809_cov_2.041114_1	51.2	168
012_12_RA18_GMCF3029a.meta__NODE_119542_length_560_cov_3.746535_1	012_12_RA18_GMCF3029a.sc__NODE_34112_length_1078_cov_1.143695_1	51.6	159
012_12_RA18_GMCF3029a.meta__NODE_120268_length_559_cov_2.402778_1	012_12_RA18_GMCF3029a.meta__NODE_120268_length_559_cov_2.402778_1	100	185
012_12_RA18_GMCF3029a.meta__NODE_120268_length_559_cov_2.402778_1	012_12_RA18_GMCF3029a.sc__NODE_175566_length_559_cov_2.375000_1	100	185
012_12_RA18_GMCF3029a.meta__NODE_120268_length_559_cov_2.402778_1	012_12_RA18_GMCF3029a.meta__NODE_22551_length_1113_cov_4.766541_1	85.7	49
012_12_RA18_GMCF3029a.meta__NODE_120268_length_559_cov_2.402778_1	012_12_RA18_GMCF3029a.sc__NODE_31475_length_1113_cov_4.766541_1	85.7	49
012_12_RA18_GMCF3029a.meta__NODE_127982_length_546_cov_1.761711_1	012_12_RA18_GMCF3029a.meta__NODE_127982_length_546_cov_1.761711_1	100	181
012_12_RA18_GMCF3029a.meta__NODE_127982_length_546_cov_1.761711_1	012_12_RA18_GMCF3029a.sc__NODE_181561_length_552_cov_1.726358_1	99.4	167
012_12_RA18_GMCF3029a.meta__NODE_127982_length_546_cov_1.761711_1	009_9_RA15_GMCF3029a.meta__NODE_30980_length_607_cov_1.697464_1	76.8	151
012_12_RA18_GMCF3029a.meta__NODE_127982_length_546_cov_1.761711_1	009_9_RA15_GMCF3029a.sc__NODE_38030_length_607_cov_1.697464_1	76.8	151
012_12_RA18_GMCF3029a.meta__NODE_127982_length_546_cov_1.761711_1	012_12_RA18_GMCF3029a.meta__NODE_102469_length_595_cov_2.203704_1	53.7	134
012_12_RA18_GMCF3029a.meta__NODE_127982_length_546_cov_1.761711_1	012_12_RA18_GMCF3029a.sc__NODE_149745_length_595_cov_2.203704_1	53.7	134
012_12_RA18_GMCF3029a.meta__NODE_127982_length_546_cov_1.761711_1	013_13_RA22_GMCF3029a.meta__NODE_3077_length_1800_cov_2.651576_2	44.1	170
012_12_RA18_GMCF3029a.meta__NODE_127982_length_546_cov_1.761711_1	013_13_RA22_GMCF3029a.sc__NODE_4631_length_1812_cov_3.529880_2	44.1	170
012_12_RA18_GMCF3029a.meta__NODE_127982_length_546_cov_1.761711_1	011_11_RA17_GMCF3029a.sc__NODE_126388_length_533_cov_1.531381_1	43.9	155
012_12_RA18_GMCF3029a.meta__NODE_127982_length_546_cov_1.761711_1	011_11_RA17_GMCF3029a.sc__NODE_96723_length_588_cov_1.512195_1	46.9	147
012_12_RA18_GMCF3029a.meta__NODE_127982_length_546_cov_1.761711_1	012_12_RA18_GMCF3029a.sc__NODE_18185_length_1395_cov_3.590299_2	51.9	104
012_12_RA18_GMCF3029a.meta__NODE_127982_length_546_cov_1.761711_1	013_13_RA22_GMCF3029a.sc__NODE_101205_length_521_cov_2.487124_1	45.5	99
012_12_RA18_GMCF3029a.meta__NODE_154737_length_506_cov_3.607539_1	012_12_RA18_GMCF3029a.meta__NODE_154737_length_506_cov_3.607539_1	100	155
012_12_RA18_GMCF3029a.meta__NODE_154737_length_506_cov_3.607539_1	012_12_RA18_GMCF3029a.meta__NODE_7943_length_1729_cov_2.945042_3	83.3	150
012_12_RA18_GMCF3029a.meta__NODE_154737_length_506_cov_3.607539_1	013_13_RA22_GMCF3029a.meta__NODE_3077_length_1800_cov_2.651576_2	55.3	150
012_12_RA18_GMCF3029a.meta__NODE_154737_length_506_cov_3.607539_1	013_13_RA22_GMCF3029a.sc__NODE_4631_length_1812_cov_3.529880_2	55.3	150
012_12_RA18_GMCF3029a.meta__NODE_154737_length_506_cov_3.607539_1	012_12_RA18_GMCF3029a.meta__NODE_112497_length_574_cov_1.951830_1	61.6	86
012_12_RA18_GMCF3029a.meta__NODE_154737_length_506_cov_3.607539_1	012_12_RA18_GMCF3029a.sc__NODE_164220_length_574_cov_2.119461_1	61.6	86
012_12_RA18_GMCF3029a.meta__NODE_154737_length_506_cov_3.607539_1	014_14_RA23_GMCF3029a.sc__NODE_119942_length_591_cov_2.246269_1	42.1	140
012_12_RA18_GMCF3029a.meta__NODE_154737_length_506_cov_3.607539_1	012_12_RA18_GMCF3029a.sc__NODE_186631_length_546_cov_1.596741_1	42.9	140
012_12_RA18_GMCF3029a.meta__NODE_154737_length_506_cov_3.607539_1	012_12_RA18_GMCF3029a.meta__NODE_90023_length_627_cov_1.737762_1	64.6	79
012_12_RA18_GMCF3029a.meta__NODE_154737_length_506_cov_3.607539_1	012_12_RA18_GMCF3029a.sc__NODE_131653_length_627_cov_1.737762_1	64.6	79
012_12_RA18_GMCF3029a.meta__NODE_154737_length_506_cov_3.607539_1	012_12_RA18_GMCF3029a.sc__NODE_56639_length_876_cov_1.556638_1	46.7	105
012_12_RA18_GMCF3029a.meta__NODE_154737_length_506_cov_3.607539_1	014_14_RA23_GMCF3029a.meta__NODE_16155_length_1274_cov_3.269893_1	41.4	145
012_12_RA18_GMCF3029a.meta__NODE_154737_length_506_cov_3.607539_1	014_14_RA23_GMCF3029a.sc__NODE_21321_length_1322_cov_3.225730_1	41.4	145
012_12_RA18_GMCF3029a.sc__NODE_1900_length_3632_cov_3.671792_4	012_12_RA18_GMCF3029a.sc__NODE_1900_length_3632_cov_3.671792_4	100	606
012_12_RA18_GMCF3029a.sc__NODE_1900_length_3632_cov_3.671792_4	010_10_RA16_GMCF3029a.sc__NODE_474_length_3931_cov_13.201238_2	70.3	586
012_12_RA18_GMCF3029a.sc__NODE_1900_length_3632_cov_3.671792_4	011_11_RA17_GMCF3029a.meta__NODE_224_length_5064_cov_10.771811_3	70.3	586
012_12_RA18_GMCF3029a.sc__NODE_1900_length_3632_cov_3.671792_4	012_12_RA18_GMCF3029a.meta__NODE_835_length_4242_cov_15.534989_2	70.3	586
012_12_RA18_GMCF3029a.sc__NODE_1900_length_3632_cov_3.671792_4	012_12_RA18_GMCF3029a.sc__NODE_2306_length_3341_cov_12.778150_3	70.3	586
012_12_RA18_GMCF3029a.sc__NODE_1900_length_3632_cov_3.671792_4	014_14_RA23_GMCF3029a.sc__NODE_533_length_5213_cov_7.401706_3	70.3	586
012_12_RA18_GMCF3029a.sc__NODE_1900_length_3632_cov_3.671792_4	014_14_RA23_GMCF3029a.meta__NODE_816_length_3395_cov_8.819162_1	71.4	490
012_12_RA18_GMCF3029a.sc__NODE_1900_length_3632_cov_3.671792_4	011_11_RA17_GMCF3029a.sc__NODE_11077_length_1282_cov_11.607987_1	71.2	427
012_12_RA18_GMCF3029a.sc__NODE_1900_length_3632_cov_3.671792_4	010_10_RA16_GMCF3029a.meta__NODE_7413_length_1168_cov_11.323450_1	71.5	389
012_12_RA18_GMCF3029a.sc__NODE_1900_length_3632_cov_3.671792_4	011_11_RA17_GMCF3029a.sc__NODE_2819_length_2023_cov_5.811484_2	30.8	613
012_12_RA18_GMCF3029a.sc__NODE_1900_length_3632_cov_3.671792_4	011_11_RA17_GMCF3029a.meta__NODE_474_length_3961_cov_5.335381_3	30.8	613
012_12_RA18_GMCF3029a.sc__NODE_1900_length_3632_cov_3.671792_4	011_11_RA17_GMCF3029a.sc__NODE_9992_length_1327_cov_1.573113_1	27.9	444
012_12_RA18_GMCF3029a.sc__NODE_1900_length_3632_cov_3.671792_4	012_12_RA18_GMCF3029a.sc__NODE_19488_length_1355_cov_4.950769_1	31.6	386
012_12_RA18_GMCF3029a.sc__NODE_1900_length_3632_cov_3.671792_4	012_12_RA18_GMCF3029a.sc__NODE_34112_length_1078_cov_1.143695_1	31.1	219
012_12_RA18_GMCF3029a.sc__NODE_2306_length_3341_cov_12.778150_3	010_10_RA16_GMCF3029a.sc__NODE_474_length_3931_cov_13.201238_2	100	731
012_12_RA18_GMCF3029a.sc__NODE_2306_length_3341_cov_12.778150_3	011_11_RA17_GMCF3029a.meta__NODE_224_length_5064_cov_10.771811_3	100	731
012_12_RA18_GMCF3029a.sc__NODE_2306_length_3341_cov_12.778150_3	012_12_RA18_GMCF3029a.meta__NODE_835_length_4242_cov_15.534989_2	100	731
012_12_RA18_GMCF3029a.sc__NODE_2306_length_3341_cov_12.778150_3	012_12_RA18_GMCF3029a.sc__NODE_2306_length_3341_cov_12.778150_3	100	731
012_12_RA18_GMCF3029a.sc__NODE_2306_length_3341_cov_12.778150_3	014_14_RA23_GMCF3029a.sc__NODE_533_length_5213_cov_7.401706_3	100	731
012_12_RA18_GMCF3029a.sc__NODE_2306_length_3341_cov_12.778150_3	014_14_RA23_GMCF3029a.meta__NODE_816_length_3395_cov_8.819162_1	100	630
012_12_RA18_GMCF3029a.sc__NODE_2306_length_3341_cov_12.778150_3	011_11_RA17_GMCF3029a.sc__NODE_11077_length_1282_cov_11.607987_1	100	426
012_12_RA18_GMCF3029a.sc__NODE_2306_length_3341_cov_12.778150_3	012_12_RA18_GMCF3029a.sc__NODE_1900_length_3632_cov_3.671792_4	70.3	586
012_12_RA18_GMCF3029a.sc__NODE_2306_length_3341_cov_12.778150_3	010_10_RA16_GMCF3029a.meta__NODE_7413_length_1168_cov_11.323450_1	100	388
012_12_RA18_GMCF3029a.sc__NODE_2306_length_3341_cov_12.778150_3	010_10_RA16_GMCF3029a.sc__NODE_1218_length_2862_cov_8.169932_1	34.7	625
012_12_RA18_GMCF3029a.sc__NODE_2306_length_3341_cov_12.778150_3	011_11_RA17_GMCF3029a.meta__NODE_1184_length_2902_cov_6.685634_1	35.1	555
012_12_RA18_GMCF3029a.sc__NODE_2306_length_3341_cov_12.778150_3	012_12_RA18_GMCF3029a.meta__NODE_8842_length_1651_cov_3.550752_1	30.7	576
012_12_RA18_GMCF3029a.sc__NODE_2306_length_3341_cov_12.778150_3	012_12_RA18_GMCF3029a.sc__NODE_83862_length_749_cov_2.112392_1	44.5	238
012_12_RA18_GMCF3029a.sc__NODE_2306_length_3341_cov_12.778150_3	012_12_RA18_GMCF3029a.meta__NODE_52305_length_782_cov_1.971114_1	44.1	238
012_12_RA18_GMCF3029a.sc__NODE_2306_length_3341_cov_12.778150_3	011_11_RA17_GMCF3029a.sc__NODE_16235_length_1119_cov_3.645677_1	32.7	382
012_12_RA18_GMCF3029a.sc__NODE_2306_length_3341_cov_12.778150_3	012_12_RA18_GMCF3029a.sc__NODE_18129_length_1397_cov_3.230253_1	43.4	159
012_12_RA18_GMCF3029a.sc__NODE_2306_length_3341_cov_12.778150_3	012_12_RA18_GMCF3029a.sc__NODE_34112_length_1078_cov_1.143695_1	33.1	236
012_12_RA18_GMCF3029a.sc__NODE_14752_length_1522_cov_2.741650_1	012_12_RA18_GMCF3029a.sc__NODE_14752_length_1522_cov_2.741650_1	100	506
012_12_RA18_GMCF3029a.sc__NODE_14752_length_1522_cov_2.741650_1	010_10_RA16_GMCF3029a.sc__NODE_1218_length_2862_cov_8.169932_1	88.3	506
012_12_RA18_GMCF3029a.sc__NODE_14752_length_1522_cov_2.741650_1	011_11_RA17_GMCF3029a.meta__NODE_1184_length_2902_cov_6.685634_1	87.9	464
012_12_RA18_GMCF3029a.sc__NODE_14752_length_1522_cov_2.741650_1	011_11_RA17_GMCF3029a.sc__NODE_13048_length_1208_cov_6.758890_1	87.8	403
012_12_RA18_GMCF3029a.sc__NODE_14752_length_1522_cov_2.741650_1	012_12_RA18_GMCF3029a.meta__NODE_20436_length_1159_cov_7.259058_1	90.9	363
012_12_RA18_GMCF3029a.sc__NODE_14752_length_1522_cov_2.741650_1	013_13_RA22_GMCF3029a.sc__NODE_4121_length_1894_cov_2.593801_2	92.4	303
012_12_RA18_GMCF3029a.sc__NODE_14752_length_1522_cov_2.741650_1	012_12_RA18_GMCF3029a.sc__NODE_25425_length_1215_cov_3.584483_1	89.6	260
012_12_RA18_GMCF3029a.sc__NODE_14752_length_1522_cov_2.741650_1	011_11_RA17_GMCF3029a.sc__NODE_16235_length_1119_cov_3.645677_1	74.9	295
012_12_RA18_GMCF3029a.sc__NODE_14752_length_1522_cov_2.741650_1	012_12_RA18_GMCF3029a.sc__NODE_122956_length_644_cov_1.850594_1	79.9	214
012_12_RA18_GMCF3029a.sc__NODE_14752_length_1522_cov_2.741650_1	011_11_RA17_GMCF3029a.sc__NODE_9992_length_1327_cov_1.573113_1	39.1	335
012_12_RA18_GMCF3029a.sc__NODE_14752_length_1522_cov_2.741650_1	012_12_RA18_GMCF3029a.meta__NODE_35266_length_921_cov_2.075058_1	37.6	287
012_12_RA18_GMCF3029a.sc__NODE_14752_length_1522_cov_2.741650_1	013_13_RA22_GMCF3029a.sc__NODE_13165_length_1199_cov_2.816434_1	32.1	374
012_12_RA18_GMCF3029a.sc__NODE_14752_length_1522_cov_2.741650_1	013_13_RA22_GMCF3029a.meta__NODE_22959_length_845_cov_3.321519_1	33.4	287
012_12_RA18_GMCF3029a.sc__NODE_14752_length_1522_cov_2.741650_1	014_14_RA23_GMCF3029a.meta__NODE_52123_length_785_cov_2.031507_1	33.5	266
012_12_RA18_GMCF3029a.sc__NODE_18129_length_1397_cov_3.230253_1	012_12_RA18_GMCF3029a.sc__NODE_18129_length_1397_cov_3.230253_1	100	273
012_12_RA18_GMCF3029a.sc__NODE_18129_length_1397_cov_3.230253_1	012_12_RA18_GMCF3029a.meta__NODE_8842_length_1651_cov_3.550752_1	100	244
012_12_RA18_GMCF3029a.sc__NODE_18129_length_1397_cov_3.230253_1	014_14_RA23_GMCF3029a.meta__NODE_17711_length_1230_cov_3.954894_2	84.7	177
012_12_RA18_GMCF3029a.sc__NODE_18129_length_1397_cov_3.230253_1	014_14_RA23_GMCF3029a.sc__NODE_25134_length_1230_cov_3.954894_2	84.7	177
012_12_RA18_GMCF3029a.sc__NODE_18129_length_1397_cov_3.230253_1	014_14_RA23_GMCF3029a.sc__NODE_22759_length_1284_cov_3.219691_1	84.4	179
012_12_RA18_GMCF3029a.sc__NODE_18129_length_1397_cov_3.230253_1	011_11_RA17_GMCF3029a.meta__NODE_474_length_3961_cov_5.335381_3	84.9	172
012_12_RA18_GMCF3029a.sc__NODE_18129_length_1397_cov_3.230253_1	011_11_RA17_GMCF3029a.sc__NODE_2819_length_2023_cov_5.811484_2	84.8	171
012_12_RA18_GMCF3029a.sc__NODE_18129_length_1397_cov_3.230253_1	013_13_RA22_GMCF3029a.sc__NODE_13165_length_1199_cov_2.816434_1	50.2	209
012_12_RA18_GMCF3029a.sc__NODE_18129_length_1397_cov_3.230253_1	012_12_RA18_GMCF3029a.meta__NODE_119542_length_560_cov_3.746535_1	86.5	89
012_12_RA18_GMCF3029a.sc__NODE_18129_length_1397_cov_3.230253_1	012_12_RA18_GMCF3029a.sc__NODE_19488_length_1355_cov_4.950769_1	87.0	77
012_12_RA18_GMCF3029a.sc__NODE_18129_length_1397_cov_3.230253_1	012_12_RA18_GMCF3029a.sc__NODE_34112_length_1078_cov_1.143695_1	48.6	142
012_12_RA18_GMCF3029a.sc__NODE_18129_length_1397_cov_3.230253_1	014_14_RA23_GMCF3029a.meta__NODE_816_length_3395_cov_8.819162_1	35.9	220
012_12_RA18_GMCF3029a.sc__NODE_18129_length_1397_cov_3.230253_1	010_10_RA16_GMCF3029a.sc__NODE_474_length_3931_cov_13.201238_2	35.9	220
012_12_RA18_GMCF3029a.sc__NODE_18129_length_1397_cov_3.230253_1	011_11_RA17_GMCF3029a.meta__NODE_224_length_5064_cov_10.771811_3	35.9	220
012_12_RA18_GMCF3029a.sc__NODE_18129_length_1397_cov_3.230253_1	012_12_RA18_GMCF3029a.meta__NODE_835_length_4242_cov_15.534989_2	35.9	220
012_12_RA18_GMCF3029a.sc__NODE_18129_length_1397_cov_3.230253_1	012_12_RA18_GMCF3029a.sc__NODE_2306_length_3341_cov_12.778150_3	35.9	220
012_12_RA18_GMCF3029a.sc__NODE_18129_length_1397_cov_3.230253_1	014_14_RA23_GMCF3029a.sc__NODE_533_length_5213_cov_7.401706_3	35.9	220
012_12_RA18_GMCF3029a.sc__NODE_18129_length_1397_cov_3.230253_1	013_13_RA22_GMCF3029a.meta__NODE_22959_length_845_cov_3.321519_1	55.2	87
012_12_RA18_GMCF3029a.sc__NODE_18129_length_1397_cov_3.230253_1	011_11_RA17_GMCF3029a.sc__NODE_40381_length_809_cov_2.041114_1	51.8	85
012_12_RA18_GMCF3029a.sc__NODE_18185_length_1395_cov_3.590299_2	012_12_RA18_GMCF3029a.sc__NODE_18185_length_1395_cov_3.590299_2	100	179
012_12_RA18_GMCF3029a.sc__NODE_18185_length_1395_cov_3.590299_2	014_14_RA23_GMCF3029a.meta__NODE_58913_length_744_cov_2.390421_1	95.6	91
012_12_RA18_GMCF3029a.sc__NODE_18185_length_1395_cov_3.590299_2	014_14_RA23_GMCF3029a.sc__NODE_74379_length_744_cov_2.436865_1	95.6	91
012_12_RA18_GMCF3029a.sc__NODE_18185_length_1395_cov_3.590299_2	013_13_RA22_GMCF3029a.sc__NODE_101205_length_521_cov_2.487124_1	48.1	154
012_12_RA18_GMCF3029a.sc__NODE_18185_length_1395_cov_3.590299_2	011_11_RA17_GMCF3029a.sc__NODE_96723_length_588_cov_1.512195_1	54.8	124
012_12_RA18_GMCF3029a.sc__NODE_18185_length_1395_cov_3.590299_2	012_12_RA18_GMCF3029a.sc__NODE_32135_length_1104_cov_1.572927_1	67.7	99
012_12_RA18_GMCF3029a.sc__NODE_18185_length_1395_cov_3.590299_2	009_9_RA15_GMCF3029a.meta__NODE_30980_length_607_cov_1.697464_1	52.7	110
012_12_RA18_GMCF3029a.sc__NODE_18185_length_1395_cov_3.590299_2	009_9_RA15_GMCF3029a.sc__NODE_38030_length_607_cov_1.697464_1	52.7	110
012_12_RA18_GMCF3029a.sc__NODE_18185_length_1395_cov_3.590299_2	012_12_RA18_GMCF3029a.meta__NODE_127982_length_546_cov_1.761711_1	51.9	104
012_12_RA18_GMCF3029a.sc__NODE_18185_length_1395_cov_3.590299_2	012_12_RA18_GMCF3029a.sc__NODE_181561_length_552_cov_1.726358_1	51.9	104
012_12_RA18_GMCF3029a.sc__NODE_18185_length_1395_cov_3.590299_2	013_13_RA22_GMCF3029a.meta__NODE_3077_length_1800_cov_2.651576_2	54.9	91
012_12_RA18_GMCF3029a.sc__NODE_18185_length_1395_cov_3.590299_2	013_13_RA22_GMCF3029a.sc__NODE_4631_length_1812_cov_3.529880_2	54.9	91
012_12_RA18_GMCF3029a.sc__NODE_18185_length_1395_cov_3.590299_2	012_12_RA18_GMCF3029a.meta__NODE_102469_length_595_cov_2.203704_1	85.5	55
012_12_RA18_GMCF3029a.sc__NODE_18185_length_1395_cov_3.590299_2	012_12_RA18_GMCF3029a.sc__NODE_149745_length_595_cov_2.203704_1	85.5	55
012_12_RA18_GMCF3029a.sc__NODE_18185_length_1395_cov_3.590299_2	014_14_RA23_GMCF3029a.meta__NODE_33743_length_949_cov_3.372483_1	29.2	178
012_12_RA18_GMCF3029a.sc__NODE_18185_length_1395_cov_3.590299_2	014_14_RA23_GMCF3029a.sc__NODE_44567_length_949_cov_3.372483_1	29.2	178
012_12_RA18_GMCF3029a.sc__NODE_18185_length_1395_cov_3.590299_2	011_11_RA17_GMCF3029a.sc__NODE_126388_length_533_cov_1.531381_1	52.6	76
012_12_RA18_GMCF3029a.sc__NODE_19488_length_1355_cov_4.950769_1	012_12_RA18_GMCF3029a.sc__NODE_19488_length_1355_cov_4.950769_1	100	441
012_12_RA18_GMCF3029a.sc__NODE_19488_length_1355_cov_4.950769_1	011_11_RA17_GMCF3029a.sc__NODE_2819_length_2023_cov_5.811484_2	100	436
012_12_RA18_GMCF3029a.sc__NODE_19488_length_1355_cov_4.950769_1	011_11_RA17_GMCF3029a.meta__NODE_474_length_3961_cov_5.335381_3	100	436
012_12_RA18_GMCF3029a.sc__NODE_19488_length_1355_cov_4.950769_1	012_12_RA18_GMCF3029a.meta__NODE_8842_length_1651_cov_3.550752_1	82.2	383
012_12_RA18_GMCF3029a.sc__NODE_19488_length_1355_cov_4.950769_1	014_14_RA23_GMCF3029a.sc__NODE_22759_length_1284_cov_3.219691_1	78.1	311
012_12_RA18_GMCF3029a.sc__NODE_19488_length_1355_cov_4.950769_1	014_14_RA23_GMCF3029a.meta__NODE_17711_length_1230_cov_3.954894_2	100	178
012_12_RA18_GMCF3029a.sc__NODE_19488_length_1355_cov_4.950769_1	014_14_RA23_GMCF3029a.sc__NODE_25134_length_1230_cov_3.954894_2	100	178
012_12_RA18_GMCF3029a.sc__NODE_19488_length_1355_cov_4.950769_1	012_12_RA18_GMCF3029a.meta__NODE_119542_length_560_cov_3.746535_1	99.4	174
012_12_RA18_GMCF3029a.sc__NODE_19488_length_1355_cov_4.950769_1	012_12_RA18_GMCF3029a.sc__NODE_79709_length_764_cov_2.882934_1	66.4	253
012_12_RA18_GMCF3029a.sc__NODE_19488_length_1355_cov_4.950769_1	012_12_RA18_GMCF3029a.meta__NODE_55520_length_763_cov_2.912429_1	66.1	251
012_12_RA18_GMCF3029a.sc__NODE_19488_length_1355_cov_4.950769_1	013_13_RA22_GMCF3029a.meta__NODE_22959_length_845_cov_3.321519_1	59.4	256
012_12_RA18_GMCF3029a.sc__NODE_19488_length_1355_cov_4.950769_1	013_13_RA22_GMCF3029a.sc__NODE_13165_length_1199_cov_2.816434_1	59.4	256
012_12_RA18_GMCF3029a.sc__NODE_19488_length_1355_cov_4.950769_1	011_11_RA17_GMCF3029a.sc__NODE_9992_length_1327_cov_1.573113_1	30.3	370
012_12_RA18_GMCF3029a.sc__NODE_19488_length_1355_cov_4.950769_1	012_12_RA18_GMCF3029a.sc__NODE_1900_length_3632_cov_3.671792_4	30.1	448
012_12_RA18_GMCF3029a.sc__NODE_19488_length_1355_cov_4.950769_1	011_11_RA17_GMCF3029a.sc__NODE_40381_length_809_cov_2.041114_1	52.6	154
012_12_RA18_GMCF3029a.sc__NODE_19488_length_1355_cov_4.950769_1	012_12_RA18_GMCF3029a.sc__NODE_34112_length_1078_cov_1.143695_1	53.1	145
012_12_RA18_GMCF3029a.sc__NODE_19488_length_1355_cov_4.950769_1	011_11_RA17_GMCF3029a.sc__NODE_16235_length_1119_cov_3.645677_1	29.7	320
012_12_RA18_GMCF3029a.sc__NODE_19488_length_1355_cov_4.950769_1	012_12_RA18_GMCF3029a.sc__NODE_18129_length_1397_cov_3.230253_1	87.0	77
012_12_RA18_GMCF3029a.sc__NODE_19488_length_1355_cov_4.950769_1	012_12_RA18_GMCF3029a.meta__NODE_35266_length_921_cov_2.075058_1	30.0	313
012_12_RA18_GMCF3029a.sc__NODE_23019_length_1267_cov_3.018977_2	012_12_RA18_GMCF3029a.meta__NODE_16396_length_1267_cov_3.018977_2	100	258
012_12_RA18_GMCF3029a.sc__NODE_23019_length_1267_cov_3.018977_2	012_12_RA18_GMCF3029a.sc__NODE_23019_length_1267_cov_3.018977_2	100	258
012_12_RA18_GMCF3029a.sc__NODE_23019_length_1267_cov_3.018977_2	010_10_RA16_GMCF3029a.sc__NODE_117_length_6035_cov_9.469231_1	34.7	288
012_12_RA18_GMCF3029a.sc__NODE_23019_length_1267_cov_3.018977_2	010_10_RA16_GMCF3029a.meta__NODE_195_length_3623_cov_8.109305_4	34.7	288
012_12_RA18_GMCF3029a.sc__NODE_23019_length_1267_cov_3.018977_2	014_14_RA23_GMCF3029a.meta__NODE_43878_length_847_cov_1.547980_1	30.7	215
012_12_RA18_GMCF3029a.sc__NODE_23019_length_1267_cov_3.018977_2	014_14_RA23_GMCF3029a.sc__NODE_56711_length_847_cov_1.547980_1	30.7	215
012_12_RA18_GMCF3029a.sc__NODE_25425_length_1215_cov_3.584483_1	012_12_RA18_GMCF3029a.sc__NODE_25425_length_1215_cov_3.584483_1	100	404
012_12_RA18_GMCF3029a.sc__NODE_25425_length_1215_cov_3.584483_1	013_13_RA22_GMCF3029a.sc__NODE_4121_length_1894_cov_2.593801_2	89.1	405
012_12_RA18_GMCF3029a.sc__NODE_25425_length_1215_cov_3.584483_1	011_11_RA17_GMCF3029a.sc__NODE_16235_length_1119_cov_3.645677_1	75.4	338
012_12_RA18_GMCF3029a.sc__NODE_25425_length_1215_cov_3.584483_1	010_10_RA16_GMCF3029a.sc__NODE_1218_length_2862_cov_8.169932_1	94.2	275
012_12_RA18_GMCF3029a.sc__NODE_25425_length_1215_cov_3.584483_1	012_12_RA18_GMCF3029a.meta__NODE_20436_length_1159_cov_7.259058_1	87.3	283
012_12_RA18_GMCF3029a.sc__NODE_25425_length_1215_cov_3.584483_1	012_12_RA18_GMCF3029a.sc__NODE_14752_length_1522_cov_2.741650_1	89.6	260
012_12_RA18_GMCF3029a.sc__NODE_25425_length_1215_cov_3.584483_1	011_11_RA17_GMCF3029a.sc__NODE_13048_length_1208_cov_6.758890_1	92.7	218
012_12_RA18_GMCF3029a.sc__NODE_25425_length_1215_cov_3.584483_1	011_11_RA17_GMCF3029a.meta__NODE_1184_length_2902_cov_6.685634_1	92.7	218
012_12_RA18_GMCF3029a.sc__NODE_25425_length_1215_cov_3.584483_1	012_12_RA18_GMCF3029a.sc__NODE_122956_length_644_cov_1.850594_1	78.4	176
012_12_RA18_GMCF3029a.sc__NODE_25425_length_1215_cov_3.584483_1	011_11_RA17_GMCF3029a.sc__NODE_9992_length_1327_cov_1.573113_1	34.5	351
012_12_RA18_GMCF3029a.sc__NODE_25425_length_1215_cov_3.584483_1	012_12_RA18_GMCF3029a.meta__NODE_35266_length_921_cov_2.075058_1	36.8	258
012_12_RA18_GMCF3029a.sc__NODE_25425_length_1215_cov_3.584483_1	011_11_RA17_GMCF3029a.sc__NODE_2819_length_2023_cov_5.811484_2	28.4	416
012_12_RA18_GMCF3029a.sc__NODE_25425_length_1215_cov_3.584483_1	011_11_RA17_GMCF3029a.meta__NODE_474_length_3961_cov_5.335381_3	28.4	416
012_12_RA18_GMCF3029a.sc__NODE_31225_length_1117_cov_2.559322_2	012_12_RA18_GMCF3029a.meta__NODE_22376_length_1117_cov_2.559322_2	100	281
012_12_RA18_GMCF3029a.sc__NODE_31225_length_1117_cov_2.559322_2	012_12_RA18_GMCF3029a.sc__NODE_31225_length_1117_cov_2.559322_2	100	281
012_12_RA18_GMCF3029a.sc__NODE_31225_length_1117_cov_2.559322_2	009_9_RA15_GMCF3029a.meta__NODE_5979_length_1322_cov_3.063141_1	45.7	276
012_12_RA18_GMCF3029a.sc__NODE_31225_length_1117_cov_2.559322_2	009_9_RA15_GMCF3029a.sc__NODE_4025_length_1815_cov_3.167045_1	45.7	276
012_12_RA18_GMCF3029a.sc__NODE_31225_length_1117_cov_2.559322_2	008_8_RA14_GMCF3029a.meta__NODE_14617_length_802_cov_2.779116_1	44.3	253
012_12_RA18_GMCF3029a.sc__NODE_31225_length_1117_cov_2.559322_2	008_8_RA14_GMCF3029a.sc__NODE_5108_length_1467_cov_3.046742_1	44.7	253
012_12_RA18_GMCF3029a.sc__NODE_31225_length_1117_cov_2.559322_2	010_10_RA16_GMCF3029a.sc__NODE_18706_length_902_cov_5.268005_1	80.3	66
012_12_RA18_GMCF3029a.sc__NODE_31475_length_1113_cov_4.766541_1	012_12_RA18_GMCF3029a.meta__NODE_22551_length_1113_cov_4.766541_1	100	341
012_12_RA18_GMCF3029a.sc__NODE_31475_length_1113_cov_4.766541_1	012_12_RA18_GMCF3029a.sc__NODE_31475_length_1113_cov_4.766541_1	100	341
012_12_RA18_GMCF3029a.sc__NODE_31475_length_1113_cov_4.766541_1	012_12_RA18_GMCF3029a.meta__NODE_120268_length_559_cov_2.402778_1	85.7	49
012_12_RA18_GMCF3029a.sc__NODE_31475_length_1113_cov_4.766541_1	012_12_RA18_GMCF3029a.sc__NODE_175566_length_559_cov_2.375000_1	85.7	49
012_12_RA18_GMCF3029a.sc__NODE_32135_length_1104_cov_1.572927_1	012_12_RA18_GMCF3029a.sc__NODE_32135_length_1104_cov_1.572927_1	100	367
012_12_RA18_GMCF3029a.sc__NODE_32135_length_1104_cov_1.572927_1	012_12_RA18_GMCF3029a.meta__NODE_113088_length_573_cov_1.494208_1	94.2	190
012_12_RA18_GMCF3029a.sc__NODE_32135_length_1104_cov_1.572927_1	014_14_RA23_GMCF3029a.meta__NODE_58913_length_744_cov_2.390421_1	51.0	241
012_12_RA18_GMCF3029a.sc__NODE_32135_length_1104_cov_1.572927_1	014_14_RA23_GMCF3029a.sc__NODE_74379_length_744_cov_2.436865_1	51.0	241
012_12_RA18_GMCF3029a.sc__NODE_32135_length_1104_cov_1.572927_1	013_13_RA22_GMCF3029a.sc__NODE_87294_length_555_cov_1.680000_1	60.5	162
012_12_RA18_GMCF3029a.sc__NODE_32135_length_1104_cov_1.572927_1	012_12_RA18_GMCF3029a.meta__NODE_108838_length_581_cov_3.045627_1	45.8	190
012_12_RA18_GMCF3029a.sc__NODE_32135_length_1104_cov_1.572927_1	012_12_RA18_GMCF3029a.sc__NODE_154225_length_588_cov_2.864916_1	45.9	181
012_12_RA18_GMCF3029a.sc__NODE_32135_length_1104_cov_1.572927_1	012_12_RA18_GMCF3029a.sc__NODE_45102_length_961_cov_1.683223_1	41.3	225
012_12_RA18_GMCF3029a.sc__NODE_32135_length_1104_cov_1.572927_1	012_12_RA18_GMCF3029a.sc__NODE_18185_length_1395_cov_3.590299_2	67.0	100
012_12_RA18_GMCF3029a.sc__NODE_32135_length_1104_cov_1.572927_1	012_12_RA18_GMCF3029a.meta__NODE_42745_length_849_cov_2.204030_1	36.4	206
012_12_RA18_GMCF3029a.sc__NODE_32135_length_1104_cov_1.572927_1	012_12_RA18_GMCF3029a.sc__NODE_61213_length_849_cov_2.204030_1	36.4	206
012_12_RA18_GMCF3029a.sc__NODE_32135_length_1104_cov_1.572927_1	012_12_RA18_GMCF3029a.meta__NODE_43493_length_843_cov_1.854061_1	36.4	187
012_12_RA18_GMCF3029a.sc__NODE_32135_length_1104_cov_1.572927_1	013_13_RA22_GMCF3029a.sc__NODE_101205_length_521_cov_2.487124_1	59.7	77
012_12_RA18_GMCF3029a.sc__NODE_32135_length_1104_cov_1.572927_1	013_13_RA22_GMCF3029a.meta__NODE_3560_length_1709_cov_3.212213_3	46.2	93
012_12_RA18_GMCF3029a.sc__NODE_32135_length_1104_cov_1.572927_1	013_13_RA22_GMCF3029a.sc__NODE_3191_length_2099_cov_2.980431_1	46.2	93
012_12_RA18_GMCF3029a.sc__NODE_33331_length_1087_cov_3.501938_1	012_12_RA18_GMCF3029a.sc__NODE_33331_length_1087_cov_3.501938_1	100	303
012_12_RA18_GMCF3029a.sc__NODE_33331_length_1087_cov_3.501938_1	012_12_RA18_GMCF3029a.meta__NODE_31032_length_972_cov_3.760087_1	100	264
012_12_RA18_GMCF3029a.sc__NODE_33331_length_1087_cov_3.501938_1	013_13_RA22_GMCF3029a.meta__NODE_3077_length_1800_cov_2.651576_2	42.0	305
012_12_RA18_GMCF3029a.sc__NODE_33331_length_1087_cov_3.501938_1	013_13_RA22_GMCF3029a.sc__NODE_4631_length_1812_cov_3.529880_2	42.0	305
012_12_RA18_GMCF3029a.sc__NODE_33331_length_1087_cov_3.501938_1	012_12_RA18_GMCF3029a.meta__NODE_7943_length_1729_cov_2.945042_3	46.0	161
012_12_RA18_GMCF3029a.sc__NODE_33331_length_1087_cov_3.501938_1	012_12_RA18_GMCF3029a.meta__NODE_90023_length_627_cov_1.737762_1	39.0	213
012_12_RA18_GMCF3029a.sc__NODE_33331_length_1087_cov_3.501938_1	012_12_RA18_GMCF3029a.sc__NODE_131653_length_627_cov_1.737762_1	39.0	213
012_12_RA18_GMCF3029a.sc__NODE_33331_length_1087_cov_3.501938_1	012_12_RA18_GMCF3029a.meta__NODE_112497_length_574_cov_1.951830_1	39.2	189
012_12_RA18_GMCF3029a.sc__NODE_33331_length_1087_cov_3.501938_1	012_12_RA18_GMCF3029a.sc__NODE_164220_length_574_cov_2.119461_1	39.2	189
012_12_RA18_GMCF3029a.sc__NODE_33331_length_1087_cov_3.501938_1	012_12_RA18_GMCF3029a.meta__NODE_102469_length_595_cov_2.203704_1	49.6	119
012_12_RA18_GMCF3029a.sc__NODE_33331_length_1087_cov_3.501938_1	012_12_RA18_GMCF3029a.sc__NODE_149745_length_595_cov_2.203704_1	49.6	119
012_12_RA18_GMCF3029a.sc__NODE_33331_length_1087_cov_3.501938_1	012_12_RA18_GMCF3029a.sc__NODE_189926_length_542_cov_1.915811_1	35.2	165
012_12_RA18_GMCF3029a.sc__NODE_34112_length_1078_cov_1.143695_1	012_12_RA18_GMCF3029a.sc__NODE_34112_length_1078_cov_1.143695_1	100	239
012_12_RA18_GMCF3029a.sc__NODE_34112_length_1078_cov_1.143695_1	011_11_RA17_GMCF3029a.sc__NODE_40381_length_809_cov_2.041114_1	98.2	168
012_12_RA18_GMCF3029a.sc__NODE_34112_length_1078_cov_1.143695_1	014_14_RA23_GMCF3029a.meta__NODE_17711_length_1230_cov_3.954894_2	47.6	227
012_12_RA18_GMCF3029a.sc__NODE_34112_length_1078_cov_1.143695_1	014_14_RA23_GMCF3029a.sc__NODE_25134_length_1230_cov_3.954894_2	47.6	227
012_12_RA18_GMCF3029a.sc__NODE_34112_length_1078_cov_1.143695_1	012_12_RA18_GMCF3029a.meta__NODE_8842_length_1651_cov_3.550752_1	50.7	221
012_12_RA18_GMCF3029a.sc__NODE_34112_length_1078_cov_1.143695_1	011_11_RA17_GMCF3029a.sc__NODE_2819_length_2023_cov_5.811484_2	47.6	227
012_12_RA18_GMCF3029a.sc__NODE_34112_length_1078_cov_1.143695_1	011_11_RA17_GMCF3029a.meta__NODE_474_length_3961_cov_5.335381_3	47.6	227
012_12_RA18_GMCF3029a.sc__NODE_34112_length_1078_cov_1.143695_1	014_14_RA23_GMCF3029a.sc__NODE_22759_length_1284_cov_3.219691_1	46.3	227
012_12_RA18_GMCF3029a.sc__NODE_34112_length_1078_cov_1.143695_1	013_13_RA22_GMCF3029a.sc__NODE_13165_length_1199_cov_2.816434_1	45.2	221
012_12_RA18_GMCF3029a.sc__NODE_34112_length_1078_cov_1.143695_1	012_12_RA18_GMCF3029a.meta__NODE_119542_length_560_cov_3.746535_1	50.6	164
012_12_RA18_GMCF3029a.sc__NODE_34112_length_1078_cov_1.143695_1	013_13_RA22_GMCF3029a.meta__NODE_22959_length_845_cov_3.321519_1	45.8	168
012_12_RA18_GMCF3029a.sc__NODE_34112_length_1078_cov_1.143695_1	012_12_RA18_GMCF3029a.sc__NODE_19488_length_1355_cov_4.950769_1	52.0	150
012_12_RA18_GMCF3029a.sc__NODE_34112_length_1078_cov_1.143695_1	012_12_RA18_GMCF3029a.sc__NODE_18129_length_1397_cov_3.230253_1	48.6	142
012_12_RA18_GMCF3029a.sc__NODE_34112_length_1078_cov_1.143695_1	012_12_RA18_GMCF3029a.meta__NODE_55520_length_763_cov_2.912429_1	47.4	116
012_12_RA18_GMCF3029a.sc__NODE_34112_length_1078_cov_1.143695_1	012_12_RA18_GMCF3029a.sc__NODE_79709_length_764_cov_2.882934_1	47.1	119
012_12_RA18_GMCF3029a.sc__NODE_34112_length_1078_cov_1.143695_1	014_14_RA23_GMCF3029a.meta__NODE_816_length_3395_cov_8.819162_1	33.1	236
012_12_RA18_GMCF3029a.sc__NODE_34112_length_1078_cov_1.143695_1	010_10_RA16_GMCF3029a.sc__NODE_474_length_3931_cov_13.201238_2	33.1	236
012_12_RA18_GMCF3029a.sc__NODE_34112_length_1078_cov_1.143695_1	011_11_RA17_GMCF3029a.meta__NODE_224_length_5064_cov_10.771811_3	33.1	236
012_12_RA18_GMCF3029a.sc__NODE_34112_length_1078_cov_1.143695_1	012_12_RA18_GMCF3029a.meta__NODE_835_length_4242_cov_15.534989_2	33.1	236
012_12_RA18_GMCF3029a.sc__NODE_34112_length_1078_cov_1.143695_1	012_12_RA18_GMCF3029a.sc__NODE_2306_length_3341_cov_12.778150_3	33.1	236
012_12_RA18_GMCF3029a.sc__NODE_34112_length_1078_cov_1.143695_1	014_14_RA23_GMCF3029a.sc__NODE_533_length_5213_cov_7.401706_3	33.1	236
012_12_RA18_GMCF3029a.sc__NODE_34112_length_1078_cov_1.143695_1	012_12_RA18_GMCF3029a.sc__NODE_1900_length_3632_cov_3.671792_4	31.1	219
012_12_RA18_GMCF3029a.sc__NODE_34112_length_1078_cov_1.143695_1	011_11_RA17_GMCF3029a.meta__NODE_1184_length_2902_cov_6.685634_1	30.0	237
012_12_RA18_GMCF3029a.sc__NODE_34112_length_1078_cov_1.143695_1	010_10_RA16_GMCF3029a.sc__NODE_1218_length_2862_cov_8.169932_1	30.0	237
012_12_RA18_GMCF3029a.sc__NODE_34112_length_1078_cov_1.143695_1	011_11_RA17_GMCF3029a.sc__NODE_13048_length_1208_cov_6.758890_1	33.0	179
012_12_RA18_GMCF3029a.sc__NODE_42093_length_988_cov_1.807074_1	012_12_RA18_GMCF3029a.sc__NODE_42093_length_988_cov_1.807074_1	100	307
012_12_RA18_GMCF3029a.sc__NODE_42093_length_988_cov_1.807074_1	012_12_RA18_GMCF3029a.meta__NODE_117050_length_565_cov_2.476471_1	100	187
012_12_RA18_GMCF3029a.sc__NODE_42093_length_988_cov_1.807074_1	012_12_RA18_GMCF3029a.sc__NODE_165471_length_572_cov_2.889749_1	95.5	177
012_12_RA18_GMCF3029a.sc__NODE_42093_length_988_cov_1.807074_1	012_12_RA18_GMCF3029a.meta__NODE_115492_length_568_cov_2.327485_1	97.0	169
012_12_RA18_GMCF3029a.sc__NODE_42093_length_988_cov_1.807074_1	014_14_RA23_GMCF3029a.meta__NODE_16155_length_1274_cov_3.269893_1	31.9	304
012_12_RA18_GMCF3029a.sc__NODE_42093_length_988_cov_1.807074_1	014_14_RA23_GMCF3029a.sc__NODE_21321_length_1322_cov_3.225730_1	31.9	304
012_12_RA18_GMCF3029a.sc__NODE_42093_length_988_cov_1.807074_1	013_13_RA22_GMCF3029a.meta__NODE_28427_length_775_cov_3.363889_1	30.3	211
012_12_RA18_GMCF3029a.sc__NODE_42093_length_988_cov_1.807074_1	011_11_RA17_GMCF3029a.sc__NODE_55900_length_718_cov_3.333333_1	32.7	211
012_12_RA18_GMCF3029a.sc__NODE_44345_length_967_cov_2.605263_1	012_12_RA18_GMCF3029a.sc__NODE_44345_length_967_cov_2.605263_1	100	322
012_12_RA18_GMCF3029a.sc__NODE_45102_length_961_cov_1.683223_1	012_12_RA18_GMCF3029a.sc__NODE_45102_length_961_cov_1.683223_1	100	301
012_12_RA18_GMCF3029a.sc__NODE_45102_length_961_cov_1.683223_1	012_12_RA18_GMCF3029a.meta__NODE_43493_length_843_cov_1.854061_1	100	262
012_12_RA18_GMCF3029a.sc__NODE_45102_length_961_cov_1.683223_1	012_12_RA18_GMCF3029a.meta__NODE_108838_length_581_cov_3.045627_1	75.2	157
012_12_RA18_GMCF3029a.sc__NODE_45102_length_961_cov_1.683223_1	012_12_RA18_GMCF3029a.sc__NODE_154225_length_588_cov_2.864916_1	77.4	137
012_12_RA18_GMCF3029a.sc__NODE_45102_length_961_cov_1.683223_1	014_14_RA23_GMCF3029a.meta__NODE_58913_length_744_cov_2.390421_1	57.4	155
012_12_RA18_GMCF3029a.sc__NODE_45102_length_961_cov_1.683223_1	014_14_RA23_GMCF3029a.sc__NODE_74379_length_744_cov_2.436865_1	57.4	155
012_12_RA18_GMCF3029a.sc__NODE_45102_length_961_cov_1.683223_1	012_12_RA18_GMCF3029a.meta__NODE_42745_length_849_cov_2.204030_1	36.6	279
012_12_RA18_GMCF3029a.sc__NODE_45102_length_961_cov_1.683223_1	012_12_RA18_GMCF3029a.sc__NODE_61213_length_849_cov_2.204030_1	36.6	279
012_12_RA18_GMCF3029a.sc__NODE_45102_length_961_cov_1.683223_1	012_12_RA18_GMCF3029a.sc__NODE_32135_length_1104_cov_1.572927_1	41.3	225
012_12_RA18_GMCF3029a.sc__NODE_45102_length_961_cov_1.683223_1	013_13_RA22_GMCF3029a.meta__NODE_3560_length_1709_cov_3.212213_3	41.7	168
012_12_RA18_GMCF3029a.sc__NODE_45102_length_961_cov_1.683223_1	013_13_RA22_GMCF3029a.sc__NODE_3191_length_2099_cov_2.980431_1	41.7	168
012_12_RA18_GMCF3029a.sc__NODE_45102_length_961_cov_1.683223_1	013_13_RA22_GMCF3029a.meta__NODE_4827_length_1527_cov_3.934783_3	37.6	165
012_12_RA18_GMCF3029a.sc__NODE_45102_length_961_cov_1.683223_1	013_13_RA22_GMCF3029a.sc__NODE_7100_length_1527_cov_3.932065_1	37.6	165
012_12_RA18_GMCF3029a.sc__NODE_45102_length_961_cov_1.683223_1	012_12_RA18_GMCF3029a.meta__NODE_113088_length_573_cov_1.494208_1	34.5	197
012_12_RA18_GMCF3029a.sc__NODE_45102_length_961_cov_1.683223_1	013_13_RA22_GMCF3029a.sc__NODE_87294_length_555_cov_1.680000_1	34.5	174
012_12_RA18_GMCF3029a.sc__NODE_45102_length_961_cov_1.683223_1	013_13_RA22_GMCF3029a.meta__NODE_7577_length_1291_cov_7.369741_1	32.1	162
012_12_RA18_GMCF3029a.sc__NODE_45102_length_961_cov_1.683223_1	013_13_RA22_GMCF3029a.sc__NODE_10858_length_1293_cov_7.333086_1	32.1	162
012_12_RA18_GMCF3029a.sc__NODE_56639_length_876_cov_1.556638_1	012_12_RA18_GMCF3029a.sc__NODE_56639_length_876_cov_1.556638_1	100	292
012_12_RA18_GMCF3029a.sc__NODE_56639_length_876_cov_1.556638_1	014_14_RA23_GMCF3029a.meta__NODE_70438_length_687_cov_3.452532_1	77.9	190
012_12_RA18_GMCF3029a.sc__NODE_56639_length_876_cov_1.556638_1	014_14_RA23_GMCF3029a.sc__NODE_87737_length_687_cov_3.446203_1	77.9	190
012_12_RA18_GMCF3029a.sc__NODE_56639_length_876_cov_1.556638_1	011_11_RA17_GMCF3029a.sc__NODE_39565_length_815_cov_2.514474_1	94.6	168
012_12_RA18_GMCF3029a.sc__NODE_56639_length_876_cov_1.556638_1	013_13_RA22_GMCF3029a.meta__NODE_65577_length_556_cov_2.227545_1	96.6	118
012_12_RA18_GMCF3029a.sc__NODE_56639_length_876_cov_1.556638_1	013_13_RA22_GMCF3029a.sc__NODE_86808_length_556_cov_2.227545_1	96.6	118
012_12_RA18_GMCF3029a.sc__NODE_56639_length_876_cov_1.556638_1	013_13_RA22_GMCF3029a.meta__NODE_24287_length_825_cov_2.761039_1	89.6	125
012_12_RA18_GMCF3029a.sc__NODE_56639_length_876_cov_1.556638_1	013_13_RA22_GMCF3029a.sc__NODE_6654_length_1568_cov_2.377396_1	88.2	119
012_12_RA18_GMCF3029a.sc__NODE_56639_length_876_cov_1.556638_1	012_12_RA18_GMCF3029a.sc__NODE_231690_length_501_cov_1.278027_1	54.5	167
012_12_RA18_GMCF3029a.sc__NODE_56639_length_876_cov_1.556638_1	013_13_RA22_GMCF3029a.meta__NODE_3077_length_1800_cov_2.651576_2	29.5	295
012_12_RA18_GMCF3029a.sc__NODE_56639_length_876_cov_1.556638_1	013_13_RA22_GMCF3029a.sc__NODE_4631_length_1812_cov_3.529880_2	29.5	295
012_12_RA18_GMCF3029a.sc__NODE_56639_length_876_cov_1.556638_1	013_13_RA22_GMCF3029a.meta__NODE_28427_length_775_cov_3.363889_1	32.9	225
012_12_RA18_GMCF3029a.sc__NODE_56639_length_876_cov_1.556638_1	012_12_RA18_GMCF3029a.meta__NODE_154737_length_506_cov_3.607539_1	46.7	105
012_12_RA18_GMCF3029a.sc__NODE_56639_length_876_cov_1.556638_1	012_12_RA18_GMCF3029a.meta__NODE_90023_length_627_cov_1.737762_1	32.5	212
012_12_RA18_GMCF3029a.sc__NODE_56639_length_876_cov_1.556638_1	012_12_RA18_GMCF3029a.sc__NODE_131653_length_627_cov_1.737762_1	32.5	212
012_12_RA18_GMCF3029a.sc__NODE_56639_length_876_cov_1.556638_1	012_12_RA18_GMCF3029a.meta__NODE_7943_length_1729_cov_2.945042_3	43.9	107
012_12_RA18_GMCF3029a.sc__NODE_56639_length_876_cov_1.556638_1	012_12_RA18_GMCF3029a.meta__NODE_112497_length_574_cov_1.951830_1	32.1	196
012_12_RA18_GMCF3029a.sc__NODE_56639_length_876_cov_1.556638_1	012_12_RA18_GMCF3029a.sc__NODE_164220_length_574_cov_2.119461_1	32.1	196
012_12_RA18_GMCF3029a.sc__NODE_61213_length_849_cov_2.204030_1	012_12_RA18_GMCF3029a.meta__NODE_42745_length_849_cov_2.204030_1	100	282
012_12_RA18_GMCF3029a.sc__NODE_61213_length_849_cov_2.204030_1	012_12_RA18_GMCF3029a.sc__NODE_61213_length_849_cov_2.204030_1	100	282
012_12_RA18_GMCF3029a.sc__NODE_61213_length_849_cov_2.204030_1	012_12_RA18_GMCF3029a.sc__NODE_45102_length_961_cov_1.683223_1	36.8	277
012_12_RA18_GMCF3029a.sc__NODE_61213_length_849_cov_2.204030_1	012_12_RA18_GMCF3029a.meta__NODE_43493_length_843_cov_1.854061_1	37.9	240
012_12_RA18_GMCF3029a.sc__NODE_61213_length_849_cov_2.204030_1	014_14_RA23_GMCF3029a.meta__NODE_58913_length_744_cov_2.390421_1	42.0	169
012_12_RA18_GMCF3029a.sc__NODE_61213_length_849_cov_2.204030_1	014_14_RA23_GMCF3029a.sc__NODE_74379_length_744_cov_2.436865_1	42.0	169
012_12_RA18_GMCF3029a.sc__NODE_61213_length_849_cov_2.204030_1	012_12_RA18_GMCF3029a.meta__NODE_108838_length_581_cov_3.045627_1	36.8	163
012_12_RA18_GMCF3029a.sc__NODE_61213_length_849_cov_2.204030_1	012_12_RA18_GMCF3029a.sc__NODE_32135_length_1104_cov_1.572927_1	36.4	206
012_12_RA18_GMCF3029a.sc__NODE_61213_length_849_cov_2.204030_1	012_12_RA18_GMCF3029a.sc__NODE_154225_length_588_cov_2.864916_1	37.2	145
012_12_RA18_GMCF3029a.sc__NODE_79709_length_764_cov_2.882934_1	012_12_RA18_GMCF3029a.sc__NODE_79709_length_764_cov_2.882934_1	100	254
012_12_RA18_GMCF3029a.sc__NODE_79709_length_764_cov_2.882934_1	012_12_RA18_GMCF3029a.meta__NODE_55520_length_763_cov_2.912429_1	98.0	254
012_12_RA18_GMCF3029a.sc__NODE_79709_length_764_cov_2.882934_1	012_12_RA18_GMCF3029a.sc__NODE_19488_length_1355_cov_4.950769_1	66.1	254
012_12_RA18_GMCF3029a.sc__NODE_79709_length_764_cov_2.882934_1	012_12_RA18_GMCF3029a.meta__NODE_8842_length_1651_cov_3.550752_1	65.4	254
012_12_RA18_GMCF3029a.sc__NODE_79709_length_764_cov_2.882934_1	011_11_RA17_GMCF3029a.sc__NODE_2819_length_2023_cov_5.811484_2	66.1	254
012_12_RA18_GMCF3029a.sc__NODE_79709_length_764_cov_2.882934_1	011_11_RA17_GMCF3029a.meta__NODE_474_length_3961_cov_5.335381_3	66.1	254
012_12_RA18_GMCF3029a.sc__NODE_79709_length_764_cov_2.882934_1	014_14_RA23_GMCF3029a.sc__NODE_22759_length_1284_cov_3.219691_1	63.8	254
012_12_RA18_GMCF3029a.sc__NODE_79709_length_764_cov_2.882934_1	013_13_RA22_GMCF3029a.meta__NODE_22959_length_845_cov_3.321519_1	57.2	222
012_12_RA18_GMCF3029a.sc__NODE_79709_length_764_cov_2.882934_1	013_13_RA22_GMCF3029a.sc__NODE_13165_length_1199_cov_2.816434_1	57.2	222
012_12_RA18_GMCF3029a.sc__NODE_79709_length_764_cov_2.882934_1	014_14_RA23_GMCF3029a.meta__NODE_17711_length_1230_cov_3.954894_2	76.4	144
012_12_RA18_GMCF3029a.sc__NODE_79709_length_764_cov_2.882934_1	014_14_RA23_GMCF3029a.sc__NODE_25134_length_1230_cov_3.954894_2	76.4	144
012_12_RA18_GMCF3029a.sc__NODE_79709_length_764_cov_2.882934_1	012_12_RA18_GMCF3029a.meta__NODE_119542_length_560_cov_3.746535_1	75.0	140
012_12_RA18_GMCF3029a.sc__NODE_79709_length_764_cov_2.882934_1	011_11_RA17_GMCF3029a.sc__NODE_40381_length_809_cov_2.041114_1	48.3	120
012_12_RA18_GMCF3029a.sc__NODE_79709_length_764_cov_2.882934_1	012_12_RA18_GMCF3029a.sc__NODE_34112_length_1078_cov_1.143695_1	47.1	119
012_12_RA18_GMCF3029a.sc__NODE_83862_length_749_cov_2.112392_1	012_12_RA18_GMCF3029a.sc__NODE_83862_length_749_cov_2.112392_1	100	249
012_12_RA18_GMCF3029a.sc__NODE_83862_length_749_cov_2.112392_1	012_12_RA18_GMCF3029a.meta__NODE_52305_length_782_cov_1.971114_1	99.2	248
012_12_RA18_GMCF3029a.sc__NODE_83862_length_749_cov_2.112392_1	014_14_RA23_GMCF3029a.meta__NODE_816_length_3395_cov_8.819162_1	44.5	238
012_12_RA18_GMCF3029a.sc__NODE_83862_length_749_cov_2.112392_1	010_10_RA16_GMCF3029a.sc__NODE_474_length_3931_cov_13.201238_2	44.5	238
012_12_RA18_GMCF3029a.sc__NODE_83862_length_749_cov_2.112392_1	011_11_RA17_GMCF3029a.meta__NODE_224_length_5064_cov_10.771811_3	44.5	238
012_12_RA18_GMCF3029a.sc__NODE_83862_length_749_cov_2.112392_1	012_12_RA18_GMCF3029a.meta__NODE_835_length_4242_cov_15.534989_2	44.5	238
012_12_RA18_GMCF3029a.sc__NODE_83862_length_749_cov_2.112392_1	012_12_RA18_GMCF3029a.sc__NODE_2306_length_3341_cov_12.778150_3	44.5	238
012_12_RA18_GMCF3029a.sc__NODE_83862_length_749_cov_2.112392_1	014_14_RA23_GMCF3029a.sc__NODE_533_length_5213_cov_7.401706_3	44.5	238
012_12_RA18_GMCF3029a.sc__NODE_83862_length_749_cov_2.112392_1	011_11_RA17_GMCF3029a.meta__NODE_1184_length_2902_cov_6.685634_1	42.0	245
012_12_RA18_GMCF3029a.sc__NODE_83862_length_749_cov_2.112392_1	010_10_RA16_GMCF3029a.sc__NODE_1218_length_2862_cov_8.169932_1	42.0	245
012_12_RA18_GMCF3029a.sc__NODE_83862_length_749_cov_2.112392_1	013_13_RA22_GMCF3029a.meta__NODE_23871_length_831_cov_4.630155_1	34.2	187
012_12_RA18_GMCF3029a.sc__NODE_83862_length_749_cov_2.112392_1	013_13_RA22_GMCF3029a.sc__NODE_32703_length_831_cov_4.630155_1	34.2	187
012_12_RA18_GMCF3029a.sc__NODE_87312_length_737_cov_2.359238_1	012_12_RA18_GMCF3029a.sc__NODE_87312_length_737_cov_2.359238_1	100	218
012_12_RA18_GMCF3029a.sc__NODE_87312_length_737_cov_2.359238_1	012_12_RA18_GMCF3029a.meta__NODE_60452_length_737_cov_2.378299_1	99.5	218
012_12_RA18_GMCF3029a.sc__NODE_87312_length_737_cov_2.359238_1	010_10_RA16_GMCF3029a.meta__NODE_32052_length_633_cov_3.269896_1	52.1	188
012_12_RA18_GMCF3029a.sc__NODE_87312_length_737_cov_2.359238_1	010_10_RA16_GMCF3029a.sc__NODE_39323_length_633_cov_3.269896_1	52.1	188
012_12_RA18_GMCF3029a.sc__NODE_92777_length_719_cov_4.204819_1	012_12_RA18_GMCF3029a.meta__NODE_64064_length_719_cov_4.120482_1	100	178
012_12_RA18_GMCF3029a.sc__NODE_92777_length_719_cov_4.204819_1	012_12_RA18_GMCF3029a.sc__NODE_92777_length_719_cov_4.204819_1	100	178
012_12_RA18_GMCF3029a.sc__NODE_92777_length_719_cov_4.204819_1	014_14_RA23_GMCF3029a.meta__NODE_16155_length_1274_cov_3.269893_1	41.5	147
012_12_RA18_GMCF3029a.sc__NODE_92777_length_719_cov_4.204819_1	014_14_RA23_GMCF3029a.sc__NODE_21321_length_1322_cov_3.225730_1	41.5	147
012_12_RA18_GMCF3029a.sc__NODE_122956_length_644_cov_1.850594_1	012_12_RA18_GMCF3029a.sc__NODE_122956_length_644_cov_1.850594_1	100	214
012_12_RA18_GMCF3029a.sc__NODE_122956_length_644_cov_1.850594_1	011_11_RA17_GMCF3029a.sc__NODE_13048_length_1208_cov_6.758890_1	83.6	213
012_12_RA18_GMCF3029a.sc__NODE_122956_length_644_cov_1.850594_1	012_12_RA18_GMCF3029a.meta__NODE_20436_length_1159_cov_7.259058_1	82.2	213
012_12_RA18_GMCF3029a.sc__NODE_122956_length_644_cov_1.850594_1	011_11_RA17_GMCF3029a.meta__NODE_1184_length_2902_cov_6.685634_1	83.6	213
012_12_RA18_GMCF3029a.sc__NODE_122956_length_644_cov_1.850594_1	013_13_RA22_GMCF3029a.sc__NODE_4121_length_1894_cov_2.593801_2	82.2	213
012_12_RA18_GMCF3029a.sc__NODE_122956_length_644_cov_1.850594_1	010_10_RA16_GMCF3029a.sc__NODE_1218_length_2862_cov_8.169932_1	83.6	213
012_12_RA18_GMCF3029a.sc__NODE_122956_length_644_cov_1.850594_1	012_12_RA18_GMCF3029a.sc__NODE_14752_length_1522_cov_2.741650_1	79.9	214
012_12_RA18_GMCF3029a.sc__NODE_122956_length_644_cov_1.850594_1	011_11_RA17_GMCF3029a.sc__NODE_16235_length_1119_cov_3.645677_1	71.1	211
012_12_RA18_GMCF3029a.sc__NODE_122956_length_644_cov_1.850594_1	012_12_RA18_GMCF3029a.sc__NODE_25425_length_1215_cov_3.584483_1	78.4	176
012_12_RA18_GMCF3029a.sc__NODE_131653_length_627_cov_1.737762_1	012_12_RA18_GMCF3029a.meta__NODE_90023_length_627_cov_1.737762_1	100	208
012_12_RA18_GMCF3029a.sc__NODE_131653_length_627_cov_1.737762_1	012_12_RA18_GMCF3029a.sc__NODE_131653_length_627_cov_1.737762_1	100	208
012_12_RA18_GMCF3029a.sc__NODE_131653_length_627_cov_1.737762_1	013_13_RA22_GMCF3029a.meta__NODE_3077_length_1800_cov_2.651576_2	81.7	208
012_12_RA18_GMCF3029a.sc__NODE_131653_length_627_cov_1.737762_1	013_13_RA22_GMCF3029a.sc__NODE_4631_length_1812_cov_3.529880_2	81.7	208
012_12_RA18_GMCF3029a.sc__NODE_131653_length_627_cov_1.737762_1	012_12_RA18_GMCF3029a.meta__NODE_112497_length_574_cov_1.951830_1	86.0	178
012_12_RA18_GMCF3029a.sc__NODE_131653_length_627_cov_1.737762_1	012_12_RA18_GMCF3029a.sc__NODE_164220_length_574_cov_2.119461_1	86.0	178
012_12_RA18_GMCF3029a.sc__NODE_131653_length_627_cov_1.737762_1	012_12_RA18_GMCF3029a.sc__NODE_189926_length_542_cov_1.915811_1	75.6	156
012_12_RA18_GMCF3029a.sc__NODE_131653_length_627_cov_1.737762_1	012_12_RA18_GMCF3029a.sc__NODE_33331_length_1087_cov_3.501938_1	39.0	213
012_12_RA18_GMCF3029a.sc__NODE_131653_length_627_cov_1.737762_1	012_12_RA18_GMCF3029a.meta__NODE_31032_length_972_cov_3.760087_1	38.9	185
012_12_RA18_GMCF3029a.sc__NODE_131653_length_627_cov_1.737762_1	012_12_RA18_GMCF3029a.meta__NODE_154737_length_506_cov_3.607539_1	64.6	79
012_12_RA18_GMCF3029a.sc__NODE_131653_length_627_cov_1.737762_1	012_12_RA18_GMCF3029a.meta__NODE_7943_length_1729_cov_2.945042_3	65.8	79
012_12_RA18_GMCF3029a.sc__NODE_131653_length_627_cov_1.737762_1	011_11_RA17_GMCF3029a.sc__NODE_126388_length_533_cov_1.531381_1	79.0	62
012_12_RA18_GMCF3029a.sc__NODE_131653_length_627_cov_1.737762_1	012_12_RA18_GMCF3029a.sc__NODE_56639_length_876_cov_1.556638_1	32.5	212
012_12_RA18_GMCF3029a.sc__NODE_149745_length_595_cov_2.203704_1	012_12_RA18_GMCF3029a.meta__NODE_102469_length_595_cov_2.203704_1	100	198
012_12_RA18_GMCF3029a.sc__NODE_149745_length_595_cov_2.203704_1	012_12_RA18_GMCF3029a.sc__NODE_149745_length_595_cov_2.203704_1	100	198
012_12_RA18_GMCF3029a.sc__NODE_149745_length_595_cov_2.203704_1	012_12_RA18_GMCF3029a.meta__NODE_127982_length_546_cov_1.761711_1	53.7	134
012_12_RA18_GMCF3029a.sc__NODE_149745_length_595_cov_2.203704_1	012_12_RA18_GMCF3029a.sc__NODE_181561_length_552_cov_1.726358_1	51.3	119
012_12_RA18_GMCF3029a.sc__NODE_149745_length_595_cov_2.203704_1	012_12_RA18_GMCF3029a.sc__NODE_33331_length_1087_cov_3.501938_1	49.6	119
012_12_RA18_GMCF3029a.sc__NODE_149745_length_595_cov_2.203704_1	013_13_RA22_GMCF3029a.meta__NODE_3077_length_1800_cov_2.651576_2	35.2	196
012_12_RA18_GMCF3029a.sc__NODE_149745_length_595_cov_2.203704_1	013_13_RA22_GMCF3029a.sc__NODE_4631_length_1812_cov_3.529880_2	35.2	196
012_12_RA18_GMCF3029a.sc__NODE_149745_length_595_cov_2.203704_1	009_9_RA15_GMCF3029a.meta__NODE_30980_length_607_cov_1.697464_1	55.8	95
012_12_RA18_GMCF3029a.sc__NODE_149745_length_595_cov_2.203704_1	009_9_RA15_GMCF3029a.sc__NODE_38030_length_607_cov_1.697464_1	55.8	95
012_12_RA18_GMCF3029a.sc__NODE_149745_length_595_cov_2.203704_1	012_12_RA18_GMCF3029a.sc__NODE_18185_length_1395_cov_3.590299_2	85.5	55
012_12_RA18_GMCF3029a.sc__NODE_149745_length_595_cov_2.203704_1	013_13_RA22_GMCF3029a.meta__NODE_28427_length_775_cov_3.363889_1	34.5	148
012_12_RA18_GMCF3029a.sc__NODE_149745_length_595_cov_2.203704_1	013_13_RA22_GMCF3029a.sc__NODE_31369_length_846_cov_15.948167_1	34.5	148
012_12_RA18_GMCF3029a.sc__NODE_154225_length_588_cov_2.864916_1	012_12_RA18_GMCF3029a.sc__NODE_154225_length_588_cov_2.864916_1	100	195
012_12_RA18_GMCF3029a.sc__NODE_154225_length_588_cov_2.864916_1	012_12_RA18_GMCF3029a.meta__NODE_108838_length_581_cov_3.045627_1	100	171
012_12_RA18_GMCF3029a.sc__NODE_154225_length_588_cov_2.864916_1	012_12_RA18_GMCF3029a.sc__NODE_45102_length_961_cov_1.683223_1	77.4	137
012_12_RA18_GMCF3029a.sc__NODE_154225_length_588_cov_2.864916_1	014_14_RA23_GMCF3029a.meta__NODE_58913_length_744_cov_2.390421_1	55.0	171
012_12_RA18_GMCF3029a.sc__NODE_154225_length_588_cov_2.864916_1	014_14_RA23_GMCF3029a.sc__NODE_74379_length_744_cov_2.436865_1	55.0	171
012_12_RA18_GMCF3029a.sc__NODE_154225_length_588_cov_2.864916_1	012_12_RA18_GMCF3029a.meta__NODE_43493_length_843_cov_1.854061_1	79.8	99
012_12_RA18_GMCF3029a.sc__NODE_154225_length_588_cov_2.864916_1	012_12_RA18_GMCF3029a.sc__NODE_32135_length_1104_cov_1.572927_1	46.6	176
012_12_RA18_GMCF3029a.sc__NODE_154225_length_588_cov_2.864916_1	012_12_RA18_GMCF3029a.meta__NODE_42745_length_849_cov_2.204030_1	37.2	145
012_12_RA18_GMCF3029a.sc__NODE_154225_length_588_cov_2.864916_1	012_12_RA18_GMCF3029a.sc__NODE_61213_length_849_cov_2.204030_1	37.2	145
012_12_RA18_GMCF3029a.sc__NODE_154225_length_588_cov_2.864916_1	012_12_RA18_GMCF3029a.meta__NODE_119275_length_561_cov_1.950593_1	35.2	145
012_12_RA18_GMCF3029a.sc__NODE_154225_length_588_cov_2.864916_1	012_12_RA18_GMCF3029a.sc__NODE_174140_length_561_cov_1.857708_1	35.2	145
012_12_RA18_GMCF3029a.sc__NODE_154225_length_588_cov_2.864916_1	014_14_RA23_GMCF3029a.meta__NODE_33743_length_949_cov_3.372483_1	33.9	127
012_12_RA18_GMCF3029a.sc__NODE_154225_length_588_cov_2.864916_1	014_14_RA23_GMCF3029a.sc__NODE_44567_length_949_cov_3.372483_1	33.9	127
012_12_RA18_GMCF3029a.sc__NODE_154225_length_588_cov_2.864916_1	013_13_RA22_GMCF3029a.meta__NODE_7577_length_1291_cov_7.369741_1	32.7	153
012_12_RA18_GMCF3029a.sc__NODE_154225_length_588_cov_2.864916_1	013_13_RA22_GMCF3029a.sc__NODE_10858_length_1293_cov_7.333086_1	32.7	153
012_12_RA18_GMCF3029a.sc__NODE_154225_length_588_cov_2.864916_1	013_13_RA22_GMCF3029a.meta__NODE_38465_length_689_cov_1.687697_2	37.8	127
012_12_RA18_GMCF3029a.sc__NODE_154225_length_588_cov_2.864916_1	013_13_RA22_GMCF3029a.sc__NODE_51794_length_689_cov_1.687697_2	37.8	127
012_12_RA18_GMCF3029a.sc__NODE_164220_length_574_cov_2.119461_1	012_12_RA18_GMCF3029a.meta__NODE_112497_length_574_cov_1.951830_1	100	191
012_12_RA18_GMCF3029a.sc__NODE_164220_length_574_cov_2.119461_1	012_12_RA18_GMCF3029a.sc__NODE_164220_length_574_cov_2.119461_1	100	191
012_12_RA18_GMCF3029a.sc__NODE_164220_length_574_cov_2.119461_1	012_12_RA18_GMCF3029a.meta__NODE_90023_length_627_cov_1.737762_1	86.0	178
012_12_RA18_GMCF3029a.sc__NODE_164220_length_574_cov_2.119461_1	012_12_RA18_GMCF3029a.sc__NODE_131653_length_627_cov_1.737762_1	86.0	178
012_12_RA18_GMCF3029a.sc__NODE_164220_length_574_cov_2.119461_1	013_13_RA22_GMCF3029a.meta__NODE_3077_length_1800_cov_2.651576_2	79.5	190
012_12_RA18_GMCF3029a.sc__NODE_164220_length_574_cov_2.119461_1	013_13_RA22_GMCF3029a.sc__NODE_4631_length_1812_cov_3.529880_2	79.5	190
012_12_RA18_GMCF3029a.sc__NODE_164220_length_574_cov_2.119461_1	012_12_RA18_GMCF3029a.sc__NODE_189926_length_542_cov_1.915811_1	76.6	141
012_12_RA18_GMCF3029a.sc__NODE_164220_length_574_cov_2.119461_1	012_12_RA18_GMCF3029a.meta__NODE_31032_length_972_cov_3.760087_1	39.2	189
012_12_RA18_GMCF3029a.sc__NODE_164220_length_574_cov_2.119461_1	012_12_RA18_GMCF3029a.sc__NODE_33331_length_1087_cov_3.501938_1	39.2	189
012_12_RA18_GMCF3029a.sc__NODE_164220_length_574_cov_2.119461_1	012_12_RA18_GMCF3029a.meta__NODE_7943_length_1729_cov_2.945042_3	64.0	86
012_12_RA18_GMCF3029a.sc__NODE_164220_length_574_cov_2.119461_1	012_12_RA18_GMCF3029a.meta__NODE_154737_length_506_cov_3.607539_1	61.6	86
012_12_RA18_GMCF3029a.sc__NODE_164220_length_574_cov_2.119461_1	012_12_RA18_GMCF3029a.sc__NODE_56639_length_876_cov_1.556638_1	32.1	196
012_12_RA18_GMCF3029a.sc__NODE_164220_length_574_cov_2.119461_1	010_10_RA16_GMCF3029a.sc__NODE_7214_length_1406_cov_4.330126_2	31.2	189
012_12_RA18_GMCF3029a.sc__NODE_165471_length_572_cov_2.889749_1	012_12_RA18_GMCF3029a.sc__NODE_165471_length_572_cov_2.889749_1	100	190
012_12_RA18_GMCF3029a.sc__NODE_165471_length_572_cov_2.889749_1	012_12_RA18_GMCF3029a.meta__NODE_115492_length_568_cov_2.327485_1	98.4	188
012_12_RA18_GMCF3029a.sc__NODE_165471_length_572_cov_2.889749_1	012_12_RA18_GMCF3029a.sc__NODE_42093_length_988_cov_1.807074_1	95.5	177
012_12_RA18_GMCF3029a.sc__NODE_165471_length_572_cov_2.889749_1	012_12_RA18_GMCF3029a.meta__NODE_117050_length_565_cov_2.476471_1	92.6	108
012_12_RA18_GMCF3029a.sc__NODE_174140_length_561_cov_1.857708_1	012_12_RA18_GMCF3029a.sc__NODE_174140_length_561_cov_1.857708_1	100	186
012_12_RA18_GMCF3029a.sc__NODE_174140_length_561_cov_1.857708_1	012_12_RA18_GMCF3029a.meta__NODE_119275_length_561_cov_1.950593_1	99.5	186
012_12_RA18_GMCF3029a.sc__NODE_174140_length_561_cov_1.857708_1	012_12_RA18_GMCF3029a.meta__NODE_108838_length_581_cov_3.045627_1	35.0	163
012_12_RA18_GMCF3029a.sc__NODE_174140_length_561_cov_1.857708_1	012_12_RA18_GMCF3029a.sc__NODE_154225_length_588_cov_2.864916_1	35.2	145
012_12_RA18_GMCF3029a.sc__NODE_175566_length_559_cov_2.375000_1	012_12_RA18_GMCF3029a.meta__NODE_120268_length_559_cov_2.402778_1	100	185
012_12_RA18_GMCF3029a.sc__NODE_175566_length_559_cov_2.375000_1	012_12_RA18_GMCF3029a.sc__NODE_175566_length_559_cov_2.375000_1	100	185
012_12_RA18_GMCF3029a.sc__NODE_175566_length_559_cov_2.375000_1	012_12_RA18_GMCF3029a.meta__NODE_22551_length_1113_cov_4.766541_1	85.7	49
012_12_RA18_GMCF3029a.sc__NODE_175566_length_559_cov_2.375000_1	012_12_RA18_GMCF3029a.sc__NODE_31475_length_1113_cov_4.766541_1	85.7	49
012_12_RA18_GMCF3029a.sc__NODE_181561_length_552_cov_1.726358_1	012_12_RA18_GMCF3029a.sc__NODE_181561_length_552_cov_1.726358_1	100	183
012_12_RA18_GMCF3029a.sc__NODE_181561_length_552_cov_1.726358_1	012_12_RA18_GMCF3029a.meta__NODE_127982_length_546_cov_1.761711_1	99.4	167
012_12_RA18_GMCF3029a.sc__NODE_181561_length_552_cov_1.726358_1	009_9_RA15_GMCF3029a.meta__NODE_30980_length_607_cov_1.697464_1	76.8	151
012_12_RA18_GMCF3029a.sc__NODE_181561_length_552_cov_1.726358_1	009_9_RA15_GMCF3029a.sc__NODE_38030_length_607_cov_1.697464_1	76.8	151
012_12_RA18_GMCF3029a.sc__NODE_181561_length_552_cov_1.726358_1	012_12_RA18_GMCF3029a.meta__NODE_102469_length_595_cov_2.203704_1	51.3	119
012_12_RA18_GMCF3029a.sc__NODE_181561_length_552_cov_1.726358_1	012_12_RA18_GMCF3029a.sc__NODE_149745_length_595_cov_2.203704_1	51.3	119
012_12_RA18_GMCF3029a.sc__NODE_181561_length_552_cov_1.726358_1	011_11_RA17_GMCF3029a.sc__NODE_96723_length_588_cov_1.512195_1	46.9	147
012_12_RA18_GMCF3029a.sc__NODE_181561_length_552_cov_1.726358_1	013_13_RA22_GMCF3029a.meta__NODE_3077_length_1800_cov_2.651576_2	43.3	171
012_12_RA18_GMCF3029a.sc__NODE_181561_length_552_cov_1.726358_1	013_13_RA22_GMCF3029a.sc__NODE_4631_length_1812_cov_3.529880_2	43.3	171
012_12_RA18_GMCF3029a.sc__NODE_181561_length_552_cov_1.726358_1	012_12_RA18_GMCF3029a.sc__NODE_18185_length_1395_cov_3.590299_2	51.9	104
012_12_RA18_GMCF3029a.sc__NODE_181561_length_552_cov_1.726358_1	011_11_RA17_GMCF3029a.sc__NODE_126388_length_533_cov_1.531381_1	42.9	156
012_12_RA18_GMCF3029a.sc__NODE_181561_length_552_cov_1.726358_1	013_13_RA22_GMCF3029a.sc__NODE_101205_length_521_cov_2.487124_1	45.5	99
012_12_RA18_GMCF3029a.sc__NODE_185685_length_547_cov_1.802846_1	012_12_RA18_GMCF3029a.sc__NODE_185685_length_547_cov_1.802846_1	100	182
012_12_RA18_GMCF3029a.sc__NODE_185685_length_547_cov_1.802846_1	010_10_RA16_GMCF3029a.meta__NODE_46039_length_537_cov_3.346473_1	54.3	94
012_12_RA18_GMCF3029a.sc__NODE_185685_length_547_cov_1.802846_1	010_10_RA16_GMCF3029a.sc__NODE_55017_length_537_cov_3.346473_1	54.3	94
012_12_RA18_GMCF3029a.sc__NODE_185685_length_547_cov_1.802846_1	014_14_RA23_GMCF3029a.meta__NODE_58913_length_744_cov_2.390421_1	37.7	167
012_12_RA18_GMCF3029a.sc__NODE_185685_length_547_cov_1.802846_1	014_14_RA23_GMCF3029a.sc__NODE_74379_length_744_cov_2.436865_1	37.7	167
012_12_RA18_GMCF3029a.sc__NODE_185685_length_547_cov_1.802846_1	013_13_RA22_GMCF3029a.meta__NODE_38465_length_689_cov_1.687697_2	35.7	126
012_12_RA18_GMCF3029a.sc__NODE_185685_length_547_cov_1.802846_1	013_13_RA22_GMCF3029a.sc__NODE_51794_length_689_cov_1.687697_2	35.7	126
012_12_RA18_GMCF3029a.sc__NODE_186631_length_546_cov_1.596741_1	012_12_RA18_GMCF3029a.sc__NODE_186631_length_546_cov_1.596741_1	100	182
012_12_RA18_GMCF3029a.sc__NODE_186631_length_546_cov_1.596741_1	010_10_RA16_GMCF3029a.sc__NODE_7214_length_1406_cov_4.330126_2	85.6	181
012_12_RA18_GMCF3029a.sc__NODE_186631_length_546_cov_1.596741_1	010_10_RA16_GMCF3029a.meta__NODE_15825_length_859_cov_5.455224_1	85.7	140
012_12_RA18_GMCF3029a.sc__NODE_186631_length_546_cov_1.596741_1	014_14_RA23_GMCF3029a.sc__NODE_119942_length_591_cov_2.246269_1	67.3	165
012_12_RA18_GMCF3029a.sc__NODE_186631_length_546_cov_1.596741_1	012_12_RA18_GMCF3029a.meta__NODE_7943_length_1729_cov_2.945042_3	44.6	148
012_12_RA18_GMCF3029a.sc__NODE_186631_length_546_cov_1.596741_1	012_12_RA18_GMCF3029a.meta__NODE_154737_length_506_cov_3.607539_1	42.9	140
012_12_RA18_GMCF3029a.sc__NODE_186631_length_546_cov_1.596741_1	013_13_RA22_GMCF3029a.meta__NODE_3077_length_1800_cov_2.651576_2	38.5	143
012_12_RA18_GMCF3029a.sc__NODE_186631_length_546_cov_1.596741_1	013_13_RA22_GMCF3029a.sc__NODE_4631_length_1812_cov_3.529880_2	38.5	143
012_12_RA18_GMCF3029a.sc__NODE_186631_length_546_cov_1.596741_1	010_10_RA16_GMCF3029a.meta__NODE_35614_length_603_cov_2.587591_1	87.8	49
012_12_RA18_GMCF3029a.sc__NODE_186631_length_546_cov_1.596741_1	014_14_RA23_GMCF3029a.meta__NODE_16155_length_1274_cov_3.269893_1	36.7	128
012_12_RA18_GMCF3029a.sc__NODE_186631_length_546_cov_1.596741_1	014_14_RA23_GMCF3029a.sc__NODE_21321_length_1322_cov_3.225730_1	36.7	128
012_12_RA18_GMCF3029a.sc__NODE_189926_length_542_cov_1.915811_1	012_12_RA18_GMCF3029a.sc__NODE_189926_length_542_cov_1.915811_1	100	180
012_12_RA18_GMCF3029a.sc__NODE_189926_length_542_cov_1.915811_1	013_13_RA22_GMCF3029a.meta__NODE_3077_length_1800_cov_2.651576_2	92.3	156
012_12_RA18_GMCF3029a.sc__NODE_189926_length_542_cov_1.915811_1	013_13_RA22_GMCF3029a.sc__NODE_4631_length_1812_cov_3.529880_2	92.3	156
012_12_RA18_GMCF3029a.sc__NODE_189926_length_542_cov_1.915811_1	012_12_RA18_GMCF3029a.meta__NODE_90023_length_627_cov_1.737762_1	75.6	156
012_12_RA18_GMCF3029a.sc__NODE_189926_length_542_cov_1.915811_1	012_12_RA18_GMCF3029a.sc__NODE_131653_length_627_cov_1.737762_1	75.6	156
012_12_RA18_GMCF3029a.sc__NODE_189926_length_542_cov_1.915811_1	012_12_RA18_GMCF3029a.meta__NODE_112497_length_574_cov_1.951830_1	76.6	141
012_12_RA18_GMCF3029a.sc__NODE_189926_length_542_cov_1.915811_1	012_12_RA18_GMCF3029a.sc__NODE_164220_length_574_cov_2.119461_1	76.6	141
012_12_RA18_GMCF3029a.sc__NODE_189926_length_542_cov_1.915811_1	012_12_RA18_GMCF3029a.sc__NODE_33331_length_1087_cov_3.501938_1	35.2	165
012_12_RA18_GMCF3029a.sc__NODE_189926_length_542_cov_1.915811_1	012_12_RA18_GMCF3029a.meta__NODE_31032_length_972_cov_3.760087_1	35.3	153
012_12_RA18_GMCF3029a.sc__NODE_189926_length_542_cov_1.915811_1	011_11_RA17_GMCF3029a.sc__NODE_126388_length_533_cov_1.531381_1	85.4	48
012_12_RA18_GMCF3029a.sc__NODE_231690_length_501_cov_1.278027_1	012_12_RA18_GMCF3029a.sc__NODE_231690_length_501_cov_1.278027_1	100	167
012_12_RA18_GMCF3029a.sc__NODE_231690_length_501_cov_1.278027_1	012_12_RA18_GMCF3029a.sc__NODE_56639_length_876_cov_1.556638_1	54.5	167
012_12_RA18_GMCF3029a.sc__NODE_231690_length_501_cov_1.278027_1	014_14_RA23_GMCF3029a.meta__NODE_70438_length_687_cov_3.452532_1	52.4	145
012_12_RA18_GMCF3029a.sc__NODE_231690_length_501_cov_1.278027_1	014_14_RA23_GMCF3029a.sc__NODE_87737_length_687_cov_3.446203_1	52.4	145
013_13_RA22_GMCF3029a.meta__NODE_3077_length_1800_cov_2.651576_2	013_13_RA22_GMCF3029a.meta__NODE_3077_length_1800_cov_2.651576_2	100	397
013_13_RA22_GMCF3029a.meta__NODE_3077_length_1800_cov_2.651576_2	013_13_RA22_GMCF3029a.sc__NODE_4631_length_1812_cov_3.529880_2	100	397
013_13_RA22_GMCF3029a.meta__NODE_3077_length_1800_cov_2.651576_2	012_12_RA18_GMCF3029a.meta__NODE_90023_length_627_cov_1.737762_1	81.7	208
013_13_RA22_GMCF3029a.meta__NODE_3077_length_1800_cov_2.651576_2	012_12_RA18_GMCF3029a.sc__NODE_131653_length_627_cov_1.737762_1	81.7	208
013_13_RA22_GMCF3029a.meta__NODE_3077_length_1800_cov_2.651576_2	012_12_RA18_GMCF3029a.meta__NODE_112497_length_574_cov_1.951830_1	79.5	190
013_13_RA22_GMCF3029a.meta__NODE_3077_length_1800_cov_2.651576_2	012_12_RA18_GMCF3029a.sc__NODE_164220_length_574_cov_2.119461_1	79.5	190
013_13_RA22_GMCF3029a.meta__NODE_3077_length_1800_cov_2.651576_2	012_12_RA18_GMCF3029a.sc__NODE_189926_length_542_cov_1.915811_1	92.3	156
013_13_RA22_GMCF3029a.meta__NODE_3077_length_1800_cov_2.651576_2	011_11_RA17_GMCF3029a.sc__NODE_96723_length_588_cov_1.512195_1	100	121
013_13_RA22_GMCF3029a.meta__NODE_3077_length_1800_cov_2.651576_2	011_11_RA17_GMCF3029a.sc__NODE_126388_length_533_cov_1.531381_1	75.8	161
013_13_RA22_GMCF3029a.meta__NODE_3077_length_1800_cov_2.651576_2	012_12_RA18_GMCF3029a.sc__NODE_33331_length_1087_cov_3.501938_1	42.0	305
013_13_RA22_GMCF3029a.meta__NODE_3077_length_1800_cov_2.651576_2	012_12_RA18_GMCF3029a.meta__NODE_31032_length_972_cov_3.760087_1	43.0	263
013_13_RA22_GMCF3029a.meta__NODE_3077_length_1800_cov_2.651576_2	012_12_RA18_GMCF3029a.meta__NODE_7943_length_1729_cov_2.945042_3	54.9	153
013_13_RA22_GMCF3029a.meta__NODE_3077_length_1800_cov_2.651576_2	012_12_RA18_GMCF3029a.meta__NODE_154737_length_506_cov_3.607539_1	55.3	150
013_13_RA22_GMCF3029a.meta__NODE_3077_length_1800_cov_2.651576_2	010_10_RA16_GMCF3029a.sc__NODE_7214_length_1406_cov_4.330126_2	32.6	298
013_13_RA22_GMCF3029a.meta__NODE_3077_length_1800_cov_2.651576_2	012_12_RA18_GMCF3029a.meta__NODE_127982_length_546_cov_1.761711_1	44.1	170
013_13_RA22_GMCF3029a.meta__NODE_3077_length_1800_cov_2.651576_2	012_12_RA18_GMCF3029a.sc__NODE_181561_length_552_cov_1.726358_1	45.2	155
013_13_RA22_GMCF3029a.meta__NODE_3077_length_1800_cov_2.651576_2	010_10_RA16_GMCF3029a.meta__NODE_15825_length_859_cov_5.455224_1	38.6	145
013_13_RA22_GMCF3029a.meta__NODE_3077_length_1800_cov_2.651576_2	012_12_RA18_GMCF3029a.meta__NODE_102469_length_595_cov_2.203704_1	35.2	196
013_13_RA22_GMCF3029a.meta__NODE_3077_length_1800_cov_2.651576_2	012_12_RA18_GMCF3029a.sc__NODE_149745_length_595_cov_2.203704_1	35.2	196
013_13_RA22_GMCF3029a.meta__NODE_3077_length_1800_cov_2.651576_2	012_12_RA18_GMCF3029a.sc__NODE_56639_length_876_cov_1.556638_1	30.8	266
013_13_RA22_GMCF3029a.meta__NODE_3077_length_1800_cov_2.651576_2	012_12_RA18_GMCF3029a.sc__NODE_186631_length_546_cov_1.596741_1	38.5	143
013_13_RA22_GMCF3029a.meta__NODE_3077_length_1800_cov_2.651576_2	012_12_RA18_GMCF3029a.sc__NODE_18185_length_1395_cov_3.590299_2	54.9	91
013_13_RA22_GMCF3029a.meta__NODE_3077_length_1800_cov_2.651576_2	014_14_RA23_GMCF3029a.meta__NODE_16155_length_1274_cov_3.269893_1	29.3	300
013_13_RA22_GMCF3029a.meta__NODE_3077_length_1800_cov_2.651576_2	014_14_RA23_GMCF3029a.sc__NODE_21321_length_1322_cov_3.225730_1	29.3	300
013_13_RA22_GMCF3029a.meta__NODE_3077_length_1800_cov_2.651576_2	009_9_RA15_GMCF3029a.meta__NODE_30980_length_607_cov_1.697464_1	43.6	140
013_13_RA22_GMCF3029a.meta__NODE_3077_length_1800_cov_2.651576_2	009_9_RA15_GMCF3029a.sc__NODE_38030_length_607_cov_1.697464_1	43.6	140
013_13_RA22_GMCF3029a.meta__NODE_3077_length_1800_cov_2.651576_2	014_14_RA23_GMCF3029a.sc__NODE_119942_length_591_cov_2.246269_1	38.0	137
013_13_RA22_GMCF3029a.meta__NODE_3560_length_1709_cov_3.212213_3	013_13_RA22_GMCF3029a.meta__NODE_3560_length_1709_cov_3.212213_3	100	176
013_13_RA22_GMCF3029a.meta__NODE_3560_length_1709_cov_3.212213_3	013_13_RA22_GMCF3029a.sc__NODE_3191_length_2099_cov_2.980431_1	100	176
013_13_RA22_GMCF3029a.meta__NODE_3560_length_1709_cov_3.212213_3	012_12_RA18_GMCF3029a.meta__NODE_43493_length_843_cov_1.854061_1	41.9	172
013_13_RA22_GMCF3029a.meta__NODE_3560_length_1709_cov_3.212213_3	012_12_RA18_GMCF3029a.sc__NODE_45102_length_961_cov_1.683223_1	41.9	172
013_13_RA22_GMCF3029a.meta__NODE_3560_length_1709_cov_3.212213_3	012_12_RA18_GMCF3029a.meta__NODE_113088_length_573_cov_1.494208_1	46.7	92
013_13_RA22_GMCF3029a.meta__NODE_3560_length_1709_cov_3.212213_3	012_12_RA18_GMCF3029a.sc__NODE_32135_length_1104_cov_1.572927_1	46.7	92
013_13_RA22_GMCF3029a.meta__NODE_3560_length_1709_cov_3.212213_3	013_13_RA22_GMCF3029a.sc__NODE_87294_length_555_cov_1.680000_1	46.9	81
013_13_RA22_GMCF3029a.meta__NODE_4827_length_1527_cov_3.934783_3	013_13_RA22_GMCF3029a.meta__NODE_4827_length_1527_cov_3.934783_3	100	168
013_13_RA22_GMCF3029a.meta__NODE_4827_length_1527_cov_3.934783_3	013_13_RA22_GMCF3029a.sc__NODE_7100_length_1527_cov_3.932065_1	100	168
013_13_RA22_GMCF3029a.meta__NODE_4827_length_1527_cov_3.934783_3	012_12_RA18_GMCF3029a.meta__NODE_43493_length_843_cov_1.854061_1	37.1	167
013_13_RA22_GMCF3029a.meta__NODE_4827_length_1527_cov_3.934783_3	012_12_RA18_GMCF3029a.sc__NODE_45102_length_961_cov_1.683223_1	37.1	167
013_13_RA22_GMCF3029a.meta__NODE_4827_length_1527_cov_3.934783_3	013_13_RA22_GMCF3029a.meta__NODE_81264_length_510_cov_2.547253_1	40.4	146
013_13_RA22_GMCF3029a.meta__NODE_4827_length_1527_cov_3.934783_3	013_13_RA22_GMCF3029a.sc__NODE_106439_length_510_cov_2.503297_1	40.4	146
013_13_RA22_GMCF3029a.meta__NODE_7577_length_1291_cov_7.369741_1	013_13_RA22_GMCF3029a.meta__NODE_7577_length_1291_cov_7.369741_1	100	429
013_13_RA22_GMCF3029a.meta__NODE_7577_length_1291_cov_7.369741_1	013_13_RA22_GMCF3029a.sc__NODE_10858_length_1293_cov_7.333086_1	100	429
013_13_RA22_GMCF3029a.meta__NODE_7577_length_1291_cov_7.369741_1	012_12_RA18_GMCF3029a.meta__NODE_108838_length_581_cov_3.045627_1	31.7	183
013_13_RA22_GMCF3029a.meta__NODE_7577_length_1291_cov_7.369741_1	012_12_RA18_GMCF3029a.sc__NODE_45102_length_961_cov_1.683223_1	32.1	162
013_13_RA22_GMCF3029a.meta__NODE_7577_length_1291_cov_7.369741_1	010_10_RA16_GMCF3029a.meta__NODE_46039_length_537_cov_3.346473_1	33.3	174
013_13_RA22_GMCF3029a.meta__NODE_7577_length_1291_cov_7.369741_1	010_10_RA16_GMCF3029a.sc__NODE_55017_length_537_cov_3.346473_1	33.3	174
013_13_RA22_GMCF3029a.meta__NODE_7577_length_1291_cov_7.369741_1	012_12_RA18_GMCF3029a.sc__NODE_154225_length_588_cov_2.864916_1	32.7	153
013_13_RA22_GMCF3029a.meta__NODE_22959_length_845_cov_3.321519_1	013_13_RA22_GMCF3029a.meta__NODE_22959_length_845_cov_3.321519_1	100	281
013_13_RA22_GMCF3029a.meta__NODE_22959_length_845_cov_3.321519_1	013_13_RA22_GMCF3029a.sc__NODE_13165_length_1199_cov_2.816434_1	99.6	281
013_13_RA22_GMCF3029a.meta__NODE_22959_length_845_cov_3.321519_1	014_14_RA23_GMCF3029a.sc__NODE_22759_length_1284_cov_3.219691_1	58.2	275
013_13_RA22_GMCF3029a.meta__NODE_22959_length_845_cov_3.321519_1	011_11_RA17_GMCF3029a.sc__NODE_2819_length_2023_cov_5.811484_2	59.0	271
013_13_RA22_GMCF3029a.meta__NODE_22959_length_845_cov_3.321519_1	011_11_RA17_GMCF3029a.meta__NODE_474_length_3961_cov_5.335381_3	59.0	271
013_13_RA22_GMCF3029a.meta__NODE_22959_length_845_cov_3.321519_1	012_12_RA18_GMCF3029a.meta__NODE_8842_length_1651_cov_3.550752_1	57.9	271
013_13_RA22_GMCF3029a.meta__NODE_22959_length_845_cov_3.321519_1	012_12_RA18_GMCF3029a.sc__NODE_19488_length_1355_cov_4.950769_1	59.4	256
013_13_RA22_GMCF3029a.meta__NODE_22959_length_845_cov_3.321519_1	012_12_RA18_GMCF3029a.meta__NODE_55520_length_763_cov_2.912429_1	57.0	223
013_13_RA22_GMCF3029a.meta__NODE_22959_length_845_cov_3.321519_1	012_12_RA18_GMCF3029a.sc__NODE_79709_length_764_cov_2.882934_1	57.2	222
013_13_RA22_GMCF3029a.meta__NODE_22959_length_845_cov_3.321519_1	014_14_RA23_GMCF3029a.meta__NODE_17711_length_1230_cov_3.954894_2	60.3	189
013_13_RA22_GMCF3029a.meta__NODE_22959_length_845_cov_3.321519_1	014_14_RA23_GMCF3029a.sc__NODE_25134_length_1230_cov_3.954894_2	60.3	189
013_13_RA22_GMCF3029a.meta__NODE_22959_length_845_cov_3.321519_1	012_12_RA18_GMCF3029a.meta__NODE_119542_length_560_cov_3.746535_1	58.9	185
013_13_RA22_GMCF3029a.meta__NODE_22959_length_845_cov_3.321519_1	011_11_RA17_GMCF3029a.sc__NODE_40381_length_809_cov_2.041114_1	46.5	172
013_13_RA22_GMCF3029a.meta__NODE_22959_length_845_cov_3.321519_1	012_12_RA18_GMCF3029a.sc__NODE_34112_length_1078_cov_1.143695_1	47.2	163
013_13_RA22_GMCF3029a.meta__NODE_22959_length_845_cov_3.321519_1	012_12_RA18_GMCF3029a.sc__NODE_14752_length_1522_cov_2.741650_1	33.4	287
013_13_RA22_GMCF3029a.meta__NODE_22959_length_845_cov_3.321519_1	011_11_RA17_GMCF3029a.sc__NODE_13048_length_1208_cov_6.758890_1	31.9	288
013_13_RA22_GMCF3029a.meta__NODE_22959_length_845_cov_3.321519_1	011_11_RA17_GMCF3029a.meta__NODE_1184_length_2902_cov_6.685634_1	31.9	288
013_13_RA22_GMCF3029a.meta__NODE_22959_length_845_cov_3.321519_1	010_10_RA16_GMCF3029a.sc__NODE_1218_length_2862_cov_8.169932_1	31.9	288
013_13_RA22_GMCF3029a.meta__NODE_22959_length_845_cov_3.321519_1	012_12_RA18_GMCF3029a.meta__NODE_20436_length_1159_cov_7.259058_1	38.4	190
013_13_RA22_GMCF3029a.meta__NODE_22959_length_845_cov_3.321519_1	012_12_RA18_GMCF3029a.sc__NODE_18129_length_1397_cov_3.230253_1	55.2	87
013_13_RA22_GMCF3029a.meta__NODE_23871_length_831_cov_4.630155_1	013_13_RA22_GMCF3029a.meta__NODE_23871_length_831_cov_4.630155_1	100	200
013_13_RA22_GMCF3029a.meta__NODE_23871_length_831_cov_4.630155_1	013_13_RA22_GMCF3029a.sc__NODE_32703_length_831_cov_4.630155_1	100	200
013_13_RA22_GMCF3029a.meta__NODE_23871_length_831_cov_4.630155_1	012_12_RA18_GMCF3029a.sc__NODE_83862_length_749_cov_2.112392_1	34.2	187
013_13_RA22_GMCF3029a.meta__NODE_24287_length_825_cov_2.761039_1	013_13_RA22_GMCF3029a.meta__NODE_24287_length_825_cov_2.761039_1	100	274
013_13_RA22_GMCF3029a.meta__NODE_24287_length_825_cov_2.761039_1	013_13_RA22_GMCF3029a.sc__NODE_6654_length_1568_cov_2.377396_1	99.6	268
013_13_RA22_GMCF3029a.meta__NODE_24287_length_825_cov_2.761039_1	011_11_RA17_GMCF3029a.sc__NODE_39565_length_815_cov_2.514474_1	85.0	207
013_13_RA22_GMCF3029a.meta__NODE_24287_length_825_cov_2.761039_1	013_13_RA22_GMCF3029a.meta__NODE_65577_length_556_cov_2.227545_1	85.2	182
013_13_RA22_GMCF3029a.meta__NODE_24287_length_825_cov_2.761039_1	013_13_RA22_GMCF3029a.sc__NODE_86808_length_556_cov_2.227545_1	85.2	182
013_13_RA22_GMCF3029a.meta__NODE_24287_length_825_cov_2.761039_1	014_14_RA23_GMCF3029a.meta__NODE_33743_length_949_cov_3.372483_1	78.0	191
013_13_RA22_GMCF3029a.meta__NODE_24287_length_825_cov_2.761039_1	014_14_RA23_GMCF3029a.sc__NODE_44567_length_949_cov_3.372483_1	78.0	191
013_13_RA22_GMCF3029a.meta__NODE_24287_length_825_cov_2.761039_1	012_12_RA18_GMCF3029a.sc__NODE_56639_length_876_cov_1.556638_1	89.6	125
013_13_RA22_GMCF3029a.meta__NODE_28427_length_775_cov_3.363889_1	013_13_RA22_GMCF3029a.meta__NODE_28427_length_775_cov_3.363889_1	100	257
013_13_RA22_GMCF3029a.meta__NODE_28427_length_775_cov_3.363889_1	013_13_RA22_GMCF3029a.sc__NODE_31369_length_846_cov_15.948167_1	99.1	220
013_13_RA22_GMCF3029a.meta__NODE_28427_length_775_cov_3.363889_1	012_12_RA18_GMCF3029a.sc__NODE_56639_length_876_cov_1.556638_1	32.9	225
013_13_RA22_GMCF3029a.meta__NODE_28427_length_775_cov_3.363889_1	012_12_RA18_GMCF3029a.sc__NODE_42093_length_988_cov_1.807074_1	30.3	211
013_13_RA22_GMCF3029a.meta__NODE_35144_length_713_cov_3.066869_1	013_13_RA22_GMCF3029a.meta__NODE_35144_length_713_cov_3.066869_1	100	237
013_13_RA22_GMCF3029a.meta__NODE_35144_length_713_cov_3.066869_1	013_13_RA22_GMCF3029a.sc__NODE_47558_length_713_cov_3.066869_1	100	237
013_13_RA22_GMCF3029a.meta__NODE_38465_length_689_cov_1.687697_2	013_13_RA22_GMCF3029a.meta__NODE_38465_length_689_cov_1.687697_2	100	158
013_13_RA22_GMCF3029a.meta__NODE_38465_length_689_cov_1.687697_2	013_13_RA22_GMCF3029a.sc__NODE_51794_length_689_cov_1.687697_2	100	158
013_13_RA22_GMCF3029a.meta__NODE_38465_length_689_cov_1.687697_2	014_14_RA23_GMCF3029a.meta__NODE_33743_length_949_cov_3.372483_1	68.3	120
013_13_RA22_GMCF3029a.meta__NODE_38465_length_689_cov_1.687697_2	014_14_RA23_GMCF3029a.sc__NODE_44567_length_949_cov_3.372483_1	68.3	120
013_13_RA22_GMCF3029a.meta__NODE_38465_length_689_cov_1.687697_2	012_12_RA18_GMCF3029a.meta__NODE_108838_length_581_cov_3.045627_1	38.4	159
013_13_RA22_GMCF3029a.meta__NODE_38465_length_689_cov_1.687697_2	012_12_RA18_GMCF3029a.sc__NODE_185685_length_547_cov_1.802846_1	35.7	126
013_13_RA22_GMCF3029a.meta__NODE_38465_length_689_cov_1.687697_2	012_12_RA18_GMCF3029a.sc__NODE_154225_length_588_cov_2.864916_1	37.8	127
013_13_RA22_GMCF3029a.meta__NODE_65577_length_556_cov_2.227545_1	013_13_RA22_GMCF3029a.meta__NODE_65577_length_556_cov_2.227545_1	100	184
013_13_RA22_GMCF3029a.meta__NODE_65577_length_556_cov_2.227545_1	013_13_RA22_GMCF3029a.sc__NODE_86808_length_556_cov_2.227545_1	100	184
013_13_RA22_GMCF3029a.meta__NODE_65577_length_556_cov_2.227545_1	011_11_RA17_GMCF3029a.sc__NODE_39565_length_815_cov_2.514474_1	99.5	184
013_13_RA22_GMCF3029a.meta__NODE_65577_length_556_cov_2.227545_1	013_13_RA22_GMCF3029a.meta__NODE_24287_length_825_cov_2.761039_1	85.2	182
013_13_RA22_GMCF3029a.meta__NODE_65577_length_556_cov_2.227545_1	013_13_RA22_GMCF3029a.sc__NODE_6654_length_1568_cov_2.377396_1	84.6	182
013_13_RA22_GMCF3029a.meta__NODE_65577_length_556_cov_2.227545_1	012_12_RA18_GMCF3029a.sc__NODE_56639_length_876_cov_1.556638_1	96.6	118
013_13_RA22_GMCF3029a.meta__NODE_65577_length_556_cov_2.227545_1	014_14_RA23_GMCF3029a.meta__NODE_33743_length_949_cov_3.372483_1	69.7	109
013_13_RA22_GMCF3029a.meta__NODE_65577_length_556_cov_2.227545_1	014_14_RA23_GMCF3029a.sc__NODE_44567_length_949_cov_3.372483_1	69.7	109
013_13_RA22_GMCF3029a.meta__NODE_81264_length_510_cov_2.547253_1	013_13_RA22_GMCF3029a.meta__NODE_81264_length_510_cov_2.547253_1	100	154
013_13_RA22_GMCF3029a.meta__NODE_81264_length_510_cov_2.547253_1	013_13_RA22_GMCF3029a.sc__NODE_106439_length_510_cov_2.503297_1	100	154
013_13_RA22_GMCF3029a.meta__NODE_81264_length_510_cov_2.547253_1	013_13_RA22_GMCF3029a.meta__NODE_4827_length_1527_cov_3.934783_3	39.7	146
013_13_RA22_GMCF3029a.meta__NODE_81264_length_510_cov_2.547253_1	013_13_RA22_GMCF3029a.sc__NODE_7100_length_1527_cov_3.932065_1	39.7	146
013_13_RA22_GMCF3029a.sc__NODE_3191_length_2099_cov_2.980431_1	013_13_RA22_GMCF3029a.meta__NODE_3560_length_1709_cov_3.212213_3	100	176
013_13_RA22_GMCF3029a.sc__NODE_3191_length_2099_cov_2.980431_1	013_13_RA22_GMCF3029a.sc__NODE_3191_length_2099_cov_2.980431_1	100	176
013_13_RA22_GMCF3029a.sc__NODE_3191_length_2099_cov_2.980431_1	012_12_RA18_GMCF3029a.meta__NODE_43493_length_843_cov_1.854061_1	41.9	172
013_13_RA22_GMCF3029a.sc__NODE_3191_length_2099_cov_2.980431_1	012_12_RA18_GMCF3029a.sc__NODE_45102_length_961_cov_1.683223_1	41.9	172
013_13_RA22_GMCF3029a.sc__NODE_3191_length_2099_cov_2.980431_1	012_12_RA18_GMCF3029a.meta__NODE_113088_length_573_cov_1.494208_1	46.7	92
013_13_RA22_GMCF3029a.sc__NODE_3191_length_2099_cov_2.980431_1	012_12_RA18_GMCF3029a.sc__NODE_32135_length_1104_cov_1.572927_1	46.7	92
013_13_RA22_GMCF3029a.sc__NODE_3191_length_2099_cov_2.980431_1	013_13_RA22_GMCF3029a.sc__NODE_87294_length_555_cov_1.680000_1	46.9	81
013_13_RA22_GMCF3029a.sc__NODE_4121_length_1894_cov_2.593801_2	013_13_RA22_GMCF3029a.sc__NODE_4121_length_1894_cov_2.593801_2	100	451
013_13_RA22_GMCF3029a.sc__NODE_4121_length_1894_cov_2.593801_2	012_12_RA18_GMCF3029a.sc__NODE_25425_length_1215_cov_3.584483_1	89.1	405
013_13_RA22_GMCF3029a.sc__NODE_4121_length_1894_cov_2.593801_2	012_12_RA18_GMCF3029a.meta__NODE_20436_length_1159_cov_7.259058_1	97.5	325
013_13_RA22_GMCF3029a.sc__NODE_4121_length_1894_cov_2.593801_2	011_11_RA17_GMCF3029a.sc__NODE_16235_length_1119_cov_3.645677_1	75.4	374
013_13_RA22_GMCF3029a.sc__NODE_4121_length_1894_cov_2.593801_2	010_10_RA16_GMCF3029a.sc__NODE_1218_length_2862_cov_8.169932_1	88.3	317
013_13_RA22_GMCF3029a.sc__NODE_4121_length_1894_cov_2.593801_2	012_12_RA18_GMCF3029a.sc__NODE_14752_length_1522_cov_2.741650_1	92.4	303
013_13_RA22_GMCF3029a.sc__NODE_4121_length_1894_cov_2.593801_2	011_11_RA17_GMCF3029a.sc__NODE_13048_length_1208_cov_6.758890_1	87.7	260
013_13_RA22_GMCF3029a.sc__NODE_4121_length_1894_cov_2.593801_2	011_11_RA17_GMCF3029a.meta__NODE_1184_length_2902_cov_6.685634_1	87.7	260
013_13_RA22_GMCF3029a.sc__NODE_4121_length_1894_cov_2.593801_2	012_12_RA18_GMCF3029a.sc__NODE_122956_length_644_cov_1.850594_1	82.2	213
013_13_RA22_GMCF3029a.sc__NODE_4121_length_1894_cov_2.593801_2	011_11_RA17_GMCF3029a.sc__NODE_9992_length_1327_cov_1.573113_1	34.8	408
013_13_RA22_GMCF3029a.sc__NODE_4121_length_1894_cov_2.593801_2	011_11_RA17_GMCF3029a.sc__NODE_2819_length_2023_cov_5.811484_2	30.1	469
013_13_RA22_GMCF3029a.sc__NODE_4121_length_1894_cov_2.593801_2	011_11_RA17_GMCF3029a.meta__NODE_474_length_3961_cov_5.335381_3	30.1	469
013_13_RA22_GMCF3029a.sc__NODE_4121_length_1894_cov_2.593801_2	012_12_RA18_GMCF3029a.meta__NODE_35266_length_921_cov_2.075058_1	36.5	293
013_13_RA22_GMCF3029a.sc__NODE_4631_length_1812_cov_3.529880_2	013_13_RA22_GMCF3029a.meta__NODE_3077_length_1800_cov_2.651576_2	100	397
013_13_RA22_GMCF3029a.sc__NODE_4631_length_1812_cov_3.529880_2	013_13_RA22_GMCF3029a.sc__NODE_4631_length_1812_cov_3.529880_2	100	397
013_13_RA22_GMCF3029a.sc__NODE_4631_length_1812_cov_3.529880_2	012_12_RA18_GMCF3029a.meta__NODE_90023_length_627_cov_1.737762_1	81.7	208
013_13_RA22_GMCF3029a.sc__NODE_4631_length_1812_cov_3.529880_2	012_12_RA18_GMCF3029a.sc__NODE_131653_length_627_cov_1.737762_1	81.7	208
013_13_RA22_GMCF3029a.sc__NODE_4631_length_1812_cov_3.529880_2	012_12_RA18_GMCF3029a.meta__NODE_112497_length_574_cov_1.951830_1	79.5	190
013_13_RA22_GMCF3029a.sc__NODE_4631_length_1812_cov_3.529880_2	012_12_RA18_GMCF3029a.sc__NODE_164220_length_574_cov_2.119461_1	79.5	190
013_13_RA22_GMCF3029a.sc__NODE_4631_length_1812_cov_3.529880_2	012_12_RA18_GMCF3029a.sc__NODE_189926_length_542_cov_1.915811_1	92.3	156
013_13_RA22_GMCF3029a.sc__NODE_4631_length_1812_cov_3.529880_2	011_11_RA17_GMCF3029a.sc__NODE_96723_length_588_cov_1.512195_1	100	121
013_13_RA22_GMCF3029a.sc__NODE_4631_length_1812_cov_3.529880_2	011_11_RA17_GMCF3029a.sc__NODE_126388_length_533_cov_1.531381_1	75.8	161
013_13_RA22_GMCF3029a.sc__NODE_4631_length_1812_cov_3.529880_2	012_12_RA18_GMCF3029a.sc__NODE_33331_length_1087_cov_3.501938_1	42.0	305
013_13_RA22_GMCF3029a.sc__NODE_4631_length_1812_cov_3.529880_2	012_12_RA18_GMCF3029a.meta__NODE_31032_length_972_cov_3.760087_1	43.0	263
013_13_RA22_GMCF3029a.sc__NODE_4631_length_1812_cov_3.529880_2	012_12_RA18_GMCF3029a.meta__NODE_7943_length_1729_cov_2.945042_3	54.9	153
013_13_RA22_GMCF3029a.sc__NODE_4631_length_1812_cov_3.529880_2	012_12_RA18_GMCF3029a.meta__NODE_154737_length_506_cov_3.607539_1	55.3	150
013_13_RA22_GMCF3029a.sc__NODE_4631_length_1812_cov_3.529880_2	010_10_RA16_GMCF3029a.sc__NODE_7214_length_1406_cov_4.330126_2	32.6	298
013_13_RA22_GMCF3029a.sc__NODE_4631_length_1812_cov_3.529880_2	012_12_RA18_GMCF3029a.meta__NODE_127982_length_546_cov_1.761711_1	44.1	170
013_13_RA22_GMCF3029a.sc__NODE_4631_length_1812_cov_3.529880_2	012_12_RA18_GMCF3029a.sc__NODE_181561_length_552_cov_1.726358_1	45.2	155
013_13_RA22_GMCF3029a.sc__NODE_4631_length_1812_cov_3.529880_2	010_10_RA16_GMCF3029a.meta__NODE_15825_length_859_cov_5.455224_1	38.6	145
013_13_RA22_GMCF3029a.sc__NODE_4631_length_1812_cov_3.529880_2	012_12_RA18_GMCF3029a.meta__NODE_102469_length_595_cov_2.203704_1	35.2	196
013_13_RA22_GMCF3029a.sc__NODE_4631_length_1812_cov_3.529880_2	012_12_RA18_GMCF3029a.sc__NODE_149745_length_595_cov_2.203704_1	35.2	196
013_13_RA22_GMCF3029a.sc__NODE_4631_length_1812_cov_3.529880_2	012_12_RA18_GMCF3029a.sc__NODE_56639_length_876_cov_1.556638_1	30.8	266
013_13_RA22_GMCF3029a.sc__NODE_4631_length_1812_cov_3.529880_2	012_12_RA18_GMCF3029a.sc__NODE_186631_length_546_cov_1.596741_1	38.5	143
013_13_RA22_GMCF3029a.sc__NODE_4631_length_1812_cov_3.529880_2	012_12_RA18_GMCF3029a.sc__NODE_18185_length_1395_cov_3.590299_2	54.9	91
013_13_RA22_GMCF3029a.sc__NODE_4631_length_1812_cov_3.529880_2	014_14_RA23_GMCF3029a.meta__NODE_16155_length_1274_cov_3.269893_1	29.3	300
013_13_RA22_GMCF3029a.sc__NODE_4631_length_1812_cov_3.529880_2	014_14_RA23_GMCF3029a.sc__NODE_21321_length_1322_cov_3.225730_1	29.3	300
013_13_RA22_GMCF3029a.sc__NODE_4631_length_1812_cov_3.529880_2	009_9_RA15_GMCF3029a.meta__NODE_30980_length_607_cov_1.697464_1	43.6	140
013_13_RA22_GMCF3029a.sc__NODE_4631_length_1812_cov_3.529880_2	009_9_RA15_GMCF3029a.sc__NODE_38030_length_607_cov_1.697464_1	43.6	140
013_13_RA22_GMCF3029a.sc__NODE_4631_length_1812_cov_3.529880_2	014_14_RA23_GMCF3029a.sc__NODE_119942_length_591_cov_2.246269_1	38.0	137
013_13_RA22_GMCF3029a.sc__NODE_6654_length_1568_cov_2.377396_1	013_13_RA22_GMCF3029a.sc__NODE_6654_length_1568_cov_2.377396_1	100	392
013_13_RA22_GMCF3029a.sc__NODE_6654_length_1568_cov_2.377396_1	013_13_RA22_GMCF3029a.meta__NODE_24287_length_825_cov_2.761039_1	99.3	269
013_13_RA22_GMCF3029a.sc__NODE_6654_length_1568_cov_2.377396_1	011_11_RA17_GMCF3029a.sc__NODE_39565_length_815_cov_2.514474_1	83.7	202
013_13_RA22_GMCF3029a.sc__NODE_6654_length_1568_cov_2.377396_1	013_13_RA22_GMCF3029a.meta__NODE_65577_length_556_cov_2.227545_1	84.6	182
013_13_RA22_GMCF3029a.sc__NODE_6654_length_1568_cov_2.377396_1	013_13_RA22_GMCF3029a.sc__NODE_86808_length_556_cov_2.227545_1	84.6	182
013_13_RA22_GMCF3029a.sc__NODE_6654_length_1568_cov_2.377396_1	014_14_RA23_GMCF3029a.meta__NODE_33743_length_949_cov_3.372483_1	78.0	191
013_13_RA22_GMCF3029a.sc__NODE_6654_length_1568_cov_2.377396_1	014_14_RA23_GMCF3029a.sc__NODE_44567_length_949_cov_3.372483_1	78.0	191
013_13_RA22_GMCF3029a.sc__NODE_6654_length_1568_cov_2.377396_1	012_12_RA18_GMCF3029a.sc__NODE_56639_length_876_cov_1.556638_1	87.5	120
013_13_RA22_GMCF3029a.sc__NODE_7100_length_1527_cov_3.932065_1	013_13_RA22_GMCF3029a.meta__NODE_4827_length_1527_cov_3.934783_3	100	168
013_13_RA22_GMCF3029a.sc__NODE_7100_length_1527_cov_3.932065_1	013_13_RA22_GMCF3029a.sc__NODE_7100_length_1527_cov_3.932065_1	100	168
013_13_RA22_GMCF3029a.sc__NODE_7100_length_1527_cov_3.932065_1	012_12_RA18_GMCF3029a.meta__NODE_43493_length_843_cov_1.854061_1	37.1	167
013_13_RA22_GMCF3029a.sc__NODE_7100_length_1527_cov_3.932065_1	012_12_RA18_GMCF3029a.sc__NODE_45102_length_961_cov_1.683223_1	37.1	167
013_13_RA22_GMCF3029a.sc__NODE_7100_length_1527_cov_3.932065_1	013_13_RA22_GMCF3029a.meta__NODE_81264_length_510_cov_2.547253_1	40.4	146
013_13_RA22_GMCF3029a.sc__NODE_7100_length_1527_cov_3.932065_1	013_13_RA22_GMCF3029a.sc__NODE_106439_length_510_cov_2.503297_1	40.4	146
013_13_RA22_GMCF3029a.sc__NODE_10858_length_1293_cov_7.333086_1	013_13_RA22_GMCF3029a.sc__NODE_10858_length_1293_cov_7.333086_1	100	431
013_13_RA22_GMCF3029a.sc__NODE_10858_length_1293_cov_7.333086_1	013_13_RA22_GMCF3029a.meta__NODE_7577_length_1291_cov_7.369741_1	100	429
013_13_RA22_GMCF3029a.sc__NODE_10858_length_1293_cov_7.333086_1	012_12_RA18_GMCF3029a.meta__NODE_108838_length_581_cov_3.045627_1	31.7	183
013_13_RA22_GMCF3029a.sc__NODE_10858_length_1293_cov_7.333086_1	012_12_RA18_GMCF3029a.sc__NODE_45102_length_961_cov_1.683223_1	32.1	162
013_13_RA22_GMCF3029a.sc__NODE_10858_length_1293_cov_7.333086_1	010_10_RA16_GMCF3029a.meta__NODE_46039_length_537_cov_3.346473_1	33.3	174
013_13_RA22_GMCF3029a.sc__NODE_10858_length_1293_cov_7.333086_1	010_10_RA16_GMCF3029a.sc__NODE_55017_length_537_cov_3.346473_1	33.3	174
013_13_RA22_GMCF3029a.sc__NODE_10858_length_1293_cov_7.333086_1	012_12_RA18_GMCF3029a.sc__NODE_154225_length_588_cov_2.864916_1	32.7	153
013_13_RA22_GMCF3029a.sc__NODE_13165_length_1199_cov_2.816434_1	013_13_RA22_GMCF3029a.sc__NODE_13165_length_1199_cov_2.816434_1	100	399
013_13_RA22_GMCF3029a.sc__NODE_13165_length_1199_cov_2.816434_1	013_13_RA22_GMCF3029a.meta__NODE_22959_length_845_cov_3.321519_1	99.6	281
013_13_RA22_GMCF3029a.sc__NODE_13165_length_1199_cov_2.816434_1	012_12_RA18_GMCF3029a.meta__NODE_8842_length_1651_cov_3.550752_1	54.5	393
013_13_RA22_GMCF3029a.sc__NODE_13165_length_1199_cov_2.816434_1	014_14_RA23_GMCF3029a.sc__NODE_22759_length_1284_cov_3.219691_1	55.0	367
013_13_RA22_GMCF3029a.sc__NODE_13165_length_1199_cov_2.816434_1	011_11_RA17_GMCF3029a.sc__NODE_2819_length_2023_cov_5.811484_2	55.4	354
013_13_RA22_GMCF3029a.sc__NODE_13165_length_1199_cov_2.816434_1	011_11_RA17_GMCF3029a.meta__NODE_474_length_3961_cov_5.335381_3	55.4	354
013_13_RA22_GMCF3029a.sc__NODE_13165_length_1199_cov_2.816434_1	014_14_RA23_GMCF3029a.meta__NODE_17711_length_1230_cov_3.954894_2	55.2	279
013_13_RA22_GMCF3029a.sc__NODE_13165_length_1199_cov_2.816434_1	014_14_RA23_GMCF3029a.sc__NODE_25134_length_1230_cov_3.954894_2	55.2	279
013_13_RA22_GMCF3029a.sc__NODE_13165_length_1199_cov_2.816434_1	012_12_RA18_GMCF3029a.sc__NODE_19488_length_1355_cov_4.950769_1	59.4	256
013_13_RA22_GMCF3029a.sc__NODE_13165_length_1199_cov_2.816434_1	012_12_RA18_GMCF3029a.meta__NODE_55520_length_763_cov_2.912429_1	57.0	223
013_13_RA22_GMCF3029a.sc__NODE_13165_length_1199_cov_2.816434_1	012_12_RA18_GMCF3029a.sc__NODE_79709_length_764_cov_2.882934_1	57.2	222
013_13_RA22_GMCF3029a.sc__NODE_13165_length_1199_cov_2.816434_1	012_12_RA18_GMCF3029a.meta__NODE_119542_length_560_cov_3.746535_1	58.9	185
013_13_RA22_GMCF3029a.sc__NODE_13165_length_1199_cov_2.816434_1	012_12_RA18_GMCF3029a.sc__NODE_18129_length_1397_cov_3.230253_1	50.2	209
013_13_RA22_GMCF3029a.sc__NODE_13165_length_1199_cov_2.816434_1	012_12_RA18_GMCF3029a.sc__NODE_34112_length_1078_cov_1.143695_1	46.3	216
013_13_RA22_GMCF3029a.sc__NODE_13165_length_1199_cov_2.816434_1	011_11_RA17_GMCF3029a.meta__NODE_1184_length_2902_cov_6.685634_1	31.1	409
013_13_RA22_GMCF3029a.sc__NODE_13165_length_1199_cov_2.816434_1	010_10_RA16_GMCF3029a.sc__NODE_1218_length_2862_cov_8.169932_1	31.1	409
013_13_RA22_GMCF3029a.sc__NODE_13165_length_1199_cov_2.816434_1	011_11_RA17_GMCF3029a.sc__NODE_40381_length_809_cov_2.041114_1	42.9	203
013_13_RA22_GMCF3029a.sc__NODE_13165_length_1199_cov_2.816434_1	012_12_RA18_GMCF3029a.sc__NODE_14752_length_1522_cov_2.741650_1	32.1	374
013_13_RA22_GMCF3029a.sc__NODE_13165_length_1199_cov_2.816434_1	011_11_RA17_GMCF3029a.sc__NODE_13048_length_1208_cov_6.758890_1	31.9	288
013_13_RA22_GMCF3029a.sc__NODE_13165_length_1199_cov_2.816434_1	012_12_RA18_GMCF3029a.meta__NODE_20436_length_1159_cov_7.259058_1	38.4	190
013_13_RA22_GMCF3029a.sc__NODE_31369_length_846_cov_15.948167_1	013_13_RA22_GMCF3029a.sc__NODE_31369_length_846_cov_15.948167_1	100	281
013_13_RA22_GMCF3029a.sc__NODE_31369_length_846_cov_15.948167_1	013_13_RA22_GMCF3029a.meta__NODE_28427_length_775_cov_3.363889_1	100	218
013_13_RA22_GMCF3029a.sc__NODE_32703_length_831_cov_4.630155_1	013_13_RA22_GMCF3029a.meta__NODE_23871_length_831_cov_4.630155_1	100	200
013_13_RA22_GMCF3029a.sc__NODE_32703_length_831_cov_4.630155_1	013_13_RA22_GMCF3029a.sc__NODE_32703_length_831_cov_4.630155_1	100	200
013_13_RA22_GMCF3029a.sc__NODE_32703_length_831_cov_4.630155_1	012_12_RA18_GMCF3029a.sc__NODE_83862_length_749_cov_2.112392_1	34.2	187
013_13_RA22_GMCF3029a.sc__NODE_47558_length_713_cov_3.066869_1	013_13_RA22_GMCF3029a.meta__NODE_35144_length_713_cov_3.066869_1	100	237
013_13_RA22_GMCF3029a.sc__NODE_47558_length_713_cov_3.066869_1	013_13_RA22_GMCF3029a.sc__NODE_47558_length_713_cov_3.066869_1	100	237
013_13_RA22_GMCF3029a.sc__NODE_51794_length_689_cov_1.687697_2	013_13_RA22_GMCF3029a.meta__NODE_38465_length_689_cov_1.687697_2	100	158
013_13_RA22_GMCF3029a.sc__NODE_51794_length_689_cov_1.687697_2	013_13_RA22_GMCF3029a.sc__NODE_51794_length_689_cov_1.687697_2	100	158
013_13_RA22_GMCF3029a.sc__NODE_51794_length_689_cov_1.687697_2	014_14_RA23_GMCF3029a.meta__NODE_33743_length_949_cov_3.372483_1	68.3	120
013_13_RA22_GMCF3029a.sc__NODE_51794_length_689_cov_1.687697_2	014_14_RA23_GMCF3029a.sc__NODE_44567_length_949_cov_3.372483_1	68.3	120
013_13_RA22_GMCF3029a.sc__NODE_51794_length_689_cov_1.687697_2	012_12_RA18_GMCF3029a.meta__NODE_108838_length_581_cov_3.045627_1	38.4	159
013_13_RA22_GMCF3029a.sc__NODE_51794_length_689_cov_1.687697_2	012_12_RA18_GMCF3029a.sc__NODE_185685_length_547_cov_1.802846_1	35.7	126
013_13_RA22_GMCF3029a.sc__NODE_51794_length_689_cov_1.687697_2	012_12_RA18_GMCF3029a.sc__NODE_154225_length_588_cov_2.864916_1	37.8	127
013_13_RA22_GMCF3029a.sc__NODE_86808_length_556_cov_2.227545_1	013_13_RA22_GMCF3029a.meta__NODE_65577_length_556_cov_2.227545_1	100	184
013_13_RA22_GMCF3029a.sc__NODE_86808_length_556_cov_2.227545_1	013_13_RA22_GMCF3029a.sc__NODE_86808_length_556_cov_2.227545_1	100	184
013_13_RA22_GMCF3029a.sc__NODE_86808_length_556_cov_2.227545_1	011_11_RA17_GMCF3029a.sc__NODE_39565_length_815_cov_2.514474_1	99.5	184
013_13_RA22_GMCF3029a.sc__NODE_86808_length_556_cov_2.227545_1	013_13_RA22_GMCF3029a.meta__NODE_24287_length_825_cov_2.761039_1	85.2	182
013_13_RA22_GMCF3029a.sc__NODE_86808_length_556_cov_2.227545_1	013_13_RA22_GMCF3029a.sc__NODE_6654_length_1568_cov_2.377396_1	84.6	182
013_13_RA22_GMCF3029a.sc__NODE_86808_length_556_cov_2.227545_1	012_12_RA18_GMCF3029a.sc__NODE_56639_length_876_cov_1.556638_1	96.6	118
013_13_RA22_GMCF3029a.sc__NODE_86808_length_556_cov_2.227545_1	014_14_RA23_GMCF3029a.meta__NODE_33743_length_949_cov_3.372483_1	69.7	109
013_13_RA22_GMCF3029a.sc__NODE_86808_length_556_cov_2.227545_1	014_14_RA23_GMCF3029a.sc__NODE_44567_length_949_cov_3.372483_1	69.7	109
013_13_RA22_GMCF3029a.sc__NODE_87294_length_555_cov_1.680000_1	013_13_RA22_GMCF3029a.sc__NODE_87294_length_555_cov_1.680000_1	100	185
013_13_RA22_GMCF3029a.sc__NODE_87294_length_555_cov_1.680000_1	012_12_RA18_GMCF3029a.meta__NODE_113088_length_573_cov_1.494208_1	62.1	169
013_13_RA22_GMCF3029a.sc__NODE_87294_length_555_cov_1.680000_1	012_12_RA18_GMCF3029a.sc__NODE_32135_length_1104_cov_1.572927_1	60.5	162
013_13_RA22_GMCF3029a.sc__NODE_87294_length_555_cov_1.680000_1	012_12_RA18_GMCF3029a.sc__NODE_45102_length_961_cov_1.683223_1	35.3	170
013_13_RA22_GMCF3029a.sc__NODE_87294_length_555_cov_1.680000_1	012_12_RA18_GMCF3029a.meta__NODE_43493_length_843_cov_1.854061_1	35.1	168
013_13_RA22_GMCF3029a.sc__NODE_101205_length_521_cov_2.487124_1	013_13_RA22_GMCF3029a.sc__NODE_101205_length_521_cov_2.487124_1	100	173
013_13_RA22_GMCF3029a.sc__NODE_101205_length_521_cov_2.487124_1	012_12_RA18_GMCF3029a.sc__NODE_18185_length_1395_cov_3.590299_2	48.1	154
013_13_RA22_GMCF3029a.sc__NODE_101205_length_521_cov_2.487124_1	009_9_RA15_GMCF3029a.meta__NODE_30980_length_607_cov_1.697464_1	46.2	104
013_13_RA22_GMCF3029a.sc__NODE_101205_length_521_cov_2.487124_1	009_9_RA15_GMCF3029a.sc__NODE_38030_length_607_cov_1.697464_1	46.2	104
013_13_RA22_GMCF3029a.sc__NODE_101205_length_521_cov_2.487124_1	012_12_RA18_GMCF3029a.sc__NODE_32135_length_1104_cov_1.572927_1	59.7	77
013_13_RA22_GMCF3029a.sc__NODE_101205_length_521_cov_2.487124_1	011_11_RA17_GMCF3029a.sc__NODE_96723_length_588_cov_1.512195_1	42.0	119
013_13_RA22_GMCF3029a.sc__NODE_101205_length_521_cov_2.487124_1	012_12_RA18_GMCF3029a.meta__NODE_127982_length_546_cov_1.761711_1	45.5	99
013_13_RA22_GMCF3029a.sc__NODE_101205_length_521_cov_2.487124_1	012_12_RA18_GMCF3029a.sc__NODE_181561_length_552_cov_1.726358_1	45.5	99
013_13_RA22_GMCF3029a.sc__NODE_101205_length_521_cov_2.487124_1	014_14_RA23_GMCF3029a.meta__NODE_58913_length_744_cov_2.390421_1	56.9	72
013_13_RA22_GMCF3029a.sc__NODE_101205_length_521_cov_2.487124_1	014_14_RA23_GMCF3029a.sc__NODE_74379_length_744_cov_2.436865_1	56.9	72
013_13_RA22_GMCF3029a.sc__NODE_106439_length_510_cov_2.503297_1	013_13_RA22_GMCF3029a.meta__NODE_81264_length_510_cov_2.547253_1	100	154
013_13_RA22_GMCF3029a.sc__NODE_106439_length_510_cov_2.503297_1	013_13_RA22_GMCF3029a.sc__NODE_106439_length_510_cov_2.503297_1	100	154
013_13_RA22_GMCF3029a.sc__NODE_106439_length_510_cov_2.503297_1	013_13_RA22_GMCF3029a.meta__NODE_4827_length_1527_cov_3.934783_3	39.7	146
013_13_RA22_GMCF3029a.sc__NODE_106439_length_510_cov_2.503297_1	013_13_RA22_GMCF3029a.sc__NODE_7100_length_1527_cov_3.932065_1	39.7	146
014_14_RA23_GMCF3029a.meta__NODE_816_length_3395_cov_8.819162_1	010_10_RA16_GMCF3029a.sc__NODE_474_length_3931_cov_13.201238_2	100	630
014_14_RA23_GMCF3029a.meta__NODE_816_length_3395_cov_8.819162_1	011_11_RA17_GMCF3029a.meta__NODE_224_length_5064_cov_10.771811_3	100	630
014_14_RA23_GMCF3029a.meta__NODE_816_length_3395_cov_8.819162_1	012_12_RA18_GMCF3029a.meta__NODE_835_length_4242_cov_15.534989_2	100	630
014_14_RA23_GMCF3029a.meta__NODE_816_length_3395_cov_8.819162_1	012_12_RA18_GMCF3029a.sc__NODE_2306_length_3341_cov_12.778150_3	100	630
014_14_RA23_GMCF3029a.meta__NODE_816_length_3395_cov_8.819162_1	014_14_RA23_GMCF3029a.meta__NODE_816_length_3395_cov_8.819162_1	100	630
014_14_RA23_GMCF3029a.meta__NODE_816_length_3395_cov_8.819162_1	014_14_RA23_GMCF3029a.sc__NODE_533_length_5213_cov_7.401706_3	100	630
014_14_RA23_GMCF3029a.meta__NODE_816_length_3395_cov_8.819162_1	011_11_RA17_GMCF3029a.sc__NODE_11077_length_1282_cov_11.607987_1	100	426
014_14_RA23_GMCF3029a.meta__NODE_816_length_3395_cov_8.819162_1	010_10_RA16_GMCF3029a.meta__NODE_7413_length_1168_cov_11.323450_1	100	357
014_14_RA23_GMCF3029a.meta__NODE_816_length_3395_cov_8.819162_1	012_12_RA18_GMCF3029a.sc__NODE_1900_length_3632_cov_3.671792_4	71.4	490
014_14_RA23_GMCF3029a.meta__NODE_816_length_3395_cov_8.819162_1	010_10_RA16_GMCF3029a.sc__NODE_1218_length_2862_cov_8.169932_1	34.7	625
014_14_RA23_GMCF3029a.meta__NODE_816_length_3395_cov_8.819162_1	011_11_RA17_GMCF3029a.meta__NODE_1184_length_2902_cov_6.685634_1	35.1	555
014_14_RA23_GMCF3029a.meta__NODE_816_length_3395_cov_8.819162_1	012_12_RA18_GMCF3029a.meta__NODE_8842_length_1651_cov_3.550752_1	30.7	576
014_14_RA23_GMCF3029a.meta__NODE_816_length_3395_cov_8.819162_1	012_12_RA18_GMCF3029a.sc__NODE_83862_length_749_cov_2.112392_1	44.5	238
014_14_RA23_GMCF3029a.meta__NODE_816_length_3395_cov_8.819162_1	012_12_RA18_GMCF3029a.meta__NODE_52305_length_782_cov_1.971114_1	44.1	238
014_14_RA23_GMCF3029a.meta__NODE_816_length_3395_cov_8.819162_1	012_12_RA18_GMCF3029a.sc__NODE_18129_length_1397_cov_3.230253_1	43.4	159
014_14_RA23_GMCF3029a.meta__NODE_816_length_3395_cov_8.819162_1	012_12_RA18_GMCF3029a.sc__NODE_34112_length_1078_cov_1.143695_1	33.1	236
014_14_RA23_GMCF3029a.meta__NODE_16155_length_1274_cov_3.269893_1	014_14_RA23_GMCF3029a.meta__NODE_16155_length_1274_cov_3.269893_1	100	311
014_14_RA23_GMCF3029a.meta__NODE_16155_length_1274_cov_3.269893_1	014_14_RA23_GMCF3029a.sc__NODE_21321_length_1322_cov_3.225730_1	100	311
014_14_RA23_GMCF3029a.meta__NODE_16155_length_1274_cov_3.269893_1	011_11_RA17_GMCF3029a.sc__NODE_55900_length_718_cov_3.333333_1	58.4	214
014_14_RA23_GMCF3029a.meta__NODE_16155_length_1274_cov_3.269893_1	012_12_RA18_GMCF3029a.meta__NODE_64064_length_719_cov_4.120482_1	41.1	151
014_14_RA23_GMCF3029a.meta__NODE_16155_length_1274_cov_3.269893_1	012_12_RA18_GMCF3029a.sc__NODE_92777_length_719_cov_4.204819_1	41.1	151
014_14_RA23_GMCF3029a.meta__NODE_16155_length_1274_cov_3.269893_1	012_12_RA18_GMCF3029a.sc__NODE_42093_length_988_cov_1.807074_1	31.9	304
014_14_RA23_GMCF3029a.meta__NODE_16155_length_1274_cov_3.269893_1	013_13_RA22_GMCF3029a.meta__NODE_3077_length_1800_cov_2.651576_2	30.0	300
014_14_RA23_GMCF3029a.meta__NODE_16155_length_1274_cov_3.269893_1	013_13_RA22_GMCF3029a.sc__NODE_4631_length_1812_cov_3.529880_2	30.0	300
014_14_RA23_GMCF3029a.meta__NODE_16155_length_1274_cov_3.269893_1	012_12_RA18_GMCF3029a.meta__NODE_154737_length_506_cov_3.607539_1	41.4	145
014_14_RA23_GMCF3029a.meta__NODE_16155_length_1274_cov_3.269893_1	012_12_RA18_GMCF3029a.sc__NODE_186631_length_546_cov_1.596741_1	33.6	149
014_14_RA23_GMCF3029a.meta__NODE_16155_length_1274_cov_3.269893_1	012_12_RA18_GMCF3029a.meta__NODE_7943_length_1729_cov_2.945042_3	37.0	154
014_14_RA23_GMCF3029a.meta__NODE_17711_length_1230_cov_3.954894_2	014_14_RA23_GMCF3029a.meta__NODE_17711_length_1230_cov_3.954894_2	100	278
014_14_RA23_GMCF3029a.meta__NODE_17711_length_1230_cov_3.954894_2	014_14_RA23_GMCF3029a.sc__NODE_25134_length_1230_cov_3.954894_2	100	278
014_14_RA23_GMCF3029a.meta__NODE_17711_length_1230_cov_3.954894_2	011_11_RA17_GMCF3029a.meta__NODE_474_length_3961_cov_5.335381_3	100	273
014_14_RA23_GMCF3029a.meta__NODE_17711_length_1230_cov_3.954894_2	011_11_RA17_GMCF3029a.sc__NODE_2819_length_2023_cov_5.811484_2	100	272
014_14_RA23_GMCF3029a.meta__NODE_17711_length_1230_cov_3.954894_2	014_14_RA23_GMCF3029a.sc__NODE_22759_length_1284_cov_3.219691_1	85.6	278
014_14_RA23_GMCF3029a.meta__NODE_17711_length_1230_cov_3.954894_2	012_12_RA18_GMCF3029a.meta__NODE_8842_length_1651_cov_3.550752_1	84.1	277
014_14_RA23_GMCF3029a.meta__NODE_17711_length_1230_cov_3.954894_2	012_12_RA18_GMCF3029a.meta__NODE_119542_length_560_cov_3.746535_1	99.5	186
014_14_RA23_GMCF3029a.meta__NODE_17711_length_1230_cov_3.954894_2	012_12_RA18_GMCF3029a.sc__NODE_19488_length_1355_cov_4.950769_1	100	178
014_14_RA23_GMCF3029a.meta__NODE_17711_length_1230_cov_3.954894_2	012_12_RA18_GMCF3029a.sc__NODE_18129_length_1397_cov_3.230253_1	85.2	176
014_14_RA23_GMCF3029a.meta__NODE_17711_length_1230_cov_3.954894_2	013_13_RA22_GMCF3029a.sc__NODE_13165_length_1199_cov_2.816434_1	55.2	279
014_14_RA23_GMCF3029a.meta__NODE_17711_length_1230_cov_3.954894_2	013_13_RA22_GMCF3029a.meta__NODE_22959_length_845_cov_3.321519_1	60.3	189
014_14_RA23_GMCF3029a.meta__NODE_17711_length_1230_cov_3.954894_2	012_12_RA18_GMCF3029a.sc__NODE_79709_length_764_cov_2.882934_1	76.9	143
014_14_RA23_GMCF3029a.meta__NODE_17711_length_1230_cov_3.954894_2	012_12_RA18_GMCF3029a.meta__NODE_55520_length_763_cov_2.912429_1	76.6	141
014_14_RA23_GMCF3029a.meta__NODE_17711_length_1230_cov_3.954894_2	012_12_RA18_GMCF3029a.sc__NODE_34112_length_1078_cov_1.143695_1	48.2	222
014_14_RA23_GMCF3029a.meta__NODE_17711_length_1230_cov_3.954894_2	011_11_RA17_GMCF3029a.sc__NODE_40381_length_809_cov_2.041114_1	51.2	168
014_14_RA23_GMCF3029a.meta__NODE_33743_length_949_cov_3.372483_1	014_14_RA23_GMCF3029a.meta__NODE_33743_length_949_cov_3.372483_1	100	316
014_14_RA23_GMCF3029a.meta__NODE_33743_length_949_cov_3.372483_1	014_14_RA23_GMCF3029a.sc__NODE_44567_length_949_cov_3.372483_1	100	316
014_14_RA23_GMCF3029a.meta__NODE_33743_length_949_cov_3.372483_1	013_13_RA22_GMCF3029a.meta__NODE_24287_length_825_cov_2.761039_1	77.6	192
014_14_RA23_GMCF3029a.meta__NODE_33743_length_949_cov_3.372483_1	013_13_RA22_GMCF3029a.sc__NODE_6654_length_1568_cov_2.377396_1	77.6	192
014_14_RA23_GMCF3029a.meta__NODE_33743_length_949_cov_3.372483_1	011_11_RA17_GMCF3029a.sc__NODE_39565_length_815_cov_2.514474_1	72.0	125
014_14_RA23_GMCF3029a.meta__NODE_33743_length_949_cov_3.372483_1	013_13_RA22_GMCF3029a.meta__NODE_38465_length_689_cov_1.687697_2	68.3	120
014_14_RA23_GMCF3029a.meta__NODE_33743_length_949_cov_3.372483_1	013_13_RA22_GMCF3029a.sc__NODE_51794_length_689_cov_1.687697_2	68.3	120
014_14_RA23_GMCF3029a.meta__NODE_33743_length_949_cov_3.372483_1	013_13_RA22_GMCF3029a.meta__NODE_65577_length_556_cov_2.227545_1	69.7	109
014_14_RA23_GMCF3029a.meta__NODE_33743_length_949_cov_3.372483_1	013_13_RA22_GMCF3029a.sc__NODE_86808_length_556_cov_2.227545_1	69.7	109
014_14_RA23_GMCF3029a.meta__NODE_33743_length_949_cov_3.372483_1	012_12_RA18_GMCF3029a.sc__NODE_18185_length_1395_cov_3.590299_2	29.2	178
014_14_RA23_GMCF3029a.meta__NODE_33743_length_949_cov_3.372483_1	012_12_RA18_GMCF3029a.meta__NODE_108838_length_581_cov_3.045627_1	33.9	127
014_14_RA23_GMCF3029a.meta__NODE_33743_length_949_cov_3.372483_1	012_12_RA18_GMCF3029a.sc__NODE_154225_length_588_cov_2.864916_1	33.9	127
014_14_RA23_GMCF3029a.meta__NODE_43878_length_847_cov_1.547980_1	014_14_RA23_GMCF3029a.meta__NODE_43878_length_847_cov_1.547980_1	100	263
014_14_RA23_GMCF3029a.meta__NODE_43878_length_847_cov_1.547980_1	014_14_RA23_GMCF3029a.sc__NODE_56711_length_847_cov_1.547980_1	100	263
014_14_RA23_GMCF3029a.meta__NODE_52123_length_785_cov_2.031507_1	014_14_RA23_GMCF3029a.meta__NODE_52123_length_785_cov_2.031507_1	100	261
014_14_RA23_GMCF3029a.meta__NODE_52123_length_785_cov_2.031507_1	012_12_RA18_GMCF3029a.sc__NODE_14752_length_1522_cov_2.741650_1	33.2	268
014_14_RA23_GMCF3029a.meta__NODE_58913_length_744_cov_2.390421_1	014_14_RA23_GMCF3029a.meta__NODE_58913_length_744_cov_2.390421_1	100	247
014_14_RA23_GMCF3029a.meta__NODE_58913_length_744_cov_2.390421_1	014_14_RA23_GMCF3029a.sc__NODE_74379_length_744_cov_2.436865_1	100	247
014_14_RA23_GMCF3029a.meta__NODE_58913_length_744_cov_2.390421_1	012_12_RA18_GMCF3029a.sc__NODE_32135_length_1104_cov_1.572927_1	51.0	241
014_14_RA23_GMCF3029a.meta__NODE_58913_length_744_cov_2.390421_1	012_12_RA18_GMCF3029a.meta__NODE_108838_length_581_cov_3.045627_1	53.0	185
014_14_RA23_GMCF3029a.meta__NODE_58913_length_744_cov_2.390421_1	012_12_RA18_GMCF3029a.sc__NODE_154225_length_588_cov_2.864916_1	55.0	171
014_14_RA23_GMCF3029a.meta__NODE_58913_length_744_cov_2.390421_1	012_12_RA18_GMCF3029a.sc__NODE_45102_length_961_cov_1.683223_1	57.4	155
014_14_RA23_GMCF3029a.meta__NODE_58913_length_744_cov_2.390421_1	012_12_RA18_GMCF3029a.sc__NODE_18185_length_1395_cov_3.590299_2	95.6	91
014_14_RA23_GMCF3029a.meta__NODE_58913_length_744_cov_2.390421_1	012_12_RA18_GMCF3029a.meta__NODE_43493_length_843_cov_1.854061_1	54.7	117
014_14_RA23_GMCF3029a.meta__NODE_58913_length_744_cov_2.390421_1	012_12_RA18_GMCF3029a.meta__NODE_42745_length_849_cov_2.204030_1	42.0	169
014_14_RA23_GMCF3029a.meta__NODE_58913_length_744_cov_2.390421_1	012_12_RA18_GMCF3029a.sc__NODE_61213_length_849_cov_2.204030_1	42.0	169
014_14_RA23_GMCF3029a.meta__NODE_58913_length_744_cov_2.390421_1	012_12_RA18_GMCF3029a.sc__NODE_185685_length_547_cov_1.802846_1	38.1	160
014_14_RA23_GMCF3029a.meta__NODE_58913_length_744_cov_2.390421_1	013_13_RA22_GMCF3029a.sc__NODE_101205_length_521_cov_2.487124_1	56.9	72
014_14_RA23_GMCF3029a.meta__NODE_70438_length_687_cov_3.452532_1	014_14_RA23_GMCF3029a.meta__NODE_70438_length_687_cov_3.452532_1	100	228
014_14_RA23_GMCF3029a.meta__NODE_70438_length_687_cov_3.452532_1	014_14_RA23_GMCF3029a.sc__NODE_87737_length_687_cov_3.446203_1	100	228
014_14_RA23_GMCF3029a.meta__NODE_70438_length_687_cov_3.452532_1	012_12_RA18_GMCF3029a.sc__NODE_56639_length_876_cov_1.556638_1	77.9	190
014_14_RA23_GMCF3029a.meta__NODE_70438_length_687_cov_3.452532_1	012_12_RA18_GMCF3029a.sc__NODE_231690_length_501_cov_1.278027_1	52.4	145
014_14_RA23_GMCF3029a.meta__NODE_70438_length_687_cov_3.452532_1	012_12_RA18_GMCF3029a.meta__NODE_7943_length_1729_cov_2.945042_3	42.9	147
014_14_RA23_GMCF3029a.sc__NODE_533_length_5213_cov_7.401706_3	010_10_RA16_GMCF3029a.sc__NODE_474_length_3931_cov_13.201238_2	100	731
014_14_RA23_GMCF3029a.sc__NODE_533_length_5213_cov_7.401706_3	011_11_RA17_GMCF3029a.meta__NODE_224_length_5064_cov_10.771811_3	100	731
014_14_RA23_GMCF3029a.sc__NODE_533_length_5213_cov_7.401706_3	012_12_RA18_GMCF3029a.meta__NODE_835_length_4242_cov_15.534989_2	100	731
014_14_RA23_GMCF3029a.sc__NODE_533_length_5213_cov_7.401706_3	012_12_RA18_GMCF3029a.sc__NODE_2306_length_3341_cov_12.778150_3	100	731
014_14_RA23_GMCF3029a.sc__NODE_533_length_5213_cov_7.401706_3	014_14_RA23_GMCF3029a.sc__NODE_533_length_5213_cov_7.401706_3	100	731
014_14_RA23_GMCF3029a.sc__NODE_533_length_5213_cov_7.401706_3	014_14_RA23_GMCF3029a.meta__NODE_816_length_3395_cov_8.819162_1	100	630
014_14_RA23_GMCF3029a.sc__NODE_533_length_5213_cov_7.401706_3	011_11_RA17_GMCF3029a.sc__NODE_11077_length_1282_cov_11.607987_1	100	426
014_14_RA23_GMCF3029a.sc__NODE_533_length_5213_cov_7.401706_3	012_12_RA18_GMCF3029a.sc__NODE_1900_length_3632_cov_3.671792_4	70.3	586
014_14_RA23_GMCF3029a.sc__NODE_533_length_5213_cov_7.401706_3	010_10_RA16_GMCF3029a.meta__NODE_7413_length_1168_cov_11.323450_1	100	388
014_14_RA23_GMCF3029a.sc__NODE_533_length_5213_cov_7.401706_3	010_10_RA16_GMCF3029a.sc__NODE_1218_length_2862_cov_8.169932_1	34.7	625
014_14_RA23_GMCF3029a.sc__NODE_533_length_5213_cov_7.401706_3	011_11_RA17_GMCF3029a.meta__NODE_1184_length_2902_cov_6.685634_1	35.1	555
014_14_RA23_GMCF3029a.sc__NODE_533_length_5213_cov_7.401706_3	012_12_RA18_GMCF3029a.meta__NODE_8842_length_1651_cov_3.550752_1	30.7	576
014_14_RA23_GMCF3029a.sc__NODE_533_length_5213_cov_7.401706_3	012_12_RA18_GMCF3029a.sc__NODE_83862_length_749_cov_2.112392_1	44.5	238
014_14_RA23_GMCF3029a.sc__NODE_533_length_5213_cov_7.401706_3	012_12_RA18_GMCF3029a.meta__NODE_52305_length_782_cov_1.971114_1	44.1	238
014_14_RA23_GMCF3029a.sc__NODE_533_length_5213_cov_7.401706_3	011_11_RA17_GMCF3029a.sc__NODE_16235_length_1119_cov_3.645677_1	32.7	382
014_14_RA23_GMCF3029a.sc__NODE_533_length_5213_cov_7.401706_3	012_12_RA18_GMCF3029a.sc__NODE_18129_length_1397_cov_3.230253_1	43.4	159
014_14_RA23_GMCF3029a.sc__NODE_533_length_5213_cov_7.401706_3	012_12_RA18_GMCF3029a.sc__NODE_34112_length_1078_cov_1.143695_1	33.1	236
014_14_RA23_GMCF3029a.sc__NODE_21321_length_1322_cov_3.225730_1	014_14_RA23_GMCF3029a.meta__NODE_16155_length_1274_cov_3.269893_1	100	311
014_14_RA23_GMCF3029a.sc__NODE_21321_length_1322_cov_3.225730_1	014_14_RA23_GMCF3029a.sc__NODE_21321_length_1322_cov_3.225730_1	100	311
014_14_RA23_GMCF3029a.sc__NODE_21321_length_1322_cov_3.225730_1	011_11_RA17_GMCF3029a.sc__NODE_55900_length_718_cov_3.333333_1	58.4	214
014_14_RA23_GMCF3029a.sc__NODE_21321_length_1322_cov_3.225730_1	012_12_RA18_GMCF3029a.meta__NODE_64064_length_719_cov_4.120482_1	41.1	151
014_14_RA23_GMCF3029a.sc__NODE_21321_length_1322_cov_3.225730_1	012_12_RA18_GMCF3029a.sc__NODE_92777_length_719_cov_4.204819_1	41.1	151
014_14_RA23_GMCF3029a.sc__NODE_21321_length_1322_cov_3.225730_1	012_12_RA18_GMCF3029a.sc__NODE_42093_length_988_cov_1.807074_1	31.9	304
014_14_RA23_GMCF3029a.sc__NODE_21321_length_1322_cov_3.225730_1	013_13_RA22_GMCF3029a.meta__NODE_3077_length_1800_cov_2.651576_2	30.0	300
014_14_RA23_GMCF3029a.sc__NODE_21321_length_1322_cov_3.225730_1	013_13_RA22_GMCF3029a.sc__NODE_4631_length_1812_cov_3.529880_2	30.0	300
014_14_RA23_GMCF3029a.sc__NODE_21321_length_1322_cov_3.225730_1	012_12_RA18_GMCF3029a.meta__NODE_154737_length_506_cov_3.607539_1	41.4	145
014_14_RA23_GMCF3029a.sc__NODE_21321_length_1322_cov_3.225730_1	012_12_RA18_GMCF3029a.sc__NODE_186631_length_546_cov_1.596741_1	33.6	149
014_14_RA23_GMCF3029a.sc__NODE_21321_length_1322_cov_3.225730_1	012_12_RA18_GMCF3029a.meta__NODE_7943_length_1729_cov_2.945042_3	37.0	154
014_14_RA23_GMCF3029a.sc__NODE_22759_length_1284_cov_3.219691_1	014_14_RA23_GMCF3029a.sc__NODE_22759_length_1284_cov_3.219691_1	100	427
014_14_RA23_GMCF3029a.sc__NODE_22759_length_1284_cov_3.219691_1	012_12_RA18_GMCF3029a.meta__NODE_8842_length_1651_cov_3.550752_1	83.1	413
014_14_RA23_GMCF3029a.sc__NODE_22759_length_1284_cov_3.219691_1	011_11_RA17_GMCF3029a.meta__NODE_474_length_3961_cov_5.335381_3	79.8	406
014_14_RA23_GMCF3029a.sc__NODE_22759_length_1284_cov_3.219691_1	011_11_RA17_GMCF3029a.sc__NODE_2819_length_2023_cov_5.811484_2	79.8	405
014_14_RA23_GMCF3029a.sc__NODE_22759_length_1284_cov_3.219691_1	014_14_RA23_GMCF3029a.meta__NODE_17711_length_1230_cov_3.954894_2	85.6	278
014_14_RA23_GMCF3029a.sc__NODE_22759_length_1284_cov_3.219691_1	014_14_RA23_GMCF3029a.sc__NODE_25134_length_1230_cov_3.954894_2	85.6	278
014_14_RA23_GMCF3029a.sc__NODE_22759_length_1284_cov_3.219691_1	012_12_RA18_GMCF3029a.sc__NODE_19488_length_1355_cov_4.950769_1	78.1	311
014_14_RA23_GMCF3029a.sc__NODE_22759_length_1284_cov_3.219691_1	013_13_RA22_GMCF3029a.sc__NODE_13165_length_1199_cov_2.816434_1	55.0	367
014_14_RA23_GMCF3029a.sc__NODE_22759_length_1284_cov_3.219691_1	012_12_RA18_GMCF3029a.sc__NODE_79709_length_764_cov_2.882934_1	64.0	253
014_14_RA23_GMCF3029a.sc__NODE_22759_length_1284_cov_3.219691_1	012_12_RA18_GMCF3029a.meta__NODE_119542_length_560_cov_3.746535_1	84.4	186
014_14_RA23_GMCF3029a.sc__NODE_22759_length_1284_cov_3.219691_1	013_13_RA22_GMCF3029a.meta__NODE_22959_length_845_cov_3.321519_1	58.2	275
014_14_RA23_GMCF3029a.sc__NODE_22759_length_1284_cov_3.219691_1	012_12_RA18_GMCF3029a.meta__NODE_55520_length_763_cov_2.912429_1	63.7	251
014_14_RA23_GMCF3029a.sc__NODE_22759_length_1284_cov_3.219691_1	012_12_RA18_GMCF3029a.sc__NODE_18129_length_1397_cov_3.230253_1	84.4	179
014_14_RA23_GMCF3029a.sc__NODE_22759_length_1284_cov_3.219691_1	012_12_RA18_GMCF3029a.sc__NODE_34112_length_1078_cov_1.143695_1	46.3	227
014_14_RA23_GMCF3029a.sc__NODE_22759_length_1284_cov_3.219691_1	011_11_RA17_GMCF3029a.sc__NODE_40381_length_809_cov_2.041114_1	50.6	168
014_14_RA23_GMCF3029a.sc__NODE_25134_length_1230_cov_3.954894_2	014_14_RA23_GMCF3029a.meta__NODE_17711_length_1230_cov_3.954894_2	100	278
014_14_RA23_GMCF3029a.sc__NODE_25134_length_1230_cov_3.954894_2	014_14_RA23_GMCF3029a.sc__NODE_25134_length_1230_cov_3.954894_2	100	278
014_14_RA23_GMCF3029a.sc__NODE_25134_length_1230_cov_3.954894_2	011_11_RA17_GMCF3029a.meta__NODE_474_length_3961_cov_5.335381_3	100	273
014_14_RA23_GMCF3029a.sc__NODE_25134_length_1230_cov_3.954894_2	011_11_RA17_GMCF3029a.sc__NODE_2819_length_2023_cov_5.811484_2	100	272
014_14_RA23_GMCF3029a.sc__NODE_25134_length_1230_cov_3.954894_2	014_14_RA23_GMCF3029a.sc__NODE_22759_length_1284_cov_3.219691_1	85.6	278
014_14_RA23_GMCF3029a.sc__NODE_25134_length_1230_cov_3.954894_2	012_12_RA18_GMCF3029a.meta__NODE_8842_length_1651_cov_3.550752_1	84.1	277
014_14_RA23_GMCF3029a.sc__NODE_25134_length_1230_cov_3.954894_2	012_12_RA18_GMCF3029a.meta__NODE_119542_length_560_cov_3.746535_1	99.5	186
014_14_RA23_GMCF3029a.sc__NODE_25134_length_1230_cov_3.954894_2	012_12_RA18_GMCF3029a.sc__NODE_19488_length_1355_cov_4.950769_1	100	178
014_14_RA23_GMCF3029a.sc__NODE_25134_length_1230_cov_3.954894_2	012_12_RA18_GMCF3029a.sc__NODE_18129_length_1397_cov_3.230253_1	85.2	176
014_14_RA23_GMCF3029a.sc__NODE_25134_length_1230_cov_3.954894_2	013_13_RA22_GMCF3029a.sc__NODE_13165_length_1199_cov_2.816434_1	55.2	279
014_14_RA23_GMCF3029a.sc__NODE_25134_length_1230_cov_3.954894_2	013_13_RA22_GMCF3029a.meta__NODE_22959_length_845_cov_3.321519_1	60.3	189
014_14_RA23_GMCF3029a.sc__NODE_25134_length_1230_cov_3.954894_2	012_12_RA18_GMCF3029a.sc__NODE_79709_length_764_cov_2.882934_1	76.9	143
014_14_RA23_GMCF3029a.sc__NODE_25134_length_1230_cov_3.954894_2	012_12_RA18_GMCF3029a.meta__NODE_55520_length_763_cov_2.912429_1	76.6	141
014_14_RA23_GMCF3029a.sc__NODE_25134_length_1230_cov_3.954894_2	012_12_RA18_GMCF3029a.sc__NODE_34112_length_1078_cov_1.143695_1	48.2	222
014_14_RA23_GMCF3029a.sc__NODE_25134_length_1230_cov_3.954894_2	011_11_RA17_GMCF3029a.sc__NODE_40381_length_809_cov_2.041114_1	51.2	168
014_14_RA23_GMCF3029a.sc__NODE_44567_length_949_cov_3.372483_1	014_14_RA23_GMCF3029a.meta__NODE_33743_length_949_cov_3.372483_1	100	316
014_14_RA23_GMCF3029a.sc__NODE_44567_length_949_cov_3.372483_1	014_14_RA23_GMCF3029a.sc__NODE_44567_length_949_cov_3.372483_1	100	316
014_14_RA23_GMCF3029a.sc__NODE_44567_length_949_cov_3.372483_1	013_13_RA22_GMCF3029a.meta__NODE_24287_length_825_cov_2.761039_1	77.6	192
014_14_RA23_GMCF3029a.sc__NODE_44567_length_949_cov_3.372483_1	013_13_RA22_GMCF3029a.sc__NODE_6654_length_1568_cov_2.377396_1	77.6	192
014_14_RA23_GMCF3029a.sc__NODE_44567_length_949_cov_3.372483_1	011_11_RA17_GMCF3029a.sc__NODE_39565_length_815_cov_2.514474_1	72.0	125
014_14_RA23_GMCF3029a.sc__NODE_44567_length_949_cov_3.372483_1	013_13_RA22_GMCF3029a.meta__NODE_38465_length_689_cov_1.687697_2	68.3	120
014_14_RA23_GMCF3029a.sc__NODE_44567_length_949_cov_3.372483_1	013_13_RA22_GMCF3029a.sc__NODE_51794_length_689_cov_1.687697_2	68.3	120
014_14_RA23_GMCF3029a.sc__NODE_44567_length_949_cov_3.372483_1	013_13_RA22_GMCF3029a.meta__NODE_65577_length_556_cov_2.227545_1	69.7	109
014_14_RA23_GMCF3029a.sc__NODE_44567_length_949_cov_3.372483_1	013_13_RA22_GMCF3029a.sc__NODE_86808_length_556_cov_2.227545_1	69.7	109
014_14_RA23_GMCF3029a.sc__NODE_44567_length_949_cov_3.372483_1	012_12_RA18_GMCF3029a.sc__NODE_18185_length_1395_cov_3.590299_2	29.2	178
014_14_RA23_GMCF3029a.sc__NODE_44567_length_949_cov_3.372483_1	012_12_RA18_GMCF3029a.meta__NODE_108838_length_581_cov_3.045627_1	33.9	127
014_14_RA23_GMCF3029a.sc__NODE_44567_length_949_cov_3.372483_1	012_12_RA18_GMCF3029a.sc__NODE_154225_length_588_cov_2.864916_1	33.9	127
014_14_RA23_GMCF3029a.sc__NODE_56711_length_847_cov_1.547980_1	014_14_RA23_GMCF3029a.meta__NODE_43878_length_847_cov_1.547980_1	100	263
014_14_RA23_GMCF3029a.sc__NODE_56711_length_847_cov_1.547980_1	014_14_RA23_GMCF3029a.sc__NODE_56711_length_847_cov_1.547980_1	100	263
014_14_RA23_GMCF3029a.sc__NODE_74379_length_744_cov_2.436865_1	014_14_RA23_GMCF3029a.meta__NODE_58913_length_744_cov_2.390421_1	100	247
014_14_RA23_GMCF3029a.sc__NODE_74379_length_744_cov_2.436865_1	014_14_RA23_GMCF3029a.sc__NODE_74379_length_744_cov_2.436865_1	100	247
014_14_RA23_GMCF3029a.sc__NODE_74379_length_744_cov_2.436865_1	012_12_RA18_GMCF3029a.sc__NODE_32135_length_1104_cov_1.572927_1	51.0	241
014_14_RA23_GMCF3029a.sc__NODE_74379_length_744_cov_2.436865_1	012_12_RA18_GMCF3029a.meta__NODE_108838_length_581_cov_3.045627_1	53.0	185
014_14_RA23_GMCF3029a.sc__NODE_74379_length_744_cov_2.436865_1	012_12_RA18_GMCF3029a.sc__NODE_154225_length_588_cov_2.864916_1	55.0	171
014_14_RA23_GMCF3029a.sc__NODE_74379_length_744_cov_2.436865_1	012_12_RA18_GMCF3029a.sc__NODE_45102_length_961_cov_1.683223_1	57.4	155
014_14_RA23_GMCF3029a.sc__NODE_74379_length_744_cov_2.436865_1	012_12_RA18_GMCF3029a.sc__NODE_18185_length_1395_cov_3.590299_2	95.6	91
014_14_RA23_GMCF3029a.sc__NODE_74379_length_744_cov_2.436865_1	012_12_RA18_GMCF3029a.meta__NODE_43493_length_843_cov_1.854061_1	54.7	117
014_14_RA23_GMCF3029a.sc__NODE_74379_length_744_cov_2.436865_1	012_12_RA18_GMCF3029a.meta__NODE_42745_length_849_cov_2.204030_1	42.0	169
014_14_RA23_GMCF3029a.sc__NODE_74379_length_744_cov_2.436865_1	012_12_RA18_GMCF3029a.sc__NODE_61213_length_849_cov_2.204030_1	42.0	169
014_14_RA23_GMCF3029a.sc__NODE_74379_length_744_cov_2.436865_1	012_12_RA18_GMCF3029a.sc__NODE_185685_length_547_cov_1.802846_1	38.1	160
014_14_RA23_GMCF3029a.sc__NODE_74379_length_744_cov_2.436865_1	013_13_RA22_GMCF3029a.sc__NODE_101205_length_521_cov_2.487124_1	56.9	72
014_14_RA23_GMCF3029a.sc__NODE_87737_length_687_cov_3.446203_1	014_14_RA23_GMCF3029a.meta__NODE_70438_length_687_cov_3.452532_1	100	228
014_14_RA23_GMCF3029a.sc__NODE_87737_length_687_cov_3.446203_1	014_14_RA23_GMCF3029a.sc__NODE_87737_length_687_cov_3.446203_1	100	228
014_14_RA23_GMCF3029a.sc__NODE_87737_length_687_cov_3.446203_1	012_12_RA18_GMCF3029a.sc__NODE_56639_length_876_cov_1.556638_1	77.9	190
014_14_RA23_GMCF3029a.sc__NODE_87737_length_687_cov_3.446203_1	012_12_RA18_GMCF3029a.sc__NODE_231690_length_501_cov_1.278027_1	52.4	145
014_14_RA23_GMCF3029a.sc__NODE_87737_length_687_cov_3.446203_1	012_12_RA18_GMCF3029a.meta__NODE_7943_length_1729_cov_2.945042_3	42.9	147
014_14_RA23_GMCF3029a.sc__NODE_119942_length_591_cov_2.246269_1	014_14_RA23_GMCF3029a.sc__NODE_119942_length_591_cov_2.246269_1	100	196
014_14_RA23_GMCF3029a.sc__NODE_119942_length_591_cov_2.246269_1	012_12_RA18_GMCF3029a.sc__NODE_186631_length_546_cov_1.596741_1	67.3	165
014_14_RA23_GMCF3029a.sc__NODE_119942_length_591_cov_2.246269_1	010_10_RA16_GMCF3029a.sc__NODE_7214_length_1406_cov_4.330126_2	64.2	165
014_14_RA23_GMCF3029a.sc__NODE_119942_length_591_cov_2.246269_1	010_10_RA16_GMCF3029a.meta__NODE_15825_length_859_cov_5.455224_1	65.7	134
014_14_RA23_GMCF3029a.sc__NODE_119942_length_591_cov_2.246269_1	012_12_RA18_GMCF3029a.meta__NODE_7943_length_1729_cov_2.945042_3	42.9	147
014_14_RA23_GMCF3029a.sc__NODE_119942_length_591_cov_2.246269_1	012_12_RA18_GMCF3029a.meta__NODE_154737_length_506_cov_3.607539_1	42.1	140
014_14_RA23_GMCF3029a.sc__NODE_119942_length_591_cov_2.246269_1	013_13_RA22_GMCF3029a.meta__NODE_3077_length_1800_cov_2.651576_2	38.0	137
014_14_RA23_GMCF3029a.sc__NODE_119942_length_591_cov_2.246269_1	013_13_RA22_GMCF3029a.sc__NODE_4631_length_1812_cov_3.529880_2	38.0	137
