002_2_PWA2_GMCF3029a.meta__NODE_12249_length_852_cov_1.445420_1	REF063_OUT_Bos_taurus_Bovine__P80457	54.8	279	2	280	858	1135	4.80e-97	303	283	1332
002_2_PWA2_GMCF3029a.meta__NODE_12249_length_852_cov_1.445420_1	REF066_OUT_Rhodobacter_capsulatus_Rhodopseudom_O54051	41.0	307	12	280	298	604	1.58e-67	217	283	777
002_2_PWA2_GMCF3029a.meta__NODE_12249_length_852_cov_1.445420_1	REF049_FII_Gandjariella_thermophila_A0A4D4J4W8	27.8	237	31	257	324	550	3.59e-15	68.2	283	752
002_2_PWA2_GMCF3029a.meta__NODE_12249_length_852_cov_1.445420_1	REF065_OUT_Megalodesulfovibrio_gigas_Desulfovi_Q46509	25.9	243	2	241	479	715	5.09e-15	67.8	283	907
002_2_PWA2_GMCF3029a.meta__NODE_12249_length_852_cov_1.445420_1	REF046_FII_Amycolatopsis_bartoniae_A0A8H9IQQ2	24.1	237	31	257	324	550	3.79e-14	65.1	283	752
002_2_PWA2_GMCF3029a.meta__NODE_33129_length_518_cov_2.529158_1	REF063_OUT_Bos_taurus_Bovine__P80457	52.4	105	1	105	1216	1311	1.26e-28	102	127	1332
002_2_PWA2_GMCF3029a.sc__NODE_8230_length_1152_cov_1.849590_1	REF063_OUT_Bos_taurus_Bovine__P80457	55.3	311	1	311	826	1135	5.10e-111	343	314	1332
002_2_PWA2_GMCF3029a.sc__NODE_8230_length_1152_cov_1.849590_1	REF066_OUT_Rhodobacter_capsulatus_Rhodopseudom_O54051	40.6	347	3	311	258	604	9.92e-79	248	314	777
002_2_PWA2_GMCF3029a.sc__NODE_8230_length_1152_cov_1.849590_1	REF065_OUT_Megalodesulfovibrio_gigas_Desulfovi_Q46509	26.4	273	3	272	449	715	6.14e-20	83.2	314	907
002_2_PWA2_GMCF3029a.sc__NODE_8230_length_1152_cov_1.849590_1	REF064_OUT_Escherichia_coli_strain_K12__Q46799	27.7	256	2	241	265	502	6.13e-19	80.1	314	752
002_2_PWA2_GMCF3029a.sc__NODE_8230_length_1152_cov_1.849590_1	REF049_FII_Gandjariella_thermophila_A0A4D4J4W8	26.6	290	12	288	277	550	3.99e-16	71.6	314	752
002_2_PWA2_GMCF3029a.sc__NODE_9561_length_1066_cov_2.696340_1	REF063_OUT_Bos_taurus_Bovine__P80457	52.4	105	1	105	1216	1311	1.26e-28	102	127	1332
003_3_PWA3_GMCF3029a.meta__NODE_600_length_4603_cov_13.148417_1	REF063_OUT_Bos_taurus_Bovine__P80457	39.5	286	1	263	504	772	2.49e-54	181	264	1332
003_3_PWA3_GMCF3029a.meta__NODE_600_length_4603_cov_13.148417_1	REF066_OUT_Rhodobacter_capsulatus_Rhodopseudom_O54051	34.5	203	61	262	3	201	1.00e-29	110	264	777
003_3_PWA3_GMCF3029a.meta__NODE_600_length_4603_cov_13.148417_1	REF020_FI_Maliponia_aquimaris_A0A238KQS5	26.0	223	61	260	18	238	9.44e-14	63.5	264	805
003_3_PWA3_GMCF3029a.meta__NODE_600_length_4603_cov_13.148417_1	REF065_OUT_Megalodesulfovibrio_gigas_Desulfovi_Q46509	28.8	222	60	255	175	387	1.75e-13	62.8	264	907
003_3_PWA3_GMCF3029a.meta__NODE_600_length_4603_cov_13.148417_1	REF015_FI_Antarctobacter_heliothermus_A0A222E7I6	24.8	222	61	260	18	238	5.55e-13	61.2	264	805
003_3_PWA3_GMCF3029a.meta__NODE_600_length_4603_cov_13.148417_2	REF063_OUT_Bos_taurus_Bovine__P80457	53.6	569	3	566	757	1311	9.88e-204	599	588	1332
003_3_PWA3_GMCF3029a.meta__NODE_600_length_4603_cov_13.148417_2	REF066_OUT_Rhodobacter_capsulatus_Rhodopseudom_O54051	39.7	585	14	560	203	766	7.46e-134	402	588	777
003_3_PWA3_GMCF3029a.meta__NODE_600_length_4603_cov_13.148417_2	REF065_OUT_Megalodesulfovibrio_gigas_Desulfovi_Q46509	26.6	549	17	560	399	901	7.65e-34	130	588	907
003_3_PWA3_GMCF3029a.meta__NODE_600_length_4603_cov_13.148417_2	REF034_FII_Actinoallomurus_iriomotensis_A0A9W6W744	25.7	557	35	563	231	743	1.91e-31	122	588	751
003_3_PWA3_GMCF3029a.meta__NODE_600_length_4603_cov_13.148417_2	REF049_FII_Gandjariella_thermophila_A0A4D4J4W8	26.6	561	35	560	231	741	4.47e-30	118	588	752
003_3_PWA3_GMCF3029a.meta__NODE_3144_length_2536_cov_4.056429_1	REF063_OUT_Bos_taurus_Bovine__P80457	50.2	279	1	279	1049	1311	1.92e-79	255	301	1332
003_3_PWA3_GMCF3029a.meta__NODE_3144_length_2536_cov_4.056429_1	REF066_OUT_Rhodobacter_capsulatus_Rhodopseudom_O54051	38.1	294	1	276	499	769	1.10e-50	171	301	777
003_3_PWA3_GMCF3029a.meta__NODE_3144_length_2536_cov_4.056429_2	REF063_OUT_Bos_taurus_Bovine__P80457	56.9	144	6	149	772	915	7.51e-52	169	156	1332
003_3_PWA3_GMCF3029a.meta__NODE_3144_length_2536_cov_4.056429_2	REF066_OUT_Rhodobacter_capsulatus_Rhodopseudom_O54051	45.5	143	7	149	203	345	1.05e-38	132	156	777
003_3_PWA3_GMCF3029a.meta__NODE_3144_length_2536_cov_4.056429_2	REF065_OUT_Megalodesulfovibrio_gigas_Desulfovi_Q46509	29.3	140	10	149	399	536	5.68e-14	61.2	156	907
003_3_PWA3_GMCF3029a.meta__NODE_3144_length_2536_cov_4.056429_2	REF034_FII_Actinoallomurus_iriomotensis_A0A9W6W744	32.0	122	28	149	231	351	1.39e-13	60.1	156	751
003_3_PWA3_GMCF3029a.meta__NODE_3144_length_2536_cov_4.056429_3	REF063_OUT_Bos_taurus_Bovine__P80457	45.9	209	16	223	569	772	5.02e-50	168	247	1332
003_3_PWA3_GMCF3029a.meta__NODE_3144_length_2536_cov_4.056429_3	REF066_OUT_Rhodobacter_capsulatus_Rhodopseudom_O54051	38.2	204	20	222	3	201	8.72e-32	115	247	777
003_3_PWA3_GMCF3029a.meta__NODE_3144_length_2536_cov_4.056429_3	REF020_FI_Maliponia_aquimaris_A0A238KQS5	27.2	250	18	245	16	260	8.05e-16	69.3	247	805
003_3_PWA3_GMCF3029a.meta__NODE_3144_length_2536_cov_4.056429_3	REF031_FI_Ruegeria_arenilitoris_A0A238KMA5	27.6	250	18	245	16	260	1.47e-15	68.6	247	805
003_3_PWA3_GMCF3029a.meta__NODE_3144_length_2536_cov_4.056429_3	REF028_FI_Pseudoruegeria_aquimaris_A0A1Y5RQJ2	25.9	251	18	245	15	260	4.85e-15	67.0	247	805
003_3_PWA3_GMCF3029a.meta__NODE_11698_length_1376_cov_5.860936_1	REF063_OUT_Bos_taurus_Bovine__P80457	48.7	78	1	78	771	848	3.19e-23	85.1	95	1332
003_3_PWA3_GMCF3029a.meta__NODE_11698_length_1376_cov_5.860936_1	REF066_OUT_Rhodobacter_capsulatus_Rhodopseudom_O54051	44.7	76	3	78	203	278	3.38e-16	65.1	95	777
003_3_PWA3_GMCF3029a.meta__NODE_11698_length_1376_cov_5.860936_2	REF063_OUT_Bos_taurus_Bovine__P80457	52.5	61	1	61	882	942	8.20e-20	74.7	81	1332
003_3_PWA3_GMCF3029a.meta__NODE_11698_length_1376_cov_5.860936_2	REF066_OUT_Rhodobacter_capsulatus_Rhodopseudom_O54051	44.3	61	1	61	312	372	2.91e-14	58.9	81	777
003_3_PWA3_GMCF3029a.meta__NODE_11698_length_1376_cov_5.860936_3	REF063_OUT_Bos_taurus_Bovine__P80457	39.7	68	1	68	952	1019	2.95e-17	67.4	80	1332
003_3_PWA3_GMCF3029a.meta__NODE_11698_length_1376_cov_5.860936_3	REF066_OUT_Rhodobacter_capsulatus_Rhodopseudom_O54051	35.6	73	3	75	404	476	2.23e-12	53.5	80	777
003_3_PWA3_GMCF3029a.meta__NODE_32238_length_822_cov_2.790091_1	REF063_OUT_Bos_taurus_Bovine__P80457	39.1	233	27	255	196	427	2.30e-45	155	255	1332
003_3_PWA3_GMCF3029a.meta__NODE_51004_length_641_cov_4.254266_1	REF063_OUT_Bos_taurus_Bovine__P80457	40.2	184	10	191	284	466	1.85e-36	128	213	1332
003_3_PWA3_GMCF3029a.meta__NODE_52304_length_632_cov_7.166378_2	REF052_FII_Bradyrhizobium_ivorense_A0A508SVN1	53.2	47	9	55	107	153	3.52e-11	49.3	63	779
003_3_PWA3_GMCF3029a.meta__NODE_57952_length_598_cov_2.523020_1	REF045_FII_Albidovulum_aquaemixtae_A0A2R8B4Q9	28.6	182	4	179	7	188	5.87e-14	62.0	181	788
003_3_PWA3_GMCF3029a.meta__NODE_57952_length_598_cov_2.523020_1	REF048_FII_Ascidiaceihabitans_donghaensis_A0A2R8BD61	32.0	147	4	145	7	151	5.87e-14	62.0	181	788
003_3_PWA3_GMCF3029a.meta__NODE_57952_length_598_cov_2.523020_1	REF058_FII_Cupriavidus_laharis_A0ABM8XSX1	29.7	192	4	179	10	191	4.96e-13	59.3	181	791
003_3_PWA3_GMCF3029a.meta__NODE_57952_length_598_cov_2.523020_1	REF060_FII_Donghicola_eburneus_A0A1M4N221	31.3	147	4	145	7	151	2.27e-12	57.4	181	788
003_3_PWA3_GMCF3029a.meta__NODE_57952_length_598_cov_2.523020_1	REF053_FII_Nocardioides_aquaticus_A0ABX8EDS7	29.9	137	3	139	13	149	3.10e-12	57.0	181	828
003_3_PWA3_GMCF3029a.meta__NODE_68961_length_544_cov_4.335378_2	REF063_OUT_Bos_taurus_Bovine__P80457	49.3	67	22	88	601	666	1.25e-15	63.5	96	1332
003_3_PWA3_GMCF3029a.sc__NODE_224_length_7352_cov_21.716185_1	REF063_OUT_Bos_taurus_Bovine__P80457	39.5	286	1	263	504	772	2.49e-54	181	264	1332
003_3_PWA3_GMCF3029a.sc__NODE_224_length_7352_cov_21.716185_1	REF066_OUT_Rhodobacter_capsulatus_Rhodopseudom_O54051	34.5	203	61	262	3	201	1.00e-29	110	264	777
003_3_PWA3_GMCF3029a.sc__NODE_224_length_7352_cov_21.716185_1	REF020_FI_Maliponia_aquimaris_A0A238KQS5	26.0	223	61	260	18	238	9.44e-14	63.5	264	805
003_3_PWA3_GMCF3029a.sc__NODE_224_length_7352_cov_21.716185_1	REF065_OUT_Megalodesulfovibrio_gigas_Desulfovi_Q46509	28.8	222	60	255	175	387	1.75e-13	62.8	264	907
003_3_PWA3_GMCF3029a.sc__NODE_224_length_7352_cov_21.716185_1	REF015_FI_Antarctobacter_heliothermus_A0A222E7I6	24.8	222	61	260	18	238	5.55e-13	61.2	264	805
003_3_PWA3_GMCF3029a.sc__NODE_224_length_7352_cov_21.716185_2	REF063_OUT_Bos_taurus_Bovine__P80457	54.4	500	1	500	826	1311	1.25e-180	536	522	1332
003_3_PWA3_GMCF3029a.sc__NODE_224_length_7352_cov_21.716185_2	REF066_OUT_Rhodobacter_capsulatus_Rhodopseudom_O54051	39.6	530	3	494	258	766	9.49e-119	361	522	777
003_3_PWA3_GMCF3029a.sc__NODE_224_length_7352_cov_21.716185_2	REF065_OUT_Megalodesulfovibrio_gigas_Desulfovi_Q46509	26.4	497	3	494	449	901	2.95e-28	112	522	907
003_3_PWA3_GMCF3029a.sc__NODE_224_length_7352_cov_21.716185_2	REF049_FII_Gandjariella_thermophila_A0A4D4J4W8	26.5	514	12	494	277	741	7.68e-25	101	522	752
003_3_PWA3_GMCF3029a.sc__NODE_224_length_7352_cov_21.716185_2	REF055_FII_Pseudonocardia_asaccharolytica_DSM__A0A511CWW9	24.3	511	3	494	272	745	2.42e-24	99.8	522	757
003_3_PWA3_GMCF3029a.sc__NODE_7879_length_1863_cov_3.596792_1	REF063_OUT_Bos_taurus_Bovine__P80457	50.2	279	1	279	1049	1311	1.92e-79	255	301	1332
003_3_PWA3_GMCF3029a.sc__NODE_7879_length_1863_cov_3.596792_1	REF066_OUT_Rhodobacter_capsulatus_Rhodopseudom_O54051	38.1	294	1	276	499	769	1.10e-50	171	301	777
003_3_PWA3_GMCF3029a.sc__NODE_7879_length_1863_cov_3.596792_2	REF063_OUT_Bos_taurus_Bovine__P80457	56.9	144	6	149	772	915	7.51e-52	169	156	1332
003_3_PWA3_GMCF3029a.sc__NODE_7879_length_1863_cov_3.596792_2	REF066_OUT_Rhodobacter_capsulatus_Rhodopseudom_O54051	45.5	143	7	149	203	345	1.05e-38	132	156	777
003_3_PWA3_GMCF3029a.sc__NODE_7879_length_1863_cov_3.596792_2	REF065_OUT_Megalodesulfovibrio_gigas_Desulfovi_Q46509	29.3	140	10	149	399	536	5.68e-14	61.2	156	907
003_3_PWA3_GMCF3029a.sc__NODE_7879_length_1863_cov_3.596792_2	REF034_FII_Actinoallomurus_iriomotensis_A0A9W6W744	32.0	122	28	149	231	351	1.39e-13	60.1	156	751
003_3_PWA3_GMCF3029a.sc__NODE_7879_length_1863_cov_3.596792_3	REF063_OUT_Bos_taurus_Bovine__P80457	49.4	79	1	79	695	772	9.81e-22	81.3	103	1332
003_3_PWA3_GMCF3029a.sc__NODE_7879_length_1863_cov_3.596792_3	REF066_OUT_Rhodobacter_capsulatus_Rhodopseudom_O54051	39.2	79	1	78	126	201	1.32e-11	52.4	103	777
003_3_PWA3_GMCF3029a.sc__NODE_13912_length_1376_cov_5.860936_1	REF063_OUT_Bos_taurus_Bovine__P80457	48.7	78	1	78	771	848	3.19e-23	85.1	95	1332
003_3_PWA3_GMCF3029a.sc__NODE_13912_length_1376_cov_5.860936_1	REF066_OUT_Rhodobacter_capsulatus_Rhodopseudom_O54051	44.7	76	3	78	203	278	3.38e-16	65.1	95	777
003_3_PWA3_GMCF3029a.sc__NODE_13912_length_1376_cov_5.860936_2	REF063_OUT_Bos_taurus_Bovine__P80457	52.5	61	1	61	882	942	8.20e-20	74.7	81	1332
003_3_PWA3_GMCF3029a.sc__NODE_13912_length_1376_cov_5.860936_2	REF066_OUT_Rhodobacter_capsulatus_Rhodopseudom_O54051	44.3	61	1	61	312	372	2.91e-14	58.9	81	777
003_3_PWA3_GMCF3029a.sc__NODE_13912_length_1376_cov_5.860936_3	REF063_OUT_Bos_taurus_Bovine__P80457	39.7	68	1	68	952	1019	2.95e-17	67.4	80	1332
003_3_PWA3_GMCF3029a.sc__NODE_13912_length_1376_cov_5.860936_3	REF066_OUT_Rhodobacter_capsulatus_Rhodopseudom_O54051	35.6	73	3	75	404	476	2.23e-12	53.5	80	777
003_3_PWA3_GMCF3029a.sc__NODE_22998_length_1056_cov_2.495504_1	REF063_OUT_Bos_taurus_Bovine__P80457	43.5	356	1	351	85	427	3.89e-84	270	351	1332
003_3_PWA3_GMCF3029a.sc__NODE_22998_length_1056_cov_2.495504_1	REF065_OUT_Megalodesulfovibrio_gigas_Desulfovi_Q46509	41.5	82	1	80	73	154	4.85e-18	78.2	351	907
003_3_PWA3_GMCF3029a.sc__NODE_30907_length_904_cov_2.247350_1	REF063_OUT_Bos_taurus_Bovine__P80457	43.5	69	4	70	1189	1257	1.71e-11	51.6	92	1332
003_3_PWA3_GMCF3029a.sc__NODE_46374_length_728_cov_5.289747_2	REF063_OUT_Bos_taurus_Bovine__P80457	45.1	144	16	158	569	708	2.72e-29	105	162	1332
003_3_PWA3_GMCF3029a.sc__NODE_46374_length_728_cov_5.289747_2	REF066_OUT_Rhodobacter_capsulatus_Rhodopseudom_O54051	37.9	140	20	159	3	140	1.18e-19	77.8	162	777
003_3_PWA3_GMCF3029a.sc__NODE_46374_length_728_cov_5.289747_2	REF020_FI_Maliponia_aquimaris_A0A238KQS5	32.9	140	18	155	16	153	4.86e-14	61.6	162	805
003_3_PWA3_GMCF3029a.sc__NODE_46374_length_728_cov_5.289747_2	REF028_FI_Pseudoruegeria_aquimaris_A0A1Y5RQJ2	32.6	141	18	156	15	153	1.22e-13	60.5	162	805
003_3_PWA3_GMCF3029a.sc__NODE_46374_length_728_cov_5.289747_2	REF036_FII_Calidithermus_roseus_A0A399EKG8	35.1	131	18	145	12	141	2.24e-13	59.7	162	764
003_3_PWA3_GMCF3029a.sc__NODE_46533_length_727_cov_3.933036_1	REF063_OUT_Bos_taurus_Bovine__P80457	40.2	184	11	192	284	466	1.91e-36	128	214	1332
003_3_PWA3_GMCF3029a.sc__NODE_47969_length_715_cov_7.003030_2	REF052_FII_Bradyrhizobium_ivorense_A0A508SVN1	53.2	47	9	55	107	153	3.52e-11	49.3	63	779
003_3_PWA3_GMCF3029a.sc__NODE_67503_length_598_cov_2.523020_1	REF045_FII_Albidovulum_aquaemixtae_A0A2R8B4Q9	28.6	182	4	179	7	188	5.87e-14	62.0	181	788
003_3_PWA3_GMCF3029a.sc__NODE_67503_length_598_cov_2.523020_1	REF048_FII_Ascidiaceihabitans_donghaensis_A0A2R8BD61	32.0	147	4	145	7	151	5.87e-14	62.0	181	788
003_3_PWA3_GMCF3029a.sc__NODE_67503_length_598_cov_2.523020_1	REF058_FII_Cupriavidus_laharis_A0ABM8XSX1	29.7	192	4	179	10	191	4.96e-13	59.3	181	791
003_3_PWA3_GMCF3029a.sc__NODE_67503_length_598_cov_2.523020_1	REF060_FII_Donghicola_eburneus_A0A1M4N221	31.3	147	4	145	7	151	2.27e-12	57.4	181	788
003_3_PWA3_GMCF3029a.sc__NODE_67503_length_598_cov_2.523020_1	REF053_FII_Nocardioides_aquaticus_A0ABX8EDS7	29.9	137	3	139	13	149	3.10e-12	57.0	181	828
003_3_PWA3_GMCF3029a.sc__NODE_83249_length_535_cov_2.008333_1	REF065_OUT_Megalodesulfovibrio_gigas_Desulfovi_Q46509	42.0	88	91	177	1	88	5.51e-20	79.3	177	907
005_5_RA3_GMCF3029a.meta__NODE_3359_length_1406_cov_5.467802_2	REF063_OUT_Bos_taurus_Bovine__P80457	45.8	120	58	175	8	127	4.87e-31	111	180	1332
005_5_RA3_GMCF3029a.meta__NODE_3359_length_1406_cov_5.467802_2	REF065_OUT_Megalodesulfovibrio_gigas_Desulfovi_Q46509	43.0	93	80	171	27	110	3.25e-20	80.1	180	907
005_5_RA3_GMCF3029a.meta__NODE_7551_length_1006_cov_3.855941_1	REF063_OUT_Bos_taurus_Bovine__P80457	55.2	163	72	234	927	1089	8.96e-55	181	234	1332
005_5_RA3_GMCF3029a.meta__NODE_7551_length_1006_cov_3.855941_1	REF066_OUT_Rhodobacter_capsulatus_Rhodopseudom_O54051	43.2	183	72	234	357	539	3.16e-36	128	234	777
005_5_RA3_GMCF3029a.meta__NODE_11321_length_843_cov_1.926396_1	REF056_FII_Comamonas_aquatilis_A0ACE2T5A2	90.7	75	1	75	496	570	1.58e-41	139	132	795
005_5_RA3_GMCF3029a.meta__NODE_11321_length_843_cov_1.926396_1	REF058_FII_Cupriavidus_laharis_A0ABM8XSX1	84.0	75	1	75	491	565	2.62e-40	135	132	791
005_5_RA3_GMCF3029a.meta__NODE_11321_length_843_cov_1.926396_1	REF033_FII_Acidiphilium_multivorum_strain_DSM__F0J165	68.0	75	1	75	498	572	1.71e-34	119	132	801
005_5_RA3_GMCF3029a.meta__NODE_11321_length_843_cov_1.926396_1	REF052_FII_Bradyrhizobium_ivorense_A0A508SVN1	69.3	75	1	75	488	562	1.79e-32	113	132	779
005_5_RA3_GMCF3029a.meta__NODE_11321_length_843_cov_1.926396_1	REF037_FII_Fibrella_aestuarina_BUZ_2_I0KFJ2	69.3	75	1	75	501	575	2.45e-32	112	132	796
005_5_RA3_GMCF3029a.meta__NODE_15362_length_729_cov_3.274481_1	REF064_OUT_Escherichia_coli_strain_K12__Q46799	33.3	228	17	239	463	690	3.92e-36	128	242	752
005_5_RA3_GMCF3029a.meta__NODE_15362_length_729_cov_3.274481_1	REF048_FII_Ascidiaceihabitans_donghaensis_A0A2R8BD61	35.8	229	16	237	494	721	1.41e-33	120	242	788
005_5_RA3_GMCF3029a.meta__NODE_15362_length_729_cov_3.274481_1	REF062_FII_Falsiruegeria_litorea_R37_A0A1Y5S8H3	34.1	229	16	237	494	721	3.53e-33	119	242	787
005_5_RA3_GMCF3029a.meta__NODE_15362_length_729_cov_3.274481_1	REF052_FII_Bradyrhizobium_ivorense_A0A508SVN1	33.3	225	17	236	494	718	6.50e-33	119	242	779
005_5_RA3_GMCF3029a.meta__NODE_15362_length_729_cov_3.274481_1	REF060_FII_Donghicola_eburneus_A0A1M4N221	33.2	229	16	237	494	721	5.60e-32	116	242	788
005_5_RA3_GMCF3029a.meta__NODE_17589_length_685_cov_2.292063_1	REF063_OUT_Bos_taurus_Bovine__P80457	48.9	137	1	131	1169	1305	2.72e-37	127	141	1332
005_5_RA3_GMCF3029a.meta__NODE_17589_length_685_cov_2.292063_1	REF066_OUT_Rhodobacter_capsulatus_Rhodopseudom_O54051	47.0	132	1	132	638	767	7.76e-36	123	141	777
005_5_RA3_GMCF3029a.meta__NODE_17589_length_685_cov_2.292063_1	REF061_FII_Streptomyces_smaragdinus_A0A7K0CAR3	34.8	115	1	111	647	756	3.60e-14	61.2	141	791
005_5_RA3_GMCF3029a.meta__NODE_17589_length_685_cov_2.292063_1	REF054_FII_Cereibacter_sphaeroides_strain_ATCC_Q3J2E6	33.1	133	1	127	655	780	4.26e-13	58.2	141	790
005_5_RA3_GMCF3029a.meta__NODE_17589_length_685_cov_2.292063_1	REF044_FII_Sulfoacidibacillus_ferrooxidans_A0A9X1V6V7	36.6	112	1	111	648	757	5.79e-13	57.8	141	784
005_5_RA3_GMCF3029a.meta__NODE_17737_length_682_cov_2.229665_1	REF038_FII_Kyrpidia_spormannii_A0A2K8N8V7	41.8	165	45	198	16	165	6.45e-28	103	226	780
005_5_RA3_GMCF3029a.meta__NODE_17737_length_682_cov_2.229665_1	REF035_FII_Ardenticatena_maritima_A0A0M8K8I5	41.8	158	31	180	5	158	5.53e-27	101	226	789
005_5_RA3_GMCF3029a.meta__NODE_17737_length_682_cov_2.229665_1	REF040_FII_Nitrolancea_hollandica_Lb_I4ED45	36.6	172	45	211	18	180	6.39e-26	98.2	226	784
005_5_RA3_GMCF3029a.meta__NODE_17737_length_682_cov_2.229665_1	REF026_FI_Polymorphum_gilvum_strain_LMG_25793_F2IW51	32.5	191	19	205	1	188	4.66e-24	92.8	226	806
005_5_RA3_GMCF3029a.meta__NODE_17737_length_682_cov_2.229665_1	REF047_FII_Meiothermus_granaticius_NBRC_107808_A0A399F9R8	37.5	152	33	180	5	155	2.13e-23	90.9	226	789
005_5_RA3_GMCF3029a.sc__NODE_2416_length_1826_cov_3.116883_1	REF064_OUT_Escherichia_coli_strain_K12__Q46799	33.2	361	4	357	346	690	2.29e-58	194	360	752
005_5_RA3_GMCF3029a.sc__NODE_2416_length_1826_cov_3.116883_1	REF061_FII_Streptomyces_smaragdinus_A0A7K0CAR3	31.4	369	6	354	360	714	2.44e-42	150	360	791
005_5_RA3_GMCF3029a.sc__NODE_2416_length_1826_cov_3.116883_1	REF052_FII_Bradyrhizobium_ivorense_A0A508SVN1	30.2	368	6	354	369	718	1.50e-41	147	360	779
005_5_RA3_GMCF3029a.sc__NODE_2416_length_1826_cov_3.116883_1	REF048_FII_Ascidiaceihabitans_donghaensis_A0A2R8BD61	31.2	359	6	355	370	721	5.24e-41	146	360	788
005_5_RA3_GMCF3029a.sc__NODE_2416_length_1826_cov_3.116883_1	REF057_FII_Rhodococcus_coprophilus_A0A2X4U3L5	29.2	366	6	354	371	724	2.14e-39	141	360	808
005_5_RA3_GMCF3029a.sc__NODE_4829_length_1355_cov_5.485385_1	REF063_OUT_Bos_taurus_Bovine__P80457	45.8	120	41	158	8	127	2.72e-31	111	163	1332
005_5_RA3_GMCF3029a.sc__NODE_4829_length_1355_cov_5.485385_1	REF065_OUT_Megalodesulfovibrio_gigas_Desulfovi_Q46509	43.0	93	63	154	27	110	1.95e-20	80.1	163	907
005_5_RA3_GMCF3029a.sc__NODE_9247_length_1006_cov_3.852787_1	REF063_OUT_Bos_taurus_Bovine__P80457	55.2	163	72	234	927	1089	8.96e-55	181	234	1332
005_5_RA3_GMCF3029a.sc__NODE_9247_length_1006_cov_3.852787_1	REF066_OUT_Rhodobacter_capsulatus_Rhodopseudom_O54051	43.2	183	72	234	357	539	3.16e-36	128	234	777
005_5_RA3_GMCF3029a.sc__NODE_13314_length_843_cov_1.926396_1	REF056_FII_Comamonas_aquatilis_A0ACE2T5A2	90.7	75	1	75	496	570	1.58e-41	139	132	795
005_5_RA3_GMCF3029a.sc__NODE_13314_length_843_cov_1.926396_1	REF058_FII_Cupriavidus_laharis_A0ABM8XSX1	84.0	75	1	75	491	565	2.62e-40	135	132	791
005_5_RA3_GMCF3029a.sc__NODE_13314_length_843_cov_1.926396_1	REF033_FII_Acidiphilium_multivorum_strain_DSM__F0J165	68.0	75	1	75	498	572	1.71e-34	119	132	801
005_5_RA3_GMCF3029a.sc__NODE_13314_length_843_cov_1.926396_1	REF052_FII_Bradyrhizobium_ivorense_A0A508SVN1	69.3	75	1	75	488	562	1.79e-32	113	132	779
005_5_RA3_GMCF3029a.sc__NODE_13314_length_843_cov_1.926396_1	REF037_FII_Fibrella_aestuarina_BUZ_2_I0KFJ2	69.3	75	1	75	501	575	2.45e-32	112	132	796
005_5_RA3_GMCF3029a.sc__NODE_18984_length_704_cov_1.577812_1	REF065_OUT_Megalodesulfovibrio_gigas_Desulfovi_Q46509	64.1	78	1	78	83	160	1.16e-37	125	81	907
005_5_RA3_GMCF3029a.sc__NODE_18984_length_704_cov_1.577812_1	REF063_OUT_Bos_taurus_Bovine__P80457	45.1	71	2	72	97	165	8.83e-18	68.9	81	1332
005_5_RA3_GMCF3029a.sc__NODE_19968_length_685_cov_2.292063_1	REF063_OUT_Bos_taurus_Bovine__P80457	48.9	137	1	131	1169	1305	2.72e-37	127	141	1332
005_5_RA3_GMCF3029a.sc__NODE_19968_length_685_cov_2.292063_1	REF066_OUT_Rhodobacter_capsulatus_Rhodopseudom_O54051	47.0	132	1	132	638	767	7.76e-36	123	141	777
005_5_RA3_GMCF3029a.sc__NODE_19968_length_685_cov_2.292063_1	REF061_FII_Streptomyces_smaragdinus_A0A7K0CAR3	34.8	115	1	111	647	756	3.60e-14	61.2	141	791
005_5_RA3_GMCF3029a.sc__NODE_19968_length_685_cov_2.292063_1	REF054_FII_Cereibacter_sphaeroides_strain_ATCC_Q3J2E6	33.1	133	1	127	655	780	4.26e-13	58.2	141	790
005_5_RA3_GMCF3029a.sc__NODE_19968_length_685_cov_2.292063_1	REF044_FII_Sulfoacidibacillus_ferrooxidans_A0A9X1V6V7	36.6	112	1	111	648	757	5.79e-13	57.8	141	784
005_5_RA3_GMCF3029a.sc__NODE_20133_length_682_cov_2.229665_1	REF038_FII_Kyrpidia_spormannii_A0A2K8N8V7	41.8	165	45	198	16	165	6.45e-28	103	226	780
005_5_RA3_GMCF3029a.sc__NODE_20133_length_682_cov_2.229665_1	REF035_FII_Ardenticatena_maritima_A0A0M8K8I5	41.8	158	31	180	5	158	5.53e-27	101	226	789
005_5_RA3_GMCF3029a.sc__NODE_20133_length_682_cov_2.229665_1	REF040_FII_Nitrolancea_hollandica_Lb_I4ED45	36.6	172	45	211	18	180	6.39e-26	98.2	226	784
005_5_RA3_GMCF3029a.sc__NODE_20133_length_682_cov_2.229665_1	REF026_FI_Polymorphum_gilvum_strain_LMG_25793_F2IW51	32.5	191	19	205	1	188	4.66e-24	92.8	226	806
005_5_RA3_GMCF3029a.sc__NODE_20133_length_682_cov_2.229665_1	REF047_FII_Meiothermus_granaticius_NBRC_107808_A0A399F9R8	37.5	152	33	180	5	155	2.13e-23	90.9	226	789
006_6_RA8_GMCF3029a.meta__NODE_10725_length_1007_cov_2.544118_2	REF065_OUT_Megalodesulfovibrio_gigas_Desulfovi_Q46509	39.3	140	1	136	10	149	1.06e-29	105	145	907
006_6_RA8_GMCF3029a.meta__NODE_10725_length_1007_cov_2.544118_2	REF063_OUT_Bos_taurus_Bovine__P80457	36.8	152	2	141	14	165	6.15e-28	100	145	1332
006_6_RA8_GMCF3029a.meta__NODE_12615_length_909_cov_2.966042_1	REF036_FII_Calidithermus_roseus_A0A399EKG8	31.9	141	129	262	615	753	3.37e-13	62.0	271	764
006_6_RA8_GMCF3029a.meta__NODE_12615_length_909_cov_2.966042_1	REF050_FII_Blastochloris_viridis_Rhodopseudomo_A0A0H5BCZ6	29.1	151	120	263	624	773	1.15e-11	57.4	271	788
006_6_RA8_GMCF3029a.meta__NODE_12615_length_909_cov_2.966042_1	REF041_FII_Actibacterium_lipolyticum_A0A238JRA4	33.3	138	131	259	612	748	6.55e-11	55.1	271	765
006_6_RA8_GMCF3029a.meta__NODE_25551_length_575_cov_2.609615_1	REF066_OUT_Rhodobacter_capsulatus_Rhodopseudom_O54051	61.9	189	1	189	106	293	1.75e-77	239	191	777
006_6_RA8_GMCF3029a.meta__NODE_25551_length_575_cov_2.609615_1	REF063_OUT_Bos_taurus_Bovine__P80457	42.2	192	2	191	677	865	9.59e-42	142	191	1332
006_6_RA8_GMCF3029a.meta__NODE_25551_length_575_cov_2.609615_1	REF065_OUT_Megalodesulfovibrio_gigas_Desulfovi_Q46509	26.8	194	4	186	293	481	1.04e-13	61.6	191	907
006_6_RA8_GMCF3029a.meta__NODE_28089_length_539_cov_1.805785_1	REF016_FI_Mycobacterium_attenuatum_A0A498PSI1	38.2	144	4	144	649	790	7.82e-25	92.0	147	802
006_6_RA8_GMCF3029a.meta__NODE_28089_length_539_cov_1.805785_1	REF023_FI_Rhodococcus_gordoniae_A0A379LVU4	36.8	144	4	144	644	785	1.45e-24	91.3	147	797
006_6_RA8_GMCF3029a.meta__NODE_28089_length_539_cov_1.805785_1	REF002_FI_Mycolicibacterium_smegmatis_strain__A0QQG4	36.1	144	4	144	646	787	6.83e-24	89.4	147	799
006_6_RA8_GMCF3029a.meta__NODE_28089_length_539_cov_1.805785_1	REF019_FI_Mycolicibacterium_chitae_Mycobacter_A0A448IBW4	35.4	144	4	144	643	784	1.27e-23	88.6	147	796
006_6_RA8_GMCF3029a.meta__NODE_28089_length_539_cov_1.805785_1	REF055_FII_Pseudonocardia_asaccharolytica_DSM__A0A511CWW9	38.8	139	6	141	606	742	3.19e-23	87.4	147	757
006_6_RA8_GMCF3029a.sc__NODE_10243_length_1007_cov_2.544118_2	REF065_OUT_Megalodesulfovibrio_gigas_Desulfovi_Q46509	39.3	140	1	136	10	149	1.06e-29	105	145	907
006_6_RA8_GMCF3029a.sc__NODE_10243_length_1007_cov_2.544118_2	REF063_OUT_Bos_taurus_Bovine__P80457	36.8	152	2	141	14	165	6.15e-28	100	145	1332
006_6_RA8_GMCF3029a.sc__NODE_11907_length_909_cov_2.962529_1	REF036_FII_Calidithermus_roseus_A0A399EKG8	31.9	141	129	262	615	753	3.37e-13	62.0	271	764
006_6_RA8_GMCF3029a.sc__NODE_11907_length_909_cov_2.962529_1	REF050_FII_Blastochloris_viridis_Rhodopseudomo_A0A0H5BCZ6	29.1	151	120	263	624	773	1.15e-11	57.4	271	788
006_6_RA8_GMCF3029a.sc__NODE_11907_length_909_cov_2.962529_1	REF041_FII_Actibacterium_lipolyticum_A0A238JRA4	33.3	138	131	259	612	748	6.55e-11	55.1	271	765
006_6_RA8_GMCF3029a.sc__NODE_23680_length_575_cov_2.609615_1	REF066_OUT_Rhodobacter_capsulatus_Rhodopseudom_O54051	61.9	189	1	189	106	293	1.75e-77	239	191	777
006_6_RA8_GMCF3029a.sc__NODE_23680_length_575_cov_2.609615_1	REF063_OUT_Bos_taurus_Bovine__P80457	42.2	192	2	191	677	865	9.59e-42	142	191	1332
006_6_RA8_GMCF3029a.sc__NODE_23680_length_575_cov_2.609615_1	REF065_OUT_Megalodesulfovibrio_gigas_Desulfovi_Q46509	26.8	194	4	186	293	481	1.04e-13	61.6	191	907
006_6_RA8_GMCF3029a.sc__NODE_26027_length_539_cov_1.805785_1	REF016_FI_Mycobacterium_attenuatum_A0A498PSI1	38.2	144	4	144	649	790	7.82e-25	92.0	147	802
006_6_RA8_GMCF3029a.sc__NODE_26027_length_539_cov_1.805785_1	REF023_FI_Rhodococcus_gordoniae_A0A379LVU4	36.8	144	4	144	644	785	1.45e-24	91.3	147	797
006_6_RA8_GMCF3029a.sc__NODE_26027_length_539_cov_1.805785_1	REF002_FI_Mycolicibacterium_smegmatis_strain__A0QQG4	36.1	144	4	144	646	787	6.83e-24	89.4	147	799
006_6_RA8_GMCF3029a.sc__NODE_26027_length_539_cov_1.805785_1	REF019_FI_Mycolicibacterium_chitae_Mycobacter_A0A448IBW4	35.4	144	4	144	643	784	1.27e-23	88.6	147	796
006_6_RA8_GMCF3029a.sc__NODE_26027_length_539_cov_1.805785_1	REF055_FII_Pseudonocardia_asaccharolytica_DSM__A0A511CWW9	38.8	139	6	141	606	742	3.19e-23	87.4	147	757
008_8_RA14_GMCF3029a.meta__NODE_4636_length_1353_cov_1.856703_2	REF064_OUT_Escherichia_coli_strain_K12__Q46799	29.9	134	63	189	608	738	5.90e-12	56.6	197	752
008_8_RA14_GMCF3029a.meta__NODE_6278_length_1174_cov_2.647900_2	REF066_OUT_Rhodobacter_capsulatus_Rhodopseudom_O54051	64.6	82	2	83	690	771	8.72e-31	106	88	777
008_8_RA14_GMCF3029a.meta__NODE_10599_length_921_cov_1.475751_1	REF063_OUT_Bos_taurus_Bovine__P80457	41.6	154	14	156	5	158	2.73e-28	107	306	1332
008_8_RA14_GMCF3029a.meta__NODE_10599_length_921_cov_1.475751_1	REF065_OUT_Megalodesulfovibrio_gigas_Desulfovi_Q46509	37.7	146	19	157	8	148	1.37e-22	90.9	306	907
008_8_RA14_GMCF3029a.meta__NODE_13318_length_833_cov_1.683805_1	REF066_OUT_Rhodobacter_capsulatus_Rhodopseudom_O54051	58.1	291	1	277	238	528	2.19e-112	335	277	777
008_8_RA14_GMCF3029a.meta__NODE_13318_length_833_cov_1.683805_1	REF063_OUT_Bos_taurus_Bovine__P80457	40.8	277	1	277	808	1078	5.86e-59	195	277	1332
008_8_RA14_GMCF3029a.meta__NODE_13318_length_833_cov_1.683805_1	REF049_FII_Gandjariella_thermophila_A0A4D4J4W8	29.6	196	76	271	320	509	2.16e-20	83.6	277	752
008_8_RA14_GMCF3029a.meta__NODE_13318_length_833_cov_1.683805_1	REF043_FII_Deinococcus_aluminii_A0ABP9XBM4	25.0	276	7	271	269	539	1.08e-18	78.6	277	796
008_8_RA14_GMCF3029a.meta__NODE_13318_length_833_cov_1.683805_1	REF038_FII_Kyrpidia_spormannii_A0A2K8N8V7	26.0	281	8	270	264	532	2.63e-18	77.4	277	780
008_8_RA14_GMCF3029a.meta__NODE_14617_length_802_cov_2.779116_1	REF036_FII_Calidithermus_roseus_A0A399EKG8	28.4	264	1	253	29	290	7.18e-21	84.7	267	764
008_8_RA14_GMCF3029a.meta__NODE_14617_length_802_cov_2.779116_1	REF055_FII_Pseudonocardia_asaccharolytica_DSM__A0A511CWW9	28.6	266	11	265	32	293	4.36e-20	82.4	267	757
008_8_RA14_GMCF3029a.meta__NODE_14617_length_802_cov_2.779116_1	REF034_FII_Actinoallomurus_iriomotensis_A0A9W6W744	27.4	259	11	265	32	285	1.95e-19	80.5	267	751
008_8_RA14_GMCF3029a.meta__NODE_14617_length_802_cov_2.779116_1	REF049_FII_Gandjariella_thermophila_A0A4D4J4W8	28.8	260	11	265	32	285	2.91e-18	77.0	267	752
008_8_RA14_GMCF3029a.meta__NODE_14617_length_802_cov_2.779116_1	REF054_FII_Cereibacter_sphaeroides_strain_ATCC_Q3J2E6	29.2	271	1	247	22	289	2.95e-18	77.0	267	790
008_8_RA14_GMCF3029a.meta__NODE_14899_length_796_cov_3.067476_1	REF066_OUT_Rhodobacter_capsulatus_Rhodopseudom_O54051	45.5	264	2	264	75	337	1.57e-69	221	264	777
008_8_RA14_GMCF3029a.meta__NODE_14899_length_796_cov_3.067476_1	REF063_OUT_Bos_taurus_Bovine__P80457	35.4	260	6	264	648	907	1.91e-48	164	264	1332
008_8_RA14_GMCF3029a.meta__NODE_14899_length_796_cov_3.067476_1	REF064_OUT_Escherichia_coli_strain_K12__Q46799	24.1	216	18	225	93	306	5.47e-17	73.2	264	752
008_8_RA14_GMCF3029a.meta__NODE_14899_length_796_cov_3.067476_1	REF036_FII_Calidithermus_roseus_A0A399EKG8	27.2	232	7	225	95	321	5.98e-16	70.1	264	764
008_8_RA14_GMCF3029a.meta__NODE_14899_length_796_cov_3.067476_1	REF034_FII_Actinoallomurus_iriomotensis_A0A9W6W744	24.2	260	10	262	84	341	6.43e-15	67.0	264	751
008_8_RA14_GMCF3029a.meta__NODE_15786_length_778_cov_1.936376_1	REF064_OUT_Escherichia_coli_strain_K12__Q46799	26.6	241	19	249	156	381	5.34e-12	58.2	259	752
008_8_RA14_GMCF3029a.meta__NODE_16261_length_768_cov_2.612903_1	REF066_OUT_Rhodobacter_capsulatus_Rhodopseudom_O54051	56.1	189	1	189	584	770	6.02e-67	214	255	777
008_8_RA14_GMCF3029a.meta__NODE_16261_length_768_cov_2.612903_1	REF063_OUT_Bos_taurus_Bovine__P80457	45.9	194	1	188	1115	1308	2.64e-48	164	255	1332
008_8_RA14_GMCF3029a.meta__NODE_16261_length_768_cov_2.612903_1	REF044_FII_Sulfoacidibacillus_ferrooxidans_A0A9X1V6V7	34.0	153	37	189	630	777	4.23e-18	76.3	255	784
008_8_RA14_GMCF3029a.meta__NODE_16261_length_768_cov_2.612903_1	REF048_FII_Ascidiaceihabitans_donghaensis_A0A2R8BD61	34.6	162	37	189	635	785	8.51e-17	72.4	255	788
008_8_RA14_GMCF3029a.meta__NODE_16261_length_768_cov_2.612903_1	REF061_FII_Streptomyces_smaragdinus_A0A7K0CAR3	34.0	156	37	189	629	776	8.52e-17	72.4	255	791
008_8_RA14_GMCF3029a.meta__NODE_18417_length_731_cov_1.488166_1	REF066_OUT_Rhodobacter_capsulatus_Rhodopseudom_O54051	44.2	172	22	192	8	179	9.39e-38	130	192	777
008_8_RA14_GMCF3029a.meta__NODE_18417_length_731_cov_1.488166_1	REF063_OUT_Bos_taurus_Bovine__P80457	39.6	169	22	190	578	745	2.87e-31	112	192	1332
008_8_RA14_GMCF3029a.meta__NODE_18417_length_731_cov_1.488166_1	REF058_FII_Cupriavidus_laharis_A0ABM8XSX1	38.2	131	30	146	23	152	9.58e-19	76.3	192	791
008_8_RA14_GMCF3029a.meta__NODE_18417_length_731_cov_1.488166_1	REF050_FII_Blastochloris_viridis_Rhodopseudomo_A0A0H5BCZ6	34.5	139	30	154	19	156	3.76e-17	71.6	192	788
008_8_RA14_GMCF3029a.meta__NODE_18417_length_731_cov_1.488166_1	REF034_FII_Actinoallomurus_iriomotensis_A0A9W6W744	32.5	123	36	156	23	143	1.72e-16	69.7	192	751
008_8_RA14_GMCF3029a.meta__NODE_19235_length_718_cov_2.354449_1	REF065_OUT_Megalodesulfovibrio_gigas_Desulfovi_Q46509	42.3	149	3	146	6	154	2.75e-34	119	153	907
008_8_RA14_GMCF3029a.meta__NODE_19235_length_718_cov_2.354449_1	REF063_OUT_Bos_taurus_Bovine__P80457	36.3	157	5	148	10	166	2.14e-25	94.0	153	1332
008_8_RA14_GMCF3029a.meta__NODE_22653_length_669_cov_2.565147_1	REF064_OUT_Escherichia_coli_strain_K12__Q46799	33.9	118	104	221	589	701	7.16e-15	65.9	222	752
008_8_RA14_GMCF3029a.meta__NODE_22653_length_669_cov_2.565147_1	REF056_FII_Comamonas_aquatilis_A0ACE2T5A2	35.4	82	126	207	647	728	3.97e-12	57.8	222	795
008_8_RA14_GMCF3029a.meta__NODE_22653_length_669_cov_2.565147_1	REF055_FII_Pseudonocardia_asaccharolytica_DSM__A0A511CWW9	34.1	88	125	212	606	692	1.30e-11	56.2	222	757
008_8_RA14_GMCF3029a.meta__NODE_23486_length_658_cov_17.489221_1	REF057_FII_Rhodococcus_coprophilus_A0A2X4U3L5	68.2	44	25	68	18	61	1.23e-16	66.2	93	808
008_8_RA14_GMCF3029a.meta__NODE_23486_length_658_cov_17.489221_1	REF053_FII_Nocardioides_aquaticus_A0ABX8EDS7	69.8	43	25	67	19	61	2.30e-16	65.5	93	828
008_8_RA14_GMCF3029a.meta__NODE_23486_length_658_cov_17.489221_1	REF021_FI_Pseudonocardia_autotrophica_Amycola_A0A1Y2N3L2	57.1	63	19	79	11	73	5.85e-16	64.3	93	794
008_8_RA14_GMCF3029a.meta__NODE_23486_length_658_cov_17.489221_1	REF016_FI_Mycobacterium_attenuatum_A0A498PSI1	59.3	54	20	73	26	79	8.00e-16	63.9	93	802
008_8_RA14_GMCF3029a.meta__NODE_23486_length_658_cov_17.489221_1	REF023_FI_Rhodococcus_gordoniae_A0A379LVU4	57.4	54	20	73	21	74	1.49e-15	63.2	93	797
008_8_RA14_GMCF3029a.meta__NODE_23486_length_658_cov_17.489221_2	REF059_FII_Streptomonospora_litoralis_A0A4P6PZM8	61.8	68	1	68	44	111	5.98e-23	85.1	112	800
008_8_RA14_GMCF3029a.meta__NODE_23486_length_658_cov_17.489221_2	REF057_FII_Rhodococcus_coprophilus_A0A2X4U3L5	60.3	68	2	69	45	112	2.08e-22	83.6	112	808
008_8_RA14_GMCF3029a.meta__NODE_23486_length_658_cov_17.489221_2	REF061_FII_Streptomyces_smaragdinus_A0A7K0CAR3	55.4	74	1	74	36	105	2.20e-20	77.8	112	791
008_8_RA14_GMCF3029a.meta__NODE_23486_length_658_cov_17.489221_2	REF042_FII_Actinomadura_macrotermitis_A0A7K0C220	55.1	69	1	69	35	103	2.20e-20	77.8	112	798
008_8_RA14_GMCF3029a.meta__NODE_23486_length_658_cov_17.489221_2	REF044_FII_Sulfoacidibacillus_ferrooxidans_A0A9X1V6V7	48.5	68	2	68	37	104	2.31e-13	57.8	112	784
008_8_RA14_GMCF3029a.meta__NODE_23729_length_656_cov_2.302829_2	REF065_OUT_Megalodesulfovibrio_gigas_Desulfovi_Q46509	32.6	86	1	86	77	149	6.54e-12	54.7	139	907
008_8_RA14_GMCF3029a.meta__NODE_24586_length_646_cov_8.428088_1	REF066_OUT_Rhodobacter_capsulatus_Rhodopseudom_O54051	44.8	181	53	215	239	419	1.46e-42	145	215	777
008_8_RA14_GMCF3029a.meta__NODE_24586_length_646_cov_8.428088_1	REF063_OUT_Bos_taurus_Bovine__P80457	36.7	147	57	203	813	957	2.79e-26	99.0	215	1332
008_8_RA14_GMCF3029a.meta__NODE_24586_length_646_cov_8.428088_1	REF065_OUT_Megalodesulfovibrio_gigas_Desulfovi_Q46509	27.2	151	55	205	432	582	2.90e-14	63.9	215	907
008_8_RA14_GMCF3029a.meta__NODE_24586_length_646_cov_8.428088_1	REF060_FII_Donghicola_eburneus_A0A1M4N221	30.9	149	60	205	274	416	4.24e-13	60.5	215	788
008_8_RA14_GMCF3029a.meta__NODE_24586_length_646_cov_8.428088_1	REF038_FII_Kyrpidia_spormannii_A0A2K8N8V7	27.9	140	55	190	260	397	1.04e-12	59.3	215	780
008_8_RA14_GMCF3029a.meta__NODE_24709_length_645_cov_2.438983_1	REF064_OUT_Escherichia_coli_strain_K12__Q46799	27.8	133	25	150	608	737	3.80e-13	58.9	159	752
008_8_RA14_GMCF3029a.meta__NODE_24786_length_644_cov_2.750424_1	REF036_FII_Calidithermus_roseus_A0A399EKG8	28.1	135	69	197	617	750	5.16e-12	57.0	205	764
008_8_RA14_GMCF3029a.meta__NODE_24786_length_644_cov_2.750424_1	REF047_FII_Meiothermus_granaticius_NBRC_107808_A0A399F9R8	29.1	127	67	187	631	756	7.02e-12	56.6	205	789
008_8_RA14_GMCF3029a.meta__NODE_24786_length_644_cov_2.750424_1	REF043_FII_Deinococcus_aluminii_A0ABP9XBM4	29.1	127	67	187	634	759	1.28e-11	55.8	205	796
008_8_RA14_GMCF3029a.meta__NODE_29257_length_602_cov_2.208410_1	REF066_OUT_Rhodobacter_capsulatus_Rhodopseudom_O54051	63.0	200	1	200	469	668	4.66e-78	241	200	777
008_8_RA14_GMCF3029a.meta__NODE_29257_length_602_cov_2.208410_1	REF063_OUT_Bos_taurus_Bovine__P80457	45.0	200	1	200	1019	1199	2.23e-47	159	200	1332
008_8_RA14_GMCF3029a.meta__NODE_29257_length_602_cov_2.208410_1	REF049_FII_Gandjariella_thermophila_A0A4D4J4W8	35.1	205	3	199	458	645	1.17e-18	76.3	200	752
008_8_RA14_GMCF3029a.meta__NODE_29257_length_602_cov_2.208410_1	REF024_FI_Pararobbsia_alpina_A0A6S7D3Z5	30.7	205	3	199	504	695	5.29e-16	68.6	200	803
008_8_RA14_GMCF3029a.meta__NODE_29257_length_602_cov_2.208410_1	REF009_FI_Cupriavidus_numazuensis_A0ABM8THX1	31.3	208	3	199	505	696	1.79e-15	67.0	200	804
008_8_RA14_GMCF3029a.meta__NODE_31635_length_583_cov_3.693182_1	REF064_OUT_Escherichia_coli_strain_K12__Q46799	31.2	173	2	167	342	509	9.17e-19	75.5	169	752
008_8_RA14_GMCF3029a.meta__NODE_31635_length_583_cov_3.693182_1	REF061_FII_Streptomyces_smaragdinus_A0A7K0CAR3	32.9	173	10	167	362	534	7.97e-18	72.8	169	791
008_8_RA14_GMCF3029a.meta__NODE_31635_length_583_cov_3.693182_1	REF039_FII_Luteitalea_pratensis_A0A143PSW7	34.1	179	2	165	367	538	5.04e-15	64.7	169	787
008_8_RA14_GMCF3029a.meta__NODE_31635_length_583_cov_3.693182_1	REF016_FI_Mycobacterium_attenuatum_A0A498PSI1	30.4	158	21	167	395	552	5.05e-15	64.7	169	802
008_8_RA14_GMCF3029a.meta__NODE_31635_length_583_cov_3.693182_1	REF057_FII_Rhodococcus_coprophilus_A0A2X4U3L5	28.7	181	2	167	365	545	9.34e-15	63.9	169	808
008_8_RA14_GMCF3029a.meta__NODE_32710_length_576_cov_1.470250_1	REF065_OUT_Megalodesulfovibrio_gigas_Desulfovi_Q46509	48.7	117	3	118	6	122	2.27e-30	106	120	907
008_8_RA14_GMCF3029a.meta__NODE_32710_length_576_cov_1.470250_1	REF063_OUT_Bos_taurus_Bovine__P80457	34.4	128	5	118	10	135	9.75e-17	67.8	120	1332
008_8_RA14_GMCF3029a.meta__NODE_35522_length_557_cov_1.537849_1	REF066_OUT_Rhodobacter_capsulatus_Rhodopseudom_O54051	51.6	62	4	65	3	64	1.59e-14	58.9	66	777
008_8_RA14_GMCF3029a.meta__NODE_46201_length_501_cov_1.661435_1	REF064_OUT_Escherichia_coli_strain_K12__Q46799	32.8	119	24	135	620	737	1.73e-13	59.3	142	752
008_8_RA14_GMCF3029a.meta__NODE_46234_length_501_cov_1.273543_1	REF065_OUT_Megalodesulfovibrio_gigas_Desulfovi_Q46509	49.1	53	29	81	853	905	4.60e-11	53.1	166	907
008_8_RA14_GMCF3029a.meta__NODE_46234_length_501_cov_1.273543_1	REF042_FII_Actinomadura_macrotermitis_A0A7K0C220	41.7	60	100	159	628	685	6.14e-11	52.8	166	798
008_8_RA14_GMCF3029a.sc__NODE_3923_length_1659_cov_2.328554_1	REF066_OUT_Rhodobacter_capsulatus_Rhodopseudom_O54051	64.6	82	2	83	690	771	8.72e-31	106	88	777
008_8_RA14_GMCF3029a.sc__NODE_5108_length_1467_cov_3.046742_1	REF034_FII_Actinoallomurus_iriomotensis_A0A9W6W744	26.3	502	11	488	32	517	9.03e-32	122	489	751
008_8_RA14_GMCF3029a.sc__NODE_5108_length_1467_cov_3.046742_1	REF055_FII_Pseudonocardia_asaccharolytica_DSM__A0A511CWW9	26.7	498	11	486	32	520	2.19e-31	120	489	757
008_8_RA14_GMCF3029a.sc__NODE_5108_length_1467_cov_3.046742_1	REF046_FII_Amycolatopsis_bartoniae_A0A8H9IQQ2	25.9	491	11	488	32	517	7.02e-31	119	489	752
008_8_RA14_GMCF3029a.sc__NODE_5108_length_1467_cov_3.046742_1	REF045_FII_Albidovulum_aquaemixtae_A0A2R8B4Q9	26.2	538	1	488	22	549	9.86e-31	119	489	788
008_8_RA14_GMCF3029a.sc__NODE_5108_length_1467_cov_3.046742_1	REF036_FII_Calidithermus_roseus_A0A399EKG8	25.7	522	1	488	29	529	3.07e-30	117	489	764
008_8_RA14_GMCF3029a.sc__NODE_5227_length_1452_cov_1.886901_1	REF066_OUT_Rhodobacter_capsulatus_Rhodopseudom_O54051	46.0	100	2	101	272	371	2.31e-26	95.1	118	777
008_8_RA14_GMCF3029a.sc__NODE_5227_length_1452_cov_1.886901_1	REF063_OUT_Bos_taurus_Bovine__P80457	41.6	101	2	101	842	941	6.31e-19	73.9	118	1332
008_8_RA14_GMCF3029a.sc__NODE_5227_length_1452_cov_1.886901_2	REF066_OUT_Rhodobacter_capsulatus_Rhodopseudom_O54051	43.8	176	11	178	8	176	9.32e-39	133	179	777
008_8_RA14_GMCF3029a.sc__NODE_5227_length_1452_cov_1.886901_2	REF063_OUT_Bos_taurus_Bovine__P80457	36.3	168	11	178	578	744	4.96e-27	99.8	179	1332
008_8_RA14_GMCF3029a.sc__NODE_5227_length_1452_cov_1.886901_2	REF050_FII_Blastochloris_viridis_Rhodopseudomo_A0A0H5BCZ6	32.9	170	19	174	19	174	2.66e-19	77.4	179	788
008_8_RA14_GMCF3029a.sc__NODE_5227_length_1452_cov_1.886901_2	REF058_FII_Cupriavidus_laharis_A0ABM8XSX1	37.7	138	19	142	23	159	6.68e-19	76.3	179	791
008_8_RA14_GMCF3029a.sc__NODE_5227_length_1452_cov_1.886901_2	REF046_FII_Amycolatopsis_bartoniae_A0A8H9IQQ2	37.9	124	25	145	23	144	4.86e-17	70.9	179	752
008_8_RA14_GMCF3029a.sc__NODE_5804_length_1381_cov_1.833333_1	REF064_OUT_Escherichia_coli_strain_K12__Q46799	29.9	134	111	237	608	738	1.41e-11	56.6	245	752
008_8_RA14_GMCF3029a.sc__NODE_6745_length_1288_cov_2.137875_1	REF064_OUT_Escherichia_coli_strain_K12__Q46799	24.9	397	75	419	2	381	2.08e-14	67.8	429	752
008_8_RA14_GMCF3029a.sc__NODE_6745_length_1288_cov_2.137875_1	REF035_FII_Ardenticatena_maritima_A0A0M8K8I5	27.3	293	67	309	6	293	2.12e-14	67.8	429	789
008_8_RA14_GMCF3029a.sc__NODE_6745_length_1288_cov_2.137875_1	REF003_FI_Thermomicrobium_roseum_strain_ATCC__B9L450	24.9	285	67	309	7	288	2.66e-13	64.3	429	781
008_8_RA14_GMCF3029a.sc__NODE_6745_length_1288_cov_2.137875_1	REF006_FI_Ktedonobacter_racemifer_DSM_44963_D6TQ73	23.5	405	69	422	11	407	6.19e-13	63.2	429	789
008_8_RA14_GMCF3029a.sc__NODE_6745_length_1288_cov_2.137875_1	REF039_FII_Luteitalea_pratensis_A0A143PSW7	25.7	421	67	422	9	409	1.43e-12	62.0	429	787
008_8_RA14_GMCF3029a.sc__NODE_7143_length_1253_cov_1.903172_1	REF066_OUT_Rhodobacter_capsulatus_Rhodopseudom_O54051	59.2	431	1	417	238	668	9.62e-174	498	417	777
008_8_RA14_GMCF3029a.sc__NODE_7143_length_1253_cov_1.903172_1	REF063_OUT_Bos_taurus_Bovine__P80457	40.8	417	1	417	808	1199	1.90e-90	291	417	1332
008_8_RA14_GMCF3029a.sc__NODE_7143_length_1253_cov_1.903172_1	REF049_FII_Gandjariella_thermophila_A0A4D4J4W8	31.5	349	76	416	320	645	2.83e-33	125	417	752
008_8_RA14_GMCF3029a.sc__NODE_7143_length_1253_cov_1.903172_1	REF058_FII_Cupriavidus_laharis_A0ABM8XSX1	25.8	442	8	416	275	684	3.12e-28	110	417	791
008_8_RA14_GMCF3029a.sc__NODE_7143_length_1253_cov_1.903172_1	REF038_FII_Kyrpidia_spormannii_A0A2K8N8V7	26.8	437	8	416	264	675	1.35e-27	108	417	780
008_8_RA14_GMCF3029a.sc__NODE_7753_length_1206_cov_2.434405_1	REF066_OUT_Rhodobacter_capsulatus_Rhodopseudom_O54051	55.4	327	12	338	447	770	5.17e-115	347	402	777
008_8_RA14_GMCF3029a.sc__NODE_7753_length_1206_cov_2.434405_1	REF063_OUT_Bos_taurus_Bovine__P80457	44.2	335	9	337	994	1308	2.29e-81	265	402	1332
008_8_RA14_GMCF3029a.sc__NODE_7753_length_1206_cov_2.434405_1	REF064_OUT_Escherichia_coli_strain_K12__Q46799	29.8	309	32	332	453	740	5.79e-28	108	402	752
008_8_RA14_GMCF3029a.sc__NODE_7753_length_1206_cov_2.434405_1	REF058_FII_Cupriavidus_laharis_A0ABM8XSX1	30.1	312	36	338	491	786	2.06e-26	104	402	791
008_8_RA14_GMCF3029a.sc__NODE_7753_length_1206_cov_2.434405_1	REF044_FII_Sulfoacidibacillus_ferrooxidans_A0A9X1V6V7	28.3	307	36	338	482	777	3.02e-24	97.8	402	784
008_8_RA14_GMCF3029a.sc__NODE_8393_length_1162_cov_2.615176_2	REF065_OUT_Megalodesulfovibrio_gigas_Desulfovi_Q46509	42.3	149	3	146	6	154	2.75e-34	119	153	907
008_8_RA14_GMCF3029a.sc__NODE_8393_length_1162_cov_2.615176_2	REF063_OUT_Bos_taurus_Bovine__P80457	36.3	157	5	148	10	166	2.14e-25	94.0	153	1332
008_8_RA14_GMCF3029a.sc__NODE_8946_length_1130_cov_1.492093_1	REF066_OUT_Rhodobacter_capsulatus_Rhodopseudom_O54051	45.6	283	22	303	8	289	3.41e-74	236	308	777
008_8_RA14_GMCF3029a.sc__NODE_8946_length_1130_cov_1.492093_1	REF063_OUT_Bos_taurus_Bovine__P80457	39.5	286	22	306	578	862	2.97e-60	200	308	1332
008_8_RA14_GMCF3029a.sc__NODE_8946_length_1130_cov_1.492093_1	REF065_OUT_Megalodesulfovibrio_gigas_Desulfovi_Q46509	28.8	306	21	306	180	483	1.95e-25	99.4	308	907
008_8_RA14_GMCF3029a.sc__NODE_8946_length_1130_cov_1.492093_1	REF064_OUT_Escherichia_coli_strain_K12__Q46799	26.7	296	30	307	9	301	7.33e-23	91.7	308	752
008_8_RA14_GMCF3029a.sc__NODE_8946_length_1130_cov_1.492093_1	REF037_FII_Fibrella_aestuarina_BUZ_2_I0KFJ2	29.9	304	30	305	25	325	4.51e-22	89.4	308	796
008_8_RA14_GMCF3029a.sc__NODE_9267_length_1111_cov_1.296402_1	REF063_OUT_Bos_taurus_Bovine__P80457	41.6	154	2	144	5	158	1.12e-28	108	294	1332
008_8_RA14_GMCF3029a.sc__NODE_9267_length_1111_cov_1.296402_1	REF065_OUT_Megalodesulfovibrio_gigas_Desulfovi_Q46509	37.7	146	7	145	8	148	5.93e-23	91.7	294	907
008_8_RA14_GMCF3029a.sc__NODE_10161_length_1066_cov_2.142433_1	REF065_OUT_Megalodesulfovibrio_gigas_Desulfovi_Q46509	32.6	86	1	86	77	149	6.54e-12	54.7	139	907
008_8_RA14_GMCF3029a.sc__NODE_12993_length_955_cov_5.148889_1	REF066_OUT_Rhodobacter_capsulatus_Rhodopseudom_O54051	52.2	274	4	277	421	686	1.12e-90	278	277	777
008_8_RA14_GMCF3029a.sc__NODE_12993_length_955_cov_5.148889_1	REF063_OUT_Bos_taurus_Bovine__P80457	42.8	276	2	277	969	1217	6.51e-64	209	277	1332
008_8_RA14_GMCF3029a.sc__NODE_12993_length_955_cov_5.148889_1	REF044_FII_Sulfoacidibacillus_ferrooxidans_A0A9X1V6V7	26.9	227	54	277	482	696	2.05e-13	62.8	277	784
008_8_RA14_GMCF3029a.sc__NODE_12993_length_955_cov_5.148889_1	REF036_FII_Calidithermus_roseus_A0A399EKG8	28.2	227	54	277	470	681	6.60e-13	61.2	277	764
008_8_RA14_GMCF3029a.sc__NODE_12993_length_955_cov_5.148889_1	REF038_FII_Kyrpidia_spormannii_A0A2K8N8V7	24.5	229	52	277	480	694	1.19e-12	60.5	277	780
008_8_RA14_GMCF3029a.sc__NODE_14178_length_918_cov_1.227115_1	REF063_OUT_Bos_taurus_Bovine__P80457	30.3	350	2	305	10	351	3.74e-50	171	305	1332
008_8_RA14_GMCF3029a.sc__NODE_14178_length_918_cov_1.227115_1	REF065_OUT_Megalodesulfovibrio_gigas_Desulfovi_Q46509	36.2	141	20	157	25	148	1.98e-21	87.4	305	907
008_8_RA14_GMCF3029a.sc__NODE_14904_length_898_cov_2.836299_1	REF064_OUT_Escherichia_coli_strain_K12__Q46799	35.0	163	104	266	589	745	4.52e-23	91.3	270	752
008_8_RA14_GMCF3029a.sc__NODE_14904_length_898_cov_2.836299_1	REF023_FI_Rhodococcus_gordoniae_A0A379LVU4	34.5	142	125	263	646	785	2.11e-19	80.5	270	797
008_8_RA14_GMCF3029a.sc__NODE_14904_length_898_cov_2.836299_1	REF016_FI_Mycobacterium_attenuatum_A0A498PSI1	35.2	142	125	263	651	790	3.86e-19	79.7	270	802
008_8_RA14_GMCF3029a.sc__NODE_14904_length_898_cov_2.836299_1	REF055_FII_Pseudonocardia_asaccharolytica_DSM__A0A511CWW9	33.3	138	125	259	606	741	5.12e-19	79.3	270	757
008_8_RA14_GMCF3029a.sc__NODE_14904_length_898_cov_2.836299_1	REF005_FI_Thermogemmatispora_aurantia_A0A5J4K876	32.4	148	125	269	640	785	5.19e-19	79.3	270	791
008_8_RA14_GMCF3029a.sc__NODE_15290_length_888_cov_3.073229_1	REF066_OUT_Rhodobacter_capsulatus_Rhodopseudom_O54051	47.8	278	2	278	75	351	5.61e-80	250	289	777
008_8_RA14_GMCF3029a.sc__NODE_15290_length_888_cov_3.073229_1	REF063_OUT_Bos_taurus_Bovine__P80457	38.0	271	6	275	648	918	1.64e-56	189	289	1332
008_8_RA14_GMCF3029a.sc__NODE_15290_length_888_cov_3.073229_1	REF064_OUT_Escherichia_coli_strain_K12__Q46799	23.7	270	18	279	93	360	2.98e-19	80.5	289	752
008_8_RA14_GMCF3029a.sc__NODE_15290_length_888_cov_3.073229_1	REF036_FII_Calidithermus_roseus_A0A399EKG8	25.4	283	7	275	95	372	1.79e-18	78.2	289	764
008_8_RA14_GMCF3029a.sc__NODE_15290_length_888_cov_3.073229_1	REF034_FII_Actinoallomurus_iriomotensis_A0A9W6W744	24.9	277	10	279	84	358	4.34e-18	77.0	289	751
008_8_RA14_GMCF3029a.sc__NODE_20798_length_778_cov_2.430152_1	REF064_OUT_Escherichia_coli_strain_K12__Q46799	27.8	133	25	150	608	737	3.80e-13	58.9	159	752
008_8_RA14_GMCF3029a.sc__NODE_30139_length_664_cov_2.733990_1	REF036_FII_Calidithermus_roseus_A0A399EKG8	28.1	135	76	204	617	750	5.93e-12	57.0	212	764
008_8_RA14_GMCF3029a.sc__NODE_30139_length_664_cov_2.733990_1	REF047_FII_Meiothermus_granaticius_NBRC_107808_A0A399F9R8	29.1	127	74	194	631	756	8.05e-12	56.6	212	789
008_8_RA14_GMCF3029a.sc__NODE_30139_length_664_cov_2.733990_1	REF043_FII_Deinococcus_aluminii_A0ABP9XBM4	29.1	127	74	194	634	759	1.47e-11	55.8	212	796
008_8_RA14_GMCF3029a.sc__NODE_30496_length_661_cov_1.891089_1	REF065_OUT_Megalodesulfovibrio_gigas_Desulfovi_Q46509	38.7	137	5	137	6	142	2.43e-28	102	146	907
008_8_RA14_GMCF3029a.sc__NODE_30496_length_661_cov_1.891089_1	REF063_OUT_Bos_taurus_Bovine__P80457	34.7	144	7	137	10	153	3.25e-23	87.4	146	1332
008_8_RA14_GMCF3029a.sc__NODE_32087_length_646_cov_8.417936_1	REF066_OUT_Rhodobacter_capsulatus_Rhodopseudom_O54051	44.8	181	53	215	239	419	1.46e-42	145	215	777
008_8_RA14_GMCF3029a.sc__NODE_32087_length_646_cov_8.417936_1	REF063_OUT_Bos_taurus_Bovine__P80457	36.7	147	57	203	813	957	2.79e-26	99.0	215	1332
008_8_RA14_GMCF3029a.sc__NODE_32087_length_646_cov_8.417936_1	REF065_OUT_Megalodesulfovibrio_gigas_Desulfovi_Q46509	27.2	151	55	205	432	582	2.90e-14	63.9	215	907
008_8_RA14_GMCF3029a.sc__NODE_32087_length_646_cov_8.417936_1	REF060_FII_Donghicola_eburneus_A0A1M4N221	30.9	149	60	205	274	416	4.24e-13	60.5	215	788
008_8_RA14_GMCF3029a.sc__NODE_32087_length_646_cov_8.417936_1	REF038_FII_Kyrpidia_spormannii_A0A2K8N8V7	27.9	140	55	190	260	397	1.04e-12	59.3	215	780
008_8_RA14_GMCF3029a.sc__NODE_32858_length_640_cov_1.459829_1	REF065_OUT_Megalodesulfovibrio_gigas_Desulfovi_Q46509	43.5	138	21	153	17	154	1.27e-31	112	160	907
008_8_RA14_GMCF3029a.sc__NODE_32858_length_640_cov_1.459829_1	REF063_OUT_Bos_taurus_Bovine__P80457	37.0	146	22	155	21	166	5.98e-24	90.1	160	1332
008_8_RA14_GMCF3029a.sc__NODE_41197_length_582_cov_1.571157_1	REF066_OUT_Rhodobacter_capsulatus_Rhodopseudom_O54051	55.0	80	1	80	693	770	1.66e-22	82.8	90	777
008_8_RA14_GMCF3029a.sc__NODE_41197_length_582_cov_1.571157_1	REF063_OUT_Bos_taurus_Bovine__P80457	50.0	82	1	76	1224	1305	2.66e-18	70.9	90	1332
008_8_RA14_GMCF3029a.sc__NODE_42230_length_576_cov_1.627639_1	REF065_OUT_Megalodesulfovibrio_gigas_Desulfovi_Q46509	48.7	117	3	118	6	122	2.27e-30	106	120	907
008_8_RA14_GMCF3029a.sc__NODE_42230_length_576_cov_1.627639_1	REF063_OUT_Bos_taurus_Bovine__P80457	34.4	128	5	118	10	135	9.75e-17	67.8	120	1332
008_8_RA14_GMCF3029a.sc__NODE_43152_length_571_cov_1.267442_1	REF066_OUT_Rhodobacter_capsulatus_Rhodopseudom_O54051	56.8	118	1	118	488	605	8.03e-33	113	119	777
008_8_RA14_GMCF3029a.sc__NODE_43152_length_571_cov_1.267442_1	REF063_OUT_Bos_taurus_Bovine__P80457	39.5	119	1	119	1038	1137	1.07e-17	70.5	119	1332
008_8_RA14_GMCF3029a.sc__NODE_45831_length_557_cov_1.537849_1	REF066_OUT_Rhodobacter_capsulatus_Rhodopseudom_O54051	51.6	62	4	65	3	64	1.59e-14	58.9	66	777
008_8_RA14_GMCF3029a.sc__NODE_47105_length_550_cov_2.050505_1	REF066_OUT_Rhodobacter_capsulatus_Rhodopseudom_O54051	59.9	182	1	182	585	764	7.69e-73	227	183	777
008_8_RA14_GMCF3029a.sc__NODE_47105_length_550_cov_2.050505_1	REF063_OUT_Bos_taurus_Bovine__P80457	51.1	188	2	183	1117	1304	4.26e-54	177	183	1332
008_8_RA14_GMCF3029a.sc__NODE_47105_length_550_cov_2.050505_1	REF035_FII_Ardenticatena_maritima_A0A0M8K8I5	31.2	157	27	175	620	772	2.15e-15	66.2	183	789
008_8_RA14_GMCF3029a.sc__NODE_47105_length_550_cov_2.050505_1	REF041_FII_Actibacterium_lipolyticum_A0A238JRA4	37.0	81	41	121	615	695	8.32e-14	61.6	183	765
008_8_RA14_GMCF3029a.sc__NODE_47586_length_548_cov_1.655172_1	REF064_OUT_Escherichia_coli_strain_K12__Q46799	32.8	119	40	151	620	737	5.03e-13	58.5	158	752
008_8_RA14_GMCF3029a.sc__NODE_48751_length_542_cov_2.733060_1	REF065_OUT_Megalodesulfovibrio_gigas_Desulfovi_Q46509	48.2	83	87	166	71	153	1.78e-19	77.8	175	907
008_8_RA14_GMCF3029a.sc__NODE_48751_length_542_cov_2.733060_1	REF038_FII_Kyrpidia_spormannii_A0A2K8N8V7	45.7	94	1	86	19	112	9.44e-18	72.8	175	780
008_8_RA14_GMCF3029a.sc__NODE_48751_length_542_cov_2.733060_1	REF016_FI_Mycobacterium_attenuatum_A0A498PSI1	48.8	86	2	86	41	126	1.75e-17	72.0	175	802
008_8_RA14_GMCF3029a.sc__NODE_48751_length_542_cov_2.733060_1	REF021_FI_Pseudonocardia_autotrophica_Amycola_A0A1Y2N3L2	48.9	90	2	86	28	113	2.04e-16	68.9	175	794
008_8_RA14_GMCF3029a.sc__NODE_48751_length_542_cov_2.733060_1	REF059_FII_Streptomonospora_litoralis_A0A4P6PZM8	39.8	93	1	86	27	119	6.95e-16	67.4	175	800
008_8_RA14_GMCF3029a.sc__NODE_49502_length_539_cov_1.750000_1	REF066_OUT_Rhodobacter_capsulatus_Rhodopseudom_O54051	48.4	182	1	177	113	289	2.42e-47	157	179	777
008_8_RA14_GMCF3029a.sc__NODE_49502_length_539_cov_1.750000_1	REF063_OUT_Bos_taurus_Bovine__P80457	41.1	175	6	179	687	861	4.15e-39	134	179	1332
008_8_RA14_GMCF3029a.sc__NODE_49502_length_539_cov_1.750000_1	REF064_OUT_Escherichia_coli_strain_K12__Q46799	25.3	178	6	175	120	295	5.54e-14	62.0	179	752
008_8_RA14_GMCF3029a.sc__NODE_59118_length_501_cov_1.347534_1	REF065_OUT_Megalodesulfovibrio_gigas_Desulfovi_Q46509	49.1	53	29	81	853	905	4.60e-11	53.1	166	907
008_8_RA14_GMCF3029a.sc__NODE_59118_length_501_cov_1.347534_1	REF042_FII_Actinomadura_macrotermitis_A0A7K0C220	41.7	60	100	159	628	685	6.14e-11	52.8	166	798
009_9_RA15_GMCF3029a.meta__NODE_4088_length_1582_cov_3.006549_2	REF065_OUT_Megalodesulfovibrio_gigas_Desulfovi_Q46509	42.6	148	4	148	6	153	1.41e-29	105	153	907
009_9_RA15_GMCF3029a.meta__NODE_4088_length_1582_cov_3.006549_2	REF063_OUT_Bos_taurus_Bovine__P80457	36.9	157	4	148	8	164	9.71e-27	97.8	153	1332
009_9_RA15_GMCF3029a.meta__NODE_5217_length_1405_cov_5.877037_2	REF065_OUT_Megalodesulfovibrio_gigas_Desulfovi_Q46509	37.4	139	16	153	17	142	4.70e-28	101	156	907
009_9_RA15_GMCF3029a.meta__NODE_5217_length_1405_cov_5.877037_2	REF063_OUT_Bos_taurus_Bovine__P80457	33.1	163	2	153	6	153	4.70e-21	81.6	156	1332
009_9_RA15_GMCF3029a.meta__NODE_5444_length_1380_cov_8.935094_2	REF063_OUT_Bos_taurus_Bovine__P80457	56.6	53	6	58	889	941	2.85e-16	64.7	82	1332
009_9_RA15_GMCF3029a.meta__NODE_5444_length_1380_cov_8.935094_2	REF066_OUT_Rhodobacter_capsulatus_Rhodopseudom_O54051	47.3	55	3	57	316	370	5.65e-14	58.2	82	777
009_9_RA15_GMCF3029a.meta__NODE_5799_length_1342_cov_3.142191_2	REF066_OUT_Rhodobacter_capsulatus_Rhodopseudom_O54051	43.7	410	17	407	9	417	1.82e-105	322	407	777
009_9_RA15_GMCF3029a.meta__NODE_5799_length_1342_cov_3.142191_2	REF063_OUT_Bos_taurus_Bovine__P80457	37.4	385	17	400	579	960	9.60e-74	243	407	1332
009_9_RA15_GMCF3029a.meta__NODE_5799_length_1342_cov_3.142191_2	REF034_FII_Actinoallomurus_iriomotensis_A0A9W6W744	27.4	383	28	400	21	399	4.68e-32	121	407	751
009_9_RA15_GMCF3029a.meta__NODE_5799_length_1342_cov_3.142191_2	REF065_OUT_Megalodesulfovibrio_gigas_Desulfovi_Q46509	26.2	381	38	400	205	581	5.33e-32	121	407	907
009_9_RA15_GMCF3029a.meta__NODE_5799_length_1342_cov_3.142191_2	REF036_FII_Calidithermus_roseus_A0A399EKG8	27.1	376	24	380	27	396	1.82e-29	113	407	764
009_9_RA15_GMCF3029a.meta__NODE_5979_length_1322_cov_3.063141_1	REF036_FII_Calidithermus_roseus_A0A399EKG8	26.5	400	4	381	8	399	3.01e-29	113	440	764
009_9_RA15_GMCF3029a.meta__NODE_5979_length_1322_cov_3.063141_1	REF042_FII_Actinomadura_macrotermitis_A0A7K0C220	25.3	447	10	423	4	439	1.81e-28	111	440	798
009_9_RA15_GMCF3029a.meta__NODE_5979_length_1322_cov_3.063141_1	REF055_FII_Pseudonocardia_asaccharolytica_DSM__A0A511CWW9	25.8	438	9	423	3	436	2.33e-28	110	440	757
009_9_RA15_GMCF3029a.meta__NODE_5979_length_1322_cov_3.063141_1	REF064_OUT_Escherichia_coli_strain_K12__Q46799	27.2	448	16	440	2	444	1.35e-27	108	440	752
009_9_RA15_GMCF3029a.meta__NODE_5979_length_1322_cov_3.063141_1	REF034_FII_Actinoallomurus_iriomotensis_A0A9W6W744	25.4	449	9	434	3	441	1.80e-27	108	440	751
009_9_RA15_GMCF3029a.meta__NODE_7079_length_1221_cov_19.822470_1	REF066_OUT_Rhodobacter_capsulatus_Rhodopseudom_O54051	54.7	318	2	319	463	777	7.89e-110	333	392	777
009_9_RA15_GMCF3029a.meta__NODE_7079_length_1221_cov_19.822470_1	REF063_OUT_Bos_taurus_Bovine__P80457	44.8	315	3	311	1014	1308	1.91e-77	253	392	1332
009_9_RA15_GMCF3029a.meta__NODE_7079_length_1221_cov_19.822470_1	REF064_OUT_Escherichia_coli_strain_K12__Q46799	29.3	290	6	287	453	724	1.72e-26	104	392	752
009_9_RA15_GMCF3029a.meta__NODE_7079_length_1221_cov_19.822470_1	REF044_FII_Sulfoacidibacillus_ferrooxidans_A0A9X1V6V7	28.2	309	8	312	480	777	3.36e-25	100	392	784
009_9_RA15_GMCF3029a.meta__NODE_7079_length_1221_cov_19.822470_1	REF058_FII_Cupriavidus_laharis_A0ABM8XSX1	28.8	312	10	312	491	786	3.38e-25	100	392	791
009_9_RA15_GMCF3029a.meta__NODE_12156_length_946_cov_3.567901_1	REF064_OUT_Escherichia_coli_strain_K12__Q46799	34.8	155	19	173	260	414	8.90e-26	96.3	185	752
009_9_RA15_GMCF3029a.meta__NODE_12156_length_946_cov_3.567901_1	REF065_OUT_Megalodesulfovibrio_gigas_Desulfovi_Q46509	36.3	146	9	154	433	578	9.19e-26	96.3	185	907
009_9_RA15_GMCF3029a.meta__NODE_12156_length_946_cov_3.567901_1	REF063_OUT_Bos_taurus_Bovine__P80457	30.8	172	5	176	808	978	8.33e-25	93.6	185	1332
009_9_RA15_GMCF3029a.meta__NODE_12156_length_946_cov_3.567901_1	REF066_OUT_Rhodobacter_capsulatus_Rhodopseudom_O54051	32.9	140	5	144	238	377	2.68e-22	86.3	185	777
009_9_RA15_GMCF3029a.meta__NODE_12156_length_946_cov_3.567901_1	REF036_FII_Calidithermus_roseus_A0A399EKG8	37.7	146	13	153	269	412	2.30e-21	83.6	185	764
009_9_RA15_GMCF3029a.meta__NODE_12156_length_946_cov_3.567901_2	REF064_OUT_Escherichia_coli_strain_K12__Q46799	34.7	118	3	117	429	546	1.05e-12	56.6	130	752
009_9_RA15_GMCF3029a.meta__NODE_12156_length_946_cov_3.567901_2	REF063_OUT_Bos_taurus_Bovine__P80457	31.5	108	2	109	994	1101	1.30e-11	53.5	130	1332
009_9_RA15_GMCF3029a.meta__NODE_27623_length_640_cov_2.820513_1	REF066_OUT_Rhodobacter_capsulatus_Rhodopseudom_O54051	43.4	228	5	212	297	520	2.05e-56	184	212	777
009_9_RA15_GMCF3029a.meta__NODE_27623_length_640_cov_2.820513_1	REF063_OUT_Bos_taurus_Bovine__P80457	42.0	205	6	210	868	1068	4.24e-53	176	212	1332
009_9_RA15_GMCF3029a.meta__NODE_27623_length_640_cov_2.820513_1	REF064_OUT_Escherichia_coli_strain_K12__Q46799	33.9	192	26	209	324	503	8.65e-19	77.0	212	752
009_9_RA15_GMCF3029a.meta__NODE_27623_length_640_cov_2.820513_1	REF047_FII_Meiothermus_granaticius_NBRC_107808_A0A399F9R8	28.4	176	41	203	357	525	2.64e-14	63.9	212	789
009_9_RA15_GMCF3029a.meta__NODE_27623_length_640_cov_2.820513_1	REF065_OUT_Megalodesulfovibrio_gigas_Desulfovi_Q46509	26.4	174	10	183	493	656	2.72e-14	63.9	212	907
009_9_RA15_GMCF3029a.meta__NODE_30969_length_607_cov_2.094203_1	REF064_OUT_Escherichia_coli_strain_K12__Q46799	29.9	184	4	185	136	317	1.27e-22	87.8	202	752
009_9_RA15_GMCF3029a.meta__NODE_30969_length_607_cov_2.094203_1	REF059_FII_Streptomonospora_litoralis_A0A4P6PZM8	32.5	151	27	176	179	329	1.09e-19	79.3	202	800
009_9_RA15_GMCF3029a.meta__NODE_30969_length_607_cov_2.094203_1	REF040_FII_Nitrolancea_hollandica_Lb_I4ED45	30.7	199	9	199	152	347	1.21e-16	70.5	202	784
009_9_RA15_GMCF3029a.meta__NODE_30969_length_607_cov_2.094203_1	REF060_FII_Donghicola_eburneus_A0A1M4N221	28.3	187	22	201	168	350	1.64e-16	70.1	202	788
009_9_RA15_GMCF3029a.meta__NODE_30969_length_607_cov_2.094203_1	REF053_FII_Nocardioides_aquaticus_A0ABX8EDS7	29.5	139	52	189	209	344	1.03e-15	67.8	202	828
009_9_RA15_GMCF3029a.meta__NODE_30980_length_607_cov_1.697464_1	REF052_FII_Bradyrhizobium_ivorense_A0A508SVN1	81.8	154	4	157	360	513	2.46e-85	259	157	779
009_9_RA15_GMCF3029a.meta__NODE_30980_length_607_cov_1.697464_1	REF050_FII_Blastochloris_viridis_Rhodopseudomo_A0A0H5BCZ6	74.7	154	4	157	360	513	5.63e-77	237	157	788
009_9_RA15_GMCF3029a.meta__NODE_30980_length_607_cov_1.697464_1	REF045_FII_Albidovulum_aquaemixtae_A0A2R8B4Q9	64.8	159	1	157	357	515	1.29e-67	212	157	788
009_9_RA15_GMCF3029a.meta__NODE_30980_length_607_cov_1.697464_1	REF060_FII_Donghicola_eburneus_A0A1M4N221	63.1	157	1	157	358	514	6.69e-66	207	157	788
009_9_RA15_GMCF3029a.meta__NODE_30980_length_607_cov_1.697464_1	REF058_FII_Cupriavidus_laharis_A0ABM8XSX1	61.8	157	1	157	360	516	3.49e-63	200	157	791
009_9_RA15_GMCF3029a.meta__NODE_31627_length_601_cov_2.532967_1	REF066_OUT_Rhodobacter_capsulatus_Rhodopseudom_O54051	53.8	184	1	184	426	609	5.38e-59	190	200	777
009_9_RA15_GMCF3029a.meta__NODE_31627_length_601_cov_2.532967_1	REF063_OUT_Bos_taurus_Bovine__P80457	39.7	189	2	190	977	1146	2.50e-39	135	200	1332
009_9_RA15_GMCF3029a.meta__NODE_31714_length_600_cov_3.759633_1	REF066_OUT_Rhodobacter_capsulatus_Rhodopseudom_O54051	44.9	185	2	185	64	247	1.60e-42	144	199	777
009_9_RA15_GMCF3029a.meta__NODE_31714_length_600_cov_3.759633_1	REF063_OUT_Bos_taurus_Bovine__P80457	31.4	169	17	184	648	816	1.73e-26	99.0	199	1332
009_9_RA15_GMCF3029a.meta__NODE_31714_length_600_cov_3.759633_1	REF042_FII_Actinomadura_macrotermitis_A0A7K0C220	28.7	174	22	186	94	264	1.22e-13	61.6	199	798
009_9_RA15_GMCF3029a.meta__NODE_31714_length_600_cov_3.759633_1	REF064_OUT_Escherichia_coli_strain_K12__Q46799	25.2	159	21	170	85	241	1.64e-13	61.2	199	752
009_9_RA15_GMCF3029a.meta__NODE_31714_length_600_cov_3.759633_1	REF059_FII_Streptomonospora_litoralis_A0A4P6PZM8	27.5	193	22	198	103	289	4.10e-13	60.1	199	800
009_9_RA15_GMCF3029a.meta__NODE_32195_length_596_cov_3.362292_1	REF065_OUT_Megalodesulfovibrio_gigas_Desulfovi_Q46509	37.0	146	26	171	433	578	2.17e-24	92.8	198	907
009_9_RA15_GMCF3029a.meta__NODE_32195_length_596_cov_3.362292_1	REF064_OUT_Escherichia_coli_strain_K12__Q46799	39.3	135	28	162	252	386	1.80e-23	90.1	198	752
009_9_RA15_GMCF3029a.meta__NODE_32195_length_596_cov_3.362292_1	REF063_OUT_Bos_taurus_Bovine__P80457	33.8	157	26	182	812	967	2.66e-21	84.0	198	1332
009_9_RA15_GMCF3029a.meta__NODE_32195_length_596_cov_3.362292_1	REF066_OUT_Rhodobacter_capsulatus_Rhodopseudom_O54051	34.1	135	27	161	243	377	3.34e-21	83.6	198	777
009_9_RA15_GMCF3029a.meta__NODE_32195_length_596_cov_3.362292_1	REF036_FII_Calidithermus_roseus_A0A399EKG8	36.1	133	35	162	274	402	9.48e-18	73.6	198	764
009_9_RA15_GMCF3029a.meta__NODE_34884_length_575_cov_2.334615_1	REF065_OUT_Megalodesulfovibrio_gigas_Desulfovi_Q46509	44.2	52	6	57	6	57	2.59e-13	55.1	58	907
009_9_RA15_GMCF3029a.meta__NODE_34884_length_575_cov_2.334615_1	REF063_OUT_Bos_taurus_Bovine__P80457	57.1	42	11	52	14	55	1.71e-12	52.8	58	1332
009_9_RA15_GMCF3029a.meta__NODE_35919_length_567_cov_4.474609_1	REF065_OUT_Megalodesulfovibrio_gigas_Desulfovi_Q46509	42.9	70	3	70	6	75	1.01e-14	59.7	70	907
009_9_RA15_GMCF3029a.meta__NODE_40620_length_536_cov_2.656965_1	REF065_OUT_Megalodesulfovibrio_gigas_Desulfovi_Q46509	45.8	72	1	70	77	148	6.44e-20	75.1	83	907
009_9_RA15_GMCF3029a.meta__NODE_40620_length_536_cov_2.656965_1	REF063_OUT_Bos_taurus_Bovine__P80457	50.9	57	8	64	97	153	1.47e-18	71.2	83	1332
009_9_RA15_GMCF3029a.meta__NODE_40620_length_536_cov_2.656965_2	REF064_OUT_Escherichia_coli_strain_K12__Q46799	43.8	64	11	73	1	64	4.77e-14	58.9	94	752
009_9_RA15_GMCF3029a.meta__NODE_40620_length_536_cov_2.656965_2	REF037_FII_Fibrella_aestuarina_BUZ_2_I0KFJ2	40.3	67	6	71	12	78	9.63e-12	52.4	94	796
009_9_RA15_GMCF3029a.meta__NODE_46040_length_506_cov_2.341463_1	REF064_OUT_Escherichia_coli_strain_K12__Q46799	44.8	67	2	68	685	751	5.40e-14	57.8	73	752
009_9_RA15_GMCF3029a.meta__NODE_46040_length_506_cov_2.341463_1	REF003_FI_Thermomicrobium_roseum_strain_ATCC__B9L450	43.1	58	14	68	722	779	1.69e-12	53.5	73	781
009_9_RA15_GMCF3029a.meta__NODE_46040_length_506_cov_2.341463_1	REF036_FII_Calidithermus_roseus_A0A399EKG8	44.9	49	17	65	713	761	1.10e-11	51.2	73	764
009_9_RA15_GMCF3029a.meta__NODE_46040_length_506_cov_2.341463_1	REF023_FI_Rhodococcus_gordoniae_A0A379LVU4	37.3	67	1	64	724	790	5.29e-11	49.3	73	797
009_9_RA15_GMCF3029a.meta__NODE_46040_length_506_cov_2.341463_1	REF044_FII_Sulfoacidibacillus_ferrooxidans_A0A9X1V6V7	39.1	64	7	67	718	781	9.90e-11	48.5	73	784
009_9_RA15_GMCF3029a.sc__NODE_632_length_4530_cov_15.568045_3	REF065_OUT_Megalodesulfovibrio_gigas_Desulfovi_Q46509	36.3	146	16	160	17	149	3.37e-28	104	213	907
009_9_RA15_GMCF3029a.sc__NODE_632_length_4530_cov_15.568045_3	REF063_OUT_Bos_taurus_Bovine__P80457	32.7	168	2	158	6	158	1.37e-20	82.4	213	1332
009_9_RA15_GMCF3029a.sc__NODE_1978_length_2627_cov_10.601089_2	REF063_OUT_Bos_taurus_Bovine__P80457	56.6	53	6	58	889	941	2.85e-16	64.7	82	1332
009_9_RA15_GMCF3029a.sc__NODE_1978_length_2627_cov_10.601089_2	REF066_OUT_Rhodobacter_capsulatus_Rhodopseudom_O54051	47.3	55	3	57	316	370	5.65e-14	58.2	82	777
009_9_RA15_GMCF3029a.sc__NODE_4025_length_1815_cov_3.167045_1	REF036_FII_Calidithermus_roseus_A0A399EKG8	26.2	561	4	530	8	547	2.85e-37	140	605	764
009_9_RA15_GMCF3029a.sc__NODE_4025_length_1815_cov_3.167045_1	REF055_FII_Pseudonocardia_asaccharolytica_DSM__A0A511CWW9	26.0	570	9	548	3	564	5.14e-36	136	605	757
009_9_RA15_GMCF3029a.sc__NODE_4025_length_1815_cov_3.167045_1	REF064_OUT_Escherichia_coli_strain_K12__Q46799	27.7	556	16	541	2	542	6.91e-35	133	605	752
009_9_RA15_GMCF3029a.sc__NODE_4025_length_1815_cov_3.167045_1	REF042_FII_Actinomadura_macrotermitis_A0A7K0C220	24.0	601	10	562	4	593	7.68e-35	133	605	798
009_9_RA15_GMCF3029a.sc__NODE_4025_length_1815_cov_3.167045_1	REF034_FII_Actinoallomurus_iriomotensis_A0A9W6W744	25.6	566	9	547	3	549	2.19e-34	131	605	751
009_9_RA15_GMCF3029a.sc__NODE_4899_length_1654_cov_2.972483_2	REF065_OUT_Megalodesulfovibrio_gigas_Desulfovi_Q46509	42.6	148	4	148	6	153	1.41e-29	105	153	907
009_9_RA15_GMCF3029a.sc__NODE_4899_length_1654_cov_2.972483_2	REF063_OUT_Bos_taurus_Bovine__P80457	36.9	157	4	148	8	164	9.71e-27	97.8	153	1332
009_9_RA15_GMCF3029a.sc__NODE_7390_length_1342_cov_3.117327_2	REF066_OUT_Rhodobacter_capsulatus_Rhodopseudom_O54051	43.9	410	17	407	9	417	3.32e-106	324	407	777
009_9_RA15_GMCF3029a.sc__NODE_7390_length_1342_cov_3.117327_2	REF063_OUT_Bos_taurus_Bovine__P80457	37.4	385	17	400	579	960	1.31e-73	243	407	1332
009_9_RA15_GMCF3029a.sc__NODE_7390_length_1342_cov_3.117327_2	REF034_FII_Actinoallomurus_iriomotensis_A0A9W6W744	27.4	383	28	400	21	399	6.31e-32	120	407	751
009_9_RA15_GMCF3029a.sc__NODE_7390_length_1342_cov_3.117327_2	REF065_OUT_Megalodesulfovibrio_gigas_Desulfovi_Q46509	26.2	381	38	400	205	581	7.17e-32	120	407	907
009_9_RA15_GMCF3029a.sc__NODE_7390_length_1342_cov_3.117327_2	REF036_FII_Calidithermus_roseus_A0A399EKG8	27.4	376	24	380	27	396	4.13e-30	115	407	764
009_9_RA15_GMCF3029a.sc__NODE_8812_length_1229_cov_3.116695_1	REF064_OUT_Escherichia_coli_strain_K12__Q46799	35.0	163	27	189	589	745	1.15e-23	90.5	193	752
009_9_RA15_GMCF3029a.sc__NODE_8812_length_1229_cov_3.116695_1	REF055_FII_Pseudonocardia_asaccharolytica_DSM__A0A511CWW9	34.1	138	48	182	606	741	2.47e-20	80.9	193	757
009_9_RA15_GMCF3029a.sc__NODE_8812_length_1229_cov_3.116695_1	REF023_FI_Rhodococcus_gordoniae_A0A379LVU4	34.5	142	48	186	646	785	3.39e-20	80.5	193	797
009_9_RA15_GMCF3029a.sc__NODE_8812_length_1229_cov_3.116695_1	REF016_FI_Mycobacterium_attenuatum_A0A498PSI1	35.2	142	48	186	651	790	6.27e-20	79.7	193	802
009_9_RA15_GMCF3029a.sc__NODE_8812_length_1229_cov_3.116695_1	REF005_FI_Thermogemmatispora_aurantia_A0A5J4K876	32.4	148	48	192	640	785	8.49e-20	79.3	193	791
009_9_RA15_GMCF3029a.sc__NODE_8928_length_1221_cov_19.796741_1	REF066_OUT_Rhodobacter_capsulatus_Rhodopseudom_O54051	54.7	318	2	319	463	777	7.89e-110	333	392	777
009_9_RA15_GMCF3029a.sc__NODE_8928_length_1221_cov_19.796741_1	REF063_OUT_Bos_taurus_Bovine__P80457	44.8	315	3	311	1014	1308	1.91e-77	253	392	1332
009_9_RA15_GMCF3029a.sc__NODE_8928_length_1221_cov_19.796741_1	REF064_OUT_Escherichia_coli_strain_K12__Q46799	29.3	290	6	287	453	724	1.72e-26	104	392	752
009_9_RA15_GMCF3029a.sc__NODE_8928_length_1221_cov_19.796741_1	REF044_FII_Sulfoacidibacillus_ferrooxidans_A0A9X1V6V7	28.2	309	8	312	480	777	3.36e-25	100	392	784
009_9_RA15_GMCF3029a.sc__NODE_8928_length_1221_cov_19.796741_1	REF058_FII_Cupriavidus_laharis_A0ABM8XSX1	28.8	312	10	312	491	786	3.38e-25	100	392	791
009_9_RA15_GMCF3029a.sc__NODE_9141_length_1207_cov_3.412326_1	REF063_OUT_Bos_taurus_Bovine__P80457	47.3	55	14	68	112	166	1.02e-13	57.0	73	1332
009_9_RA15_GMCF3029a.sc__NODE_9141_length_1207_cov_3.412326_1	REF065_OUT_Megalodesulfovibrio_gigas_Desulfovi_Q46509	39.4	66	3	66	88	153	4.34e-12	52.4	73	907
009_9_RA15_GMCF3029a.sc__NODE_11121_length_1094_cov_2.671800_1	REF044_FII_Sulfoacidibacillus_ferrooxidans_A0A9X1V6V7	33.1	251	4	240	3	251	4.48e-34	122	245	784
009_9_RA15_GMCF3029a.sc__NODE_11121_length_1094_cov_2.671800_1	REF037_FII_Fibrella_aestuarina_BUZ_2_I0KFJ2	32.2	255	6	240	12	266	6.13e-34	122	245	796
009_9_RA15_GMCF3029a.sc__NODE_11121_length_1094_cov_2.671800_1	REF064_OUT_Escherichia_coli_strain_K12__Q46799	30.5	243	12	243	2	243	8.10e-34	121	245	752
009_9_RA15_GMCF3029a.sc__NODE_11121_length_1094_cov_2.671800_1	REF063_OUT_Bos_taurus_Bovine__P80457	33.1	239	6	241	573	802	2.32e-31	114	245	1332
009_9_RA15_GMCF3029a.sc__NODE_11121_length_1094_cov_2.671800_1	REF038_FII_Kyrpidia_spormannii_A0A2K8N8V7	30.7	244	11	240	10	251	2.81e-31	114	245	780
009_9_RA15_GMCF3029a.sc__NODE_11121_length_1094_cov_2.671800_2	REF065_OUT_Megalodesulfovibrio_gigas_Desulfovi_Q46509	52.6	116	2	114	42	157	2.86e-36	123	122	907
009_9_RA15_GMCF3029a.sc__NODE_11121_length_1094_cov_2.671800_2	REF063_OUT_Bos_taurus_Bovine__P80457	39.8	123	1	112	44	166	5.89e-27	97.1	122	1332
009_9_RA15_GMCF3029a.sc__NODE_15053_length_946_cov_3.583614_1	REF064_OUT_Escherichia_coli_strain_K12__Q46799	34.8	155	19	173	260	414	8.90e-26	96.3	185	752
009_9_RA15_GMCF3029a.sc__NODE_15053_length_946_cov_3.583614_1	REF065_OUT_Megalodesulfovibrio_gigas_Desulfovi_Q46509	36.3	146	9	154	433	578	9.19e-26	96.3	185	907
009_9_RA15_GMCF3029a.sc__NODE_15053_length_946_cov_3.583614_1	REF063_OUT_Bos_taurus_Bovine__P80457	30.8	172	5	176	808	978	8.33e-25	93.6	185	1332
009_9_RA15_GMCF3029a.sc__NODE_15053_length_946_cov_3.583614_1	REF066_OUT_Rhodobacter_capsulatus_Rhodopseudom_O54051	32.9	140	5	144	238	377	2.68e-22	86.3	185	777
009_9_RA15_GMCF3029a.sc__NODE_15053_length_946_cov_3.583614_1	REF036_FII_Calidithermus_roseus_A0A399EKG8	37.7	146	13	153	269	412	2.30e-21	83.6	185	764
009_9_RA15_GMCF3029a.sc__NODE_15053_length_946_cov_3.583614_2	REF064_OUT_Escherichia_coli_strain_K12__Q46799	34.7	118	3	117	429	546	1.05e-12	56.6	130	752
009_9_RA15_GMCF3029a.sc__NODE_15053_length_946_cov_3.583614_2	REF063_OUT_Bos_taurus_Bovine__P80457	31.5	108	2	109	994	1101	1.30e-11	53.5	130	1332
009_9_RA15_GMCF3029a.sc__NODE_23821_length_758_cov_2.553343_1	REF066_OUT_Rhodobacter_capsulatus_Rhodopseudom_O54051	54.0	252	1	252	465	715	7.92e-87	267	252	777
009_9_RA15_GMCF3029a.sc__NODE_23821_length_758_cov_2.553343_1	REF063_OUT_Bos_taurus_Bovine__P80457	44.6	249	1	249	1015	1243	3.14e-65	212	252	1332
009_9_RA15_GMCF3029a.sc__NODE_23821_length_758_cov_2.553343_1	REF058_FII_Cupriavidus_laharis_A0ABM8XSX1	30.5	239	7	242	491	723	5.82e-25	96.3	252	791
009_9_RA15_GMCF3029a.sc__NODE_23821_length_758_cov_2.553343_1	REF044_FII_Sulfoacidibacillus_ferrooxidans_A0A9X1V6V7	29.6	243	5	243	480	716	4.88e-24	93.6	252	784
009_9_RA15_GMCF3029a.sc__NODE_23821_length_758_cov_2.553343_1	REF035_FII_Ardenticatena_maritima_A0A0M8K8I5	31.0	248	5	242	486	719	1.65e-23	92.0	252	789
009_9_RA15_GMCF3029a.sc__NODE_33324_length_646_cov_1.620981_2	REF065_OUT_Megalodesulfovibrio_gigas_Desulfovi_Q46509	43.5	85	38	121	23	106	5.97e-19	74.7	135	907
009_9_RA15_GMCF3029a.sc__NODE_33324_length_646_cov_1.620981_2	REF063_OUT_Bos_taurus_Bovine__P80457	33.1	124	21	129	8	127	3.71e-13	58.2	135	1332
009_9_RA15_GMCF3029a.sc__NODE_34848_length_632_cov_2.355286_1	REF066_OUT_Rhodobacter_capsulatus_Rhodopseudom_O54051	53.1	194	1	194	416	609	3.06e-61	197	210	777
009_9_RA15_GMCF3029a.sc__NODE_34848_length_632_cov_2.355286_1	REF063_OUT_Bos_taurus_Bovine__P80457	39.6	197	4	200	969	1146	1.60e-40	139	210	1332
009_9_RA15_GMCF3029a.sc__NODE_35395_length_627_cov_3.590909_1	REF066_OUT_Rhodobacter_capsulatus_Rhodopseudom_O54051	44.8	194	2	194	55	247	1.05e-44	151	208	777
009_9_RA15_GMCF3029a.sc__NODE_35395_length_627_cov_3.590909_1	REF063_OUT_Bos_taurus_Bovine__P80457	31.4	169	26	193	648	816	2.27e-26	99.0	208	1332
009_9_RA15_GMCF3029a.sc__NODE_35395_length_627_cov_3.590909_1	REF064_OUT_Escherichia_coli_strain_K12__Q46799	26.6	199	3	179	48	241	5.28e-15	65.9	208	752
009_9_RA15_GMCF3029a.sc__NODE_35395_length_627_cov_3.590909_1	REF003_FI_Thermomicrobium_roseum_strain_ATCC__B9L450	31.3	195	3	178	61	252	8.10e-14	62.4	208	781
009_9_RA15_GMCF3029a.sc__NODE_35395_length_627_cov_3.590909_1	REF042_FII_Actinomadura_macrotermitis_A0A7K0C220	28.5	214	1	195	54	264	8.14e-14	62.4	208	798
009_9_RA15_GMCF3029a.sc__NODE_38001_length_607_cov_2.094203_1	REF064_OUT_Escherichia_coli_strain_K12__Q46799	29.9	184	4	185	136	317	1.27e-22	87.8	202	752
009_9_RA15_GMCF3029a.sc__NODE_38001_length_607_cov_2.094203_1	REF059_FII_Streptomonospora_litoralis_A0A4P6PZM8	32.5	151	27	176	179	329	1.09e-19	79.3	202	800
009_9_RA15_GMCF3029a.sc__NODE_38001_length_607_cov_2.094203_1	REF040_FII_Nitrolancea_hollandica_Lb_I4ED45	30.7	199	9	199	152	347	1.21e-16	70.5	202	784
009_9_RA15_GMCF3029a.sc__NODE_38001_length_607_cov_2.094203_1	REF060_FII_Donghicola_eburneus_A0A1M4N221	28.3	187	22	201	168	350	1.64e-16	70.1	202	788
009_9_RA15_GMCF3029a.sc__NODE_38001_length_607_cov_2.094203_1	REF053_FII_Nocardioides_aquaticus_A0ABX8EDS7	29.5	139	52	189	209	344	1.03e-15	67.8	202	828
009_9_RA15_GMCF3029a.sc__NODE_38030_length_607_cov_1.697464_1	REF052_FII_Bradyrhizobium_ivorense_A0A508SVN1	81.8	154	4	157	360	513	2.46e-85	259	157	779
009_9_RA15_GMCF3029a.sc__NODE_38030_length_607_cov_1.697464_1	REF050_FII_Blastochloris_viridis_Rhodopseudomo_A0A0H5BCZ6	74.7	154	4	157	360	513	5.63e-77	237	157	788
009_9_RA15_GMCF3029a.sc__NODE_38030_length_607_cov_1.697464_1	REF045_FII_Albidovulum_aquaemixtae_A0A2R8B4Q9	64.8	159	1	157	357	515	1.29e-67	212	157	788
009_9_RA15_GMCF3029a.sc__NODE_38030_length_607_cov_1.697464_1	REF060_FII_Donghicola_eburneus_A0A1M4N221	63.1	157	1	157	358	514	6.69e-66	207	157	788
009_9_RA15_GMCF3029a.sc__NODE_38030_length_607_cov_1.697464_1	REF058_FII_Cupriavidus_laharis_A0ABM8XSX1	61.8	157	1	157	360	516	3.49e-63	200	157	791
009_9_RA15_GMCF3029a.sc__NODE_39454_length_596_cov_3.297597_1	REF065_OUT_Megalodesulfovibrio_gigas_Desulfovi_Q46509	37.0	146	26	171	433	578	2.17e-24	92.8	198	907
009_9_RA15_GMCF3029a.sc__NODE_39454_length_596_cov_3.297597_1	REF064_OUT_Escherichia_coli_strain_K12__Q46799	39.3	135	28	162	252	386	1.80e-23	90.1	198	752
009_9_RA15_GMCF3029a.sc__NODE_39454_length_596_cov_3.297597_1	REF063_OUT_Bos_taurus_Bovine__P80457	33.8	157	26	182	812	967	2.66e-21	84.0	198	1332
009_9_RA15_GMCF3029a.sc__NODE_39454_length_596_cov_3.297597_1	REF066_OUT_Rhodobacter_capsulatus_Rhodopseudom_O54051	34.1	135	27	161	243	377	3.34e-21	83.6	198	777
009_9_RA15_GMCF3029a.sc__NODE_39454_length_596_cov_3.297597_1	REF036_FII_Calidithermus_roseus_A0A399EKG8	36.1	133	35	162	274	402	9.48e-18	73.6	198	764
009_9_RA15_GMCF3029a.sc__NODE_42657_length_575_cov_2.453846_1	REF065_OUT_Megalodesulfovibrio_gigas_Desulfovi_Q46509	44.2	52	6	57	6	57	2.59e-13	55.1	58	907
009_9_RA15_GMCF3029a.sc__NODE_42657_length_575_cov_2.453846_1	REF063_OUT_Bos_taurus_Bovine__P80457	57.1	42	11	52	14	55	1.71e-12	52.8	58	1332
009_9_RA15_GMCF3029a.sc__NODE_43907_length_567_cov_4.474609_1	REF065_OUT_Megalodesulfovibrio_gigas_Desulfovi_Q46509	42.9	70	3	70	6	75	1.01e-14	59.7	70	907
009_9_RA15_GMCF3029a.sc__NODE_49470_length_537_cov_1.780083_1	REF066_OUT_Rhodobacter_capsulatus_Rhodopseudom_O54051	39.2	97	23	119	3	99	2.98e-18	72.0	119	777
009_9_RA15_GMCF3029a.sc__NODE_49470_length_537_cov_1.780083_1	REF030_FI_Roseovarius_gaetbuli_A0A1X6ZH08	47.1	68	23	90	18	84	8.88e-12	53.5	119	805
009_9_RA15_GMCF3029a.sc__NODE_49470_length_537_cov_1.780083_1	REF011_FI_Actibacterium_lipolyticum_A0A238JPJ5	41.0	78	14	90	8	84	5.71e-11	51.2	119	806
009_9_RA15_GMCF3029a.sc__NODE_49596_length_536_cov_2.735967_1	REF065_OUT_Megalodesulfovibrio_gigas_Desulfovi_Q46509	45.8	72	1	70	77	148	6.44e-20	75.1	83	907
009_9_RA15_GMCF3029a.sc__NODE_49596_length_536_cov_2.735967_1	REF063_OUT_Bos_taurus_Bovine__P80457	50.9	57	8	64	97	153	1.47e-18	71.2	83	1332
009_9_RA15_GMCF3029a.sc__NODE_49596_length_536_cov_2.735967_2	REF064_OUT_Escherichia_coli_strain_K12__Q46799	42.2	64	11	73	1	64	4.23e-13	56.2	94	752
009_9_RA15_GMCF3029a.sc__NODE_49596_length_536_cov_2.735967_2	REF037_FII_Fibrella_aestuarina_BUZ_2_I0KFJ2	39.7	63	6	67	12	74	8.56e-11	49.7	94	796
009_9_RA15_GMCF3029a.sc__NODE_49874_length_535_cov_1.691667_2	REF063_OUT_Bos_taurus_Bovine__P80457	35.4	82	4	85	8	82	2.17e-12	53.9	87	1332
009_9_RA15_GMCF3029a.sc__NODE_51768_length_525_cov_2.770213_1	REF066_OUT_Rhodobacter_capsulatus_Rhodopseudom_O54051	41.6	190	5	174	297	482	1.01e-43	147	174	777
009_9_RA15_GMCF3029a.sc__NODE_51768_length_525_cov_2.770213_1	REF063_OUT_Bos_taurus_Bovine__P80457	42.6	169	6	174	868	1032	5.99e-43	145	174	1332
009_9_RA15_GMCF3029a.sc__NODE_51768_length_525_cov_2.770213_1	REF065_OUT_Megalodesulfovibrio_gigas_Desulfovi_Q46509	26.1	165	10	174	493	647	4.26e-13	59.3	174	907
009_9_RA15_GMCF3029a.sc__NODE_51768_length_525_cov_2.770213_1	REF064_OUT_Escherichia_coli_strain_K12__Q46799	34.0	156	26	173	324	467	2.58e-12	57.0	174	752
009_9_RA15_GMCF3029a.sc__NODE_52661_length_521_cov_2.461373_2	REF063_OUT_Bos_taurus_Bovine__P80457	36.8	57	2	58	84	140	1.08e-12	53.5	62	1332
009_9_RA15_GMCF3029a.sc__NODE_52661_length_521_cov_2.461373_2	REF065_OUT_Megalodesulfovibrio_gigas_Desulfovi_Q46509	42.9	49	3	51	73	120	2.47e-11	49.7	62	907
009_9_RA15_GMCF3029a.sc__NODE_53129_length_519_cov_1.995690_1	REF065_OUT_Megalodesulfovibrio_gigas_Desulfovi_Q46509	38.2	131	9	135	23	153	1.38e-23	88.2	140	907
009_9_RA15_GMCF3029a.sc__NODE_53129_length_519_cov_1.995690_1	REF063_OUT_Bos_taurus_Bovine__P80457	35.9	128	12	127	29	156	9.13e-23	85.9	140	1332
009_9_RA15_GMCF3029a.sc__NODE_56158_length_506_cov_2.341463_1	REF064_OUT_Escherichia_coli_strain_K12__Q46799	44.8	67	2	68	685	751	5.40e-14	57.8	73	752
009_9_RA15_GMCF3029a.sc__NODE_56158_length_506_cov_2.341463_1	REF003_FI_Thermomicrobium_roseum_strain_ATCC__B9L450	43.1	58	14	68	722	779	1.69e-12	53.5	73	781
009_9_RA15_GMCF3029a.sc__NODE_56158_length_506_cov_2.341463_1	REF036_FII_Calidithermus_roseus_A0A399EKG8	44.9	49	17	65	713	761	1.10e-11	51.2	73	764
009_9_RA15_GMCF3029a.sc__NODE_56158_length_506_cov_2.341463_1	REF023_FI_Rhodococcus_gordoniae_A0A379LVU4	37.3	67	1	64	724	790	5.29e-11	49.3	73	797
009_9_RA15_GMCF3029a.sc__NODE_56158_length_506_cov_2.341463_1	REF044_FII_Sulfoacidibacillus_ferrooxidans_A0A9X1V6V7	39.1	64	7	67	718	781	9.90e-11	48.5	73	784
010_10_RA16_GMCF3029a.meta__NODE_195_length_3623_cov_8.109305_4	REF036_FII_Calidithermus_roseus_A0A399EKG8	29.2	295	2	295	483	755	8.83e-22	88.2	297	764
010_10_RA16_GMCF3029a.meta__NODE_195_length_3623_cov_8.109305_4	REF033_FII_Acidiphilium_multivorum_strain_DSM__F0J165	27.7	303	2	295	511	787	1.63e-21	87.4	297	801
010_10_RA16_GMCF3029a.meta__NODE_195_length_3623_cov_8.109305_4	REF058_FII_Cupriavidus_laharis_A0ABM8XSX1	28.2	280	2	280	504	764	9.78e-21	85.1	297	791
010_10_RA16_GMCF3029a.meta__NODE_195_length_3623_cov_8.109305_4	REF056_FII_Comamonas_aquatilis_A0ACE2T5A2	29.4	289	2	280	509	768	1.78e-20	84.3	297	795
010_10_RA16_GMCF3029a.meta__NODE_195_length_3623_cov_8.109305_4	REF054_FII_Cereibacter_sphaeroides_strain_ATCC_Q3J2E6	28.2	284	1	280	503	763	2.39e-20	84.0	297	790
010_10_RA16_GMCF3029a.meta__NODE_338_length_3120_cov_9.011419_1	REF065_OUT_Megalodesulfovibrio_gigas_Desulfovi_Q46509	39.1	151	4	150	6	156	2.04e-30	108	151	907
010_10_RA16_GMCF3029a.meta__NODE_338_length_3120_cov_9.011419_1	REF063_OUT_Bos_taurus_Bovine__P80457	34.7	147	6	139	10	156	7.41e-21	80.9	151	1332
010_10_RA16_GMCF3029a.meta__NODE_338_length_3120_cov_9.011419_2	REF064_OUT_Escherichia_coli_strain_K12__Q46799	24.6	342	256	569	62	382	4.97e-12	61.6	738	752
010_10_RA16_GMCF3029a.meta__NODE_884_length_2407_cov_13.872874_1	REF064_OUT_Escherichia_coli_strain_K12__Q46799	27.8	133	128	253	608	737	3.10e-12	58.9	262	752
010_10_RA16_GMCF3029a.meta__NODE_2462_length_1746_cov_5.432289_1	REF066_OUT_Rhodobacter_capsulatus_Rhodopseudom_O54051	50.8	313	9	313	191	503	1.02e-102	312	335	777
010_10_RA16_GMCF3029a.meta__NODE_2462_length_1746_cov_5.432289_1	REF063_OUT_Bos_taurus_Bovine__P80457	42.6	317	1	314	752	1055	5.39e-73	238	335	1332
010_10_RA16_GMCF3029a.meta__NODE_2462_length_1746_cov_5.432289_1	REF064_OUT_Escherichia_coli_strain_K12__Q46799	27.7	310	3	311	194	487	1.02e-24	97.8	335	752
010_10_RA16_GMCF3029a.meta__NODE_2462_length_1746_cov_5.432289_1	REF065_OUT_Megalodesulfovibrio_gigas_Desulfovi_Q46509	28.2	280	22	301	397	656	3.64e-24	96.3	335	907
010_10_RA16_GMCF3029a.meta__NODE_2462_length_1746_cov_5.432289_1	REF059_FII_Streptomonospora_litoralis_A0A4P6PZM8	25.9	309	13	311	225	523	2.66e-19	81.6	335	800
010_10_RA16_GMCF3029a.meta__NODE_2462_length_1746_cov_5.432289_2	REF066_OUT_Rhodobacter_capsulatus_Rhodopseudom_O54051	59.0	239	4	242	511	749	9.56e-92	280	247	777
010_10_RA16_GMCF3029a.meta__NODE_2462_length_1746_cov_5.432289_2	REF063_OUT_Bos_taurus_Bovine__P80457	45.7	232	9	240	1066	1278	6.42e-56	185	247	1332
010_10_RA16_GMCF3029a.meta__NODE_2462_length_1746_cov_5.432289_2	REF035_FII_Ardenticatena_maritima_A0A0M8K8I5	27.5	229	26	241	550	761	1.46e-15	68.6	247	789
010_10_RA16_GMCF3029a.meta__NODE_2462_length_1746_cov_5.432289_2	REF041_FII_Actibacterium_lipolyticum_A0A238JRA4	37.0	81	118	198	615	695	5.62e-13	60.8	247	765
010_10_RA16_GMCF3029a.meta__NODE_2462_length_1746_cov_5.432289_2	REF034_FII_Actinoallomurus_iriomotensis_A0A9W6W744	24.6	228	28	246	522	725	4.72e-11	55.1	247	751
010_10_RA16_GMCF3029a.meta__NODE_3005_length_1631_cov_7.496827_1	REF063_OUT_Bos_taurus_Bovine__P80457	30.6	457	14	434	69	521	1.34e-55	192	458	1332
010_10_RA16_GMCF3029a.meta__NODE_3005_length_1631_cov_7.496827_1	REF065_OUT_Megalodesulfovibrio_gigas_Desulfovi_Q46509	41.2	97	13	106	55	148	1.35e-17	78.2	458	907
010_10_RA16_GMCF3029a.meta__NODE_3992_length_1476_cov_5.612949_1	REF063_OUT_Bos_taurus_Bovine__P80457	40.9	66	7	72	101	166	1.47e-12	53.9	77	1332
010_10_RA16_GMCF3029a.meta__NODE_3992_length_1476_cov_5.612949_1	REF065_OUT_Megalodesulfovibrio_gigas_Desulfovi_Q46509	39.7	73	1	70	82	154	1.99e-12	53.5	77	907
010_10_RA16_GMCF3029a.meta__NODE_5546_length_1305_cov_3.836000_1	REF066_OUT_Rhodobacter_capsulatus_Rhodopseudom_O54051	58.5	41	3	43	311	351	6.37e-13	53.1	43	777
010_10_RA16_GMCF3029a.meta__NODE_5546_length_1305_cov_3.836000_3	REF066_OUT_Rhodobacter_capsulatus_Rhodopseudom_O54051	45.6	193	17	208	9	200	3.59e-47	158	208	777
010_10_RA16_GMCF3029a.meta__NODE_5546_length_1305_cov_3.836000_3	REF063_OUT_Bos_taurus_Bovine__P80457	37.2	191	17	206	579	768	6.34e-35	123	208	1332
010_10_RA16_GMCF3029a.meta__NODE_5546_length_1305_cov_3.836000_3	REF050_FII_Blastochloris_viridis_Rhodopseudomo_A0A0H5BCZ6	33.8	142	21	148	16	156	1.07e-18	76.6	208	788
010_10_RA16_GMCF3029a.meta__NODE_5546_length_1305_cov_3.836000_3	REF034_FII_Actinoallomurus_iriomotensis_A0A9W6W744	33.9	124	28	149	21	142	1.44e-18	76.3	208	751
010_10_RA16_GMCF3029a.meta__NODE_5546_length_1305_cov_3.836000_3	REF029_FI_Roseibium_aggregatum_A0A0M6Y0E4	37.1	159	26	180	33	188	6.70e-18	74.3	208	806
010_10_RA16_GMCF3029a.meta__NODE_6887_length_1202_cov_12.288579_2	REF065_OUT_Megalodesulfovibrio_gigas_Desulfovi_Q46509	37.0	154	5	154	6	159	2.13e-29	105	156	907
010_10_RA16_GMCF3029a.meta__NODE_6887_length_1202_cov_12.288579_2	REF063_OUT_Bos_taurus_Bovine__P80457	34.7	144	7	137	10	153	8.46e-23	86.7	156	1332
010_10_RA16_GMCF3029a.meta__NODE_7362_length_1173_cov_4.373882_1	REF064_OUT_Escherichia_coli_strain_K12__Q46799	35.1	376	6	358	393	742	4.16e-45	157	359	752
010_10_RA16_GMCF3029a.meta__NODE_7362_length_1173_cov_4.373882_1	REF023_FI_Rhodococcus_gordoniae_A0A379LVU4	35.2	301	77	358	498	785	2.05e-39	141	359	797
010_10_RA16_GMCF3029a.meta__NODE_7362_length_1173_cov_4.373882_1	REF019_FI_Mycolicibacterium_chitae_Mycobacter_A0A448IBW4	35.1	302	77	358	497	784	2.78e-39	141	359	796
010_10_RA16_GMCF3029a.meta__NODE_7362_length_1173_cov_4.373882_1	REF002_FI_Mycolicibacterium_smegmatis_strain__A0QQG4	34.1	302	77	358	500	787	6.99e-39	140	359	799
010_10_RA16_GMCF3029a.meta__NODE_7362_length_1173_cov_4.373882_1	REF006_FI_Ktedonobacter_racemifer_DSM_44963_D6TQ73	36.4	302	77	358	492	777	5.81e-38	137	359	789
010_10_RA16_GMCF3029a.meta__NODE_7413_length_1168_cov_11.323450_1	REF014_FI_Deinococcus_caeni_A0ABP9UI58	23.3	305	117	388	13	312	5.79e-11	56.6	388	792
010_10_RA16_GMCF3029a.meta__NODE_7617_length_1157_cov_3.235935_2	REF063_OUT_Bos_taurus_Bovine__P80457	45.2	93	1	86	1213	1305	5.14e-19	73.6	104	1332
010_10_RA16_GMCF3029a.meta__NODE_7617_length_1157_cov_3.235935_2	REF066_OUT_Rhodobacter_capsulatus_Rhodopseudom_O54051	43.4	83	5	87	686	767	3.24e-18	71.2	104	777
010_10_RA16_GMCF3029a.meta__NODE_7839_length_1145_cov_3.126606_1	REF036_FII_Calidithermus_roseus_A0A399EKG8	28.6	133	111	237	619	750	3.43e-11	55.5	245	764
010_10_RA16_GMCF3029a.meta__NODE_8351_length_1117_cov_2.365348_1	REF066_OUT_Rhodobacter_capsulatus_Rhodopseudom_O54051	43.8	384	2	366	101	483	6.46e-94	290	372	777
010_10_RA16_GMCF3029a.meta__NODE_8351_length_1117_cov_2.365348_1	REF063_OUT_Bos_taurus_Bovine__P80457	42.8	367	1	366	669	1033	8.51e-88	281	372	1332
010_10_RA16_GMCF3029a.meta__NODE_8351_length_1117_cov_2.365348_1	REF065_OUT_Megalodesulfovibrio_gigas_Desulfovi_Q46509	26.9	312	54	365	346	647	3.32e-26	103	372	907
010_10_RA16_GMCF3029a.meta__NODE_8351_length_1117_cov_2.365348_1	REF064_OUT_Escherichia_coli_strain_K12__Q46799	25.2	321	45	364	153	467	3.44e-24	97.1	372	752
010_10_RA16_GMCF3029a.meta__NODE_8351_length_1117_cov_2.365348_1	REF044_FII_Sulfoacidibacillus_ferrooxidans_A0A9X1V6V7	29.6	206	89	292	208	409	1.54e-23	95.1	372	784
010_10_RA16_GMCF3029a.meta__NODE_8874_length_1091_cov_2.807915_2	REF053_FII_Nocardioides_aquaticus_A0ABX8EDS7	31.3	112	44	154	187	297	3.56e-11	56.6	320	828
010_10_RA16_GMCF3029a.meta__NODE_8900_length_1089_cov_5.451644_2	REF063_OUT_Bos_taurus_Bovine__P80457	28.3	244	19	248	241	484	1.83e-28	108	315	1332
010_10_RA16_GMCF3029a.meta__NODE_9187_length_1076_cov_5.467189_2	REF063_OUT_Bos_taurus_Bovine__P80457	33.3	318	9	306	2	314	9.25e-47	161	310	1332
010_10_RA16_GMCF3029a.meta__NODE_9187_length_1076_cov_5.467189_2	REF065_OUT_Megalodesulfovibrio_gigas_Desulfovi_Q46509	37.6	141	31	168	21	148	3.63e-22	89.7	310	907
010_10_RA16_GMCF3029a.meta__NODE_9487_length_1063_cov_3.722222_1	REF051_FII_Modestobacter_italicus_strain_DSM_4_I4F486	30.5	272	7	252	486	747	3.30e-25	97.1	254	763
010_10_RA16_GMCF3029a.meta__NODE_9487_length_1063_cov_3.722222_1	REF046_FII_Amycolatopsis_bartoniae_A0A8H9IQQ2	32.5	268	7	252	476	741	2.76e-24	94.4	254	752
010_10_RA16_GMCF3029a.meta__NODE_9487_length_1063_cov_3.722222_1	REF044_FII_Sulfoacidibacillus_ferrooxidans_A0A9X1V6V7	29.0	276	7	252	500	773	1.73e-23	92.0	254	784
010_10_RA16_GMCF3029a.meta__NODE_9487_length_1063_cov_3.722222_1	REF041_FII_Actibacterium_lipolyticum_A0A238JRA4	29.4	269	7	252	488	753	4.26e-23	90.9	254	765
010_10_RA16_GMCF3029a.meta__NODE_9487_length_1063_cov_3.722222_1	REF055_FII_Pseudonocardia_asaccharolytica_DSM__A0A511CWW9	31.1	270	7	249	483	742	5.75e-23	90.5	254	757
010_10_RA16_GMCF3029a.meta__NODE_11483_length_983_cov_7.612069_2	REF063_OUT_Bos_taurus_Bovine__P80457	45.8	155	15	167	8	158	7.49e-42	142	184	1332
010_10_RA16_GMCF3029a.meta__NODE_11483_length_983_cov_7.612069_2	REF065_OUT_Megalodesulfovibrio_gigas_Desulfovi_Q46509	37.8	135	35	168	25	148	2.64e-24	92.0	184	907
010_10_RA16_GMCF3029a.meta__NODE_12273_length_956_cov_3.026637_1	REF064_OUT_Escherichia_coli_strain_K12__Q46799	26.0	331	1	300	114	422	1.43e-11	57.8	318	752
010_10_RA16_GMCF3029a.meta__NODE_12792_length_941_cov_3.352144_1	REF063_OUT_Bos_taurus_Bovine__P80457	32.9	319	3	283	3	314	1.61e-47	164	313	1332
010_10_RA16_GMCF3029a.meta__NODE_12792_length_941_cov_3.352144_1	REF065_OUT_Megalodesulfovibrio_gigas_Desulfovi_Q46509	35.8	137	28	161	25	148	1.09e-19	82.4	313	907
010_10_RA16_GMCF3029a.meta__NODE_13567_length_918_cov_2.969873_1	REF063_OUT_Bos_taurus_Bovine__P80457	44.0	84	5	81	8	91	1.52e-16	65.5	82	1332
010_10_RA16_GMCF3029a.meta__NODE_13567_length_918_cov_2.969873_1	REF065_OUT_Megalodesulfovibrio_gigas_Desulfovi_Q46509	36.8	76	7	81	8	79	5.52e-11	49.7	82	907
010_10_RA16_GMCF3029a.meta__NODE_14424_length_895_cov_1.784524_1	REF063_OUT_Bos_taurus_Bovine__P80457	27.7	285	17	264	4	266	1.42e-27	104	274	1332
010_10_RA16_GMCF3029a.meta__NODE_14424_length_895_cov_1.784524_1	REF065_OUT_Megalodesulfovibrio_gigas_Desulfovi_Q46509	32.9	155	39	192	23	148	5.30e-20	82.4	274	907
010_10_RA16_GMCF3029a.meta__NODE_15408_length_869_cov_5.428747_2	REF066_OUT_Rhodobacter_capsulatus_Rhodopseudom_O54051	75.5	106	1	106	670	775	4.95e-51	164	107	777
010_10_RA16_GMCF3029a.meta__NODE_15408_length_869_cov_5.428747_2	REF063_OUT_Bos_taurus_Bovine__P80457	40.7	108	1	100	1201	1308	1.07e-18	72.8	107	1332
010_10_RA16_GMCF3029a.meta__NODE_15825_length_859_cov_5.455224_1	REF015_FI_Antarctobacter_heliothermus_A0A222E7I6	87.3	150	2	151	655	804	3.11e-97	290	153	805
010_10_RA16_GMCF3029a.meta__NODE_15825_length_859_cov_5.455224_1	REF031_FI_Ruegeria_arenilitoris_A0A238KMA5	90.0	150	2	151	655	804	2.37e-96	288	153	805
010_10_RA16_GMCF3029a.meta__NODE_15825_length_859_cov_5.455224_1	REF020_FI_Maliponia_aquimaris_A0A238KQS5	87.3	150	2	151	655	804	3.33e-96	288	153	805
010_10_RA16_GMCF3029a.meta__NODE_15825_length_859_cov_5.455224_1	REF027_FI_Pseudorhizobium_banfieldiae_L0NNE2	85.3	150	2	151	656	805	5.09e-95	285	153	806
010_10_RA16_GMCF3029a.meta__NODE_15825_length_859_cov_5.455224_1	REF011_FI_Actibacterium_lipolyticum_A0A238JPJ5	85.3	150	2	151	656	805	1.40e-94	283	153	806
010_10_RA16_GMCF3029a.meta__NODE_16835_length_838_cov_2.902937_1	REF066_OUT_Rhodobacter_capsulatus_Rhodopseudom_O54051	39.9	296	2	278	154	448	6.85e-65	209	278	777
010_10_RA16_GMCF3029a.meta__NODE_16835_length_838_cov_2.902937_1	REF063_OUT_Bos_taurus_Bovine__P80457	39.4	274	6	278	726	998	2.73e-62	205	278	1332
010_10_RA16_GMCF3029a.meta__NODE_16835_length_838_cov_2.902937_1	REF065_OUT_Megalodesulfovibrio_gigas_Desulfovi_Q46509	28.7	247	5	251	349	592	2.06e-24	95.5	278	907
010_10_RA16_GMCF3029a.meta__NODE_16835_length_838_cov_2.902937_1	REF064_OUT_Escherichia_coli_strain_K12__Q46799	27.0	270	6	272	166	429	1.21e-20	84.3	278	752
010_10_RA16_GMCF3029a.meta__NODE_16835_length_838_cov_2.902937_1	REF057_FII_Rhodococcus_coprophilus_A0A2X4U3L5	29.8	181	49	224	227	406	3.35e-19	80.1	278	808
010_10_RA16_GMCF3029a.meta__NODE_19379_length_789_cov_7.562670_1	REF066_OUT_Rhodobacter_capsulatus_Rhodopseudom_O54051	53.3	261	1	260	118	377	1.21e-85	264	262	777
010_10_RA16_GMCF3029a.meta__NODE_19379_length_789_cov_7.562670_1	REF063_OUT_Bos_taurus_Bovine__P80457	41.4	261	1	260	687	947	5.42e-62	203	262	1332
010_10_RA16_GMCF3029a.meta__NODE_19379_length_789_cov_7.562670_1	REF064_OUT_Escherichia_coli_strain_K12__Q46799	31.2	269	1	258	120	383	4.95e-28	105	262	752
010_10_RA16_GMCF3029a.meta__NODE_19379_length_789_cov_7.562670_1	REF065_OUT_Megalodesulfovibrio_gigas_Desulfovi_Q46509	26.0	269	1	260	302	568	1.18e-23	92.8	262	907
010_10_RA16_GMCF3029a.meta__NODE_19379_length_789_cov_7.562670_1	REF055_FII_Pseudonocardia_asaccharolytica_DSM__A0A511CWW9	31.4	204	58	258	190	389	1.18e-20	84.0	262	757
010_10_RA16_GMCF3029a.meta__NODE_19834_length_782_cov_1.607978_1	REF066_OUT_Rhodobacter_capsulatus_Rhodopseudom_O54051	45.9	257	1	257	449	683	5.02e-63	204	260	777
010_10_RA16_GMCF3029a.meta__NODE_19834_length_782_cov_1.607978_1	REF063_OUT_Bos_taurus_Bovine__P80457	38.4	255	6	260	1004	1217	1.71e-44	153	260	1332
010_10_RA16_GMCF3029a.meta__NODE_19834_length_782_cov_1.607978_1	REF044_FII_Sulfoacidibacillus_ferrooxidans_A0A9X1V6V7	31.5	241	20	260	479	696	2.81e-20	82.8	260	784
010_10_RA16_GMCF3029a.meta__NODE_19834_length_782_cov_1.607978_1	REF035_FII_Ardenticatena_maritima_A0A0M8K8I5	27.2	239	20	258	485	698	1.55e-17	74.7	260	789
010_10_RA16_GMCF3029a.meta__NODE_19834_length_782_cov_1.607978_1	REF038_FII_Kyrpidia_spormannii_A0A2K8N8V7	27.8	241	20	260	479	694	6.92e-17	72.8	260	780
010_10_RA16_GMCF3029a.meta__NODE_20868_length_764_cov_4.671368_1	REF066_OUT_Rhodobacter_capsulatus_Rhodopseudom_O54051	49.2	254	1	254	359	604	5.79e-68	217	254	777
010_10_RA16_GMCF3029a.meta__NODE_20868_length_764_cov_4.671368_1	REF063_OUT_Bos_taurus_Bovine__P80457	39.1	202	53	254	953	1135	1.23e-37	133	254	1332
010_10_RA16_GMCF3029a.meta__NODE_29001_length_662_cov_3.433278_2	REF066_OUT_Rhodobacter_capsulatus_Rhodopseudom_O54051	54.3	46	1	46	727	770	4.89e-11	48.5	56	777
010_10_RA16_GMCF3029a.meta__NODE_29682_length_655_cov_3.586667_1	REF063_OUT_Bos_taurus_Bovine__P80457	39.6	111	1	110	6	112	5.90e-20	77.4	130	1332
010_10_RA16_GMCF3029a.meta__NODE_29763_length_654_cov_4.799666_1	REF063_OUT_Bos_taurus_Bovine__P80457	31.1	251	5	217	69	306	4.64e-33	118	217	1332
010_10_RA16_GMCF3029a.meta__NODE_29763_length_654_cov_4.799666_1	REF065_OUT_Megalodesulfovibrio_gigas_Desulfovi_Q46509	35.9	103	4	103	55	148	7.46e-14	62.8	217	907
010_10_RA16_GMCF3029a.meta__NODE_32052_length_633_cov_3.269896_1	REF037_FII_Fibrella_aestuarina_BUZ_2_I0KFJ2	28.2	202	11	193	68	267	4.64e-14	63.2	210	796
010_10_RA16_GMCF3029a.meta__NODE_32052_length_633_cov_3.269896_1	REF035_FII_Ardenticatena_maritima_A0A0M8K8I5	25.1	219	2	207	58	270	1.28e-12	58.9	210	789
010_10_RA16_GMCF3029a.meta__NODE_32052_length_633_cov_3.269896_1	REF042_FII_Actinomadura_macrotermitis_A0A7K0C220	25.2	206	11	203	60	259	5.75e-12	57.0	210	798
010_10_RA16_GMCF3029a.meta__NODE_32052_length_633_cov_3.269896_1	REF034_FII_Actinoallomurus_iriomotensis_A0A9W6W744	27.8	209	11	210	63	254	6.25e-11	53.9	210	751
010_10_RA16_GMCF3029a.meta__NODE_32052_length_633_cov_3.269896_1	REF059_FII_Streptomonospora_litoralis_A0A4P6PZM8	24.8	206	11	203	69	272	8.53e-11	53.5	210	800
010_10_RA16_GMCF3029a.meta__NODE_32237_length_631_cov_4.428819_1	REF066_OUT_Rhodobacter_capsulatus_Rhodopseudom_O54051	48.6	208	2	204	32	234	4.18e-53	174	209	777
010_10_RA16_GMCF3029a.meta__NODE_32237_length_631_cov_4.428819_1	REF063_OUT_Bos_taurus_Bovine__P80457	39.7	199	10	207	610	807	1.87e-37	130	209	1332
010_10_RA16_GMCF3029a.meta__NODE_32237_length_631_cov_4.428819_1	REF065_OUT_Megalodesulfovibrio_gigas_Desulfovi_Q46509	31.3	224	1	206	206	429	3.94e-20	80.9	209	907
010_10_RA16_GMCF3029a.meta__NODE_32237_length_631_cov_4.428819_1	REF058_FII_Cupriavidus_laharis_A0ABM8XSX1	30.0	217	10	201	46	262	2.63e-16	69.7	209	791
010_10_RA16_GMCF3029a.meta__NODE_32237_length_631_cov_4.428819_1	REF046_FII_Amycolatopsis_bartoniae_A0A8H9IQQ2	29.7	209	1	201	34	240	5.40e-15	65.9	209	752
010_10_RA16_GMCF3029a.meta__NODE_34864_length_609_cov_3.153430_1	REF063_OUT_Bos_taurus_Bovine__P80457	44.9	156	9	162	8	158	4.97e-39	135	202	1332
010_10_RA16_GMCF3029a.meta__NODE_34864_length_609_cov_3.153430_1	REF065_OUT_Megalodesulfovibrio_gigas_Desulfovi_Q46509	39.5	147	31	174	27	156	3.32e-24	92.4	202	907
010_10_RA16_GMCF3029a.meta__NODE_35307_length_605_cov_5.003636_1	REF055_FII_Pseudonocardia_asaccharolytica_DSM__A0A511CWW9	32.2	177	30	196	348	524	5.36e-16	68.6	201	757
010_10_RA16_GMCF3029a.meta__NODE_35307_length_605_cov_5.003636_1	REF064_OUT_Escherichia_coli_strain_K12__Q46799	33.3	162	30	178	342	497	4.50e-15	65.9	201	752
010_10_RA16_GMCF3029a.meta__NODE_35307_length_605_cov_5.003636_1	REF046_FII_Amycolatopsis_bartoniae_A0A8H9IQQ2	31.1	177	30	196	341	517	3.76e-14	63.2	201	752
010_10_RA16_GMCF3029a.meta__NODE_35307_length_605_cov_5.003636_1	REF049_FII_Gandjariella_thermophila_A0A4D4J4W8	32.0	200	11	192	318	513	9.33e-14	62.0	201	752
010_10_RA16_GMCF3029a.meta__NODE_35307_length_605_cov_5.003636_1	REF034_FII_Actinoallomurus_iriomotensis_A0A9W6W744	30.0	170	30	189	340	509	4.24e-13	60.1	201	751
010_10_RA16_GMCF3029a.meta__NODE_35614_length_603_cov_2.587591_1	REF011_FI_Actibacterium_lipolyticum_A0A238JPJ5	95.5	200	1	200	464	663	7.78e-131	380	200	806
010_10_RA16_GMCF3029a.meta__NODE_35614_length_603_cov_2.587591_1	REF030_FI_Roseovarius_gaetbuli_A0A1X6ZH08	93.0	200	1	200	463	662	2.91e-127	370	200	805
010_10_RA16_GMCF3029a.meta__NODE_35614_length_603_cov_2.587591_1	REF027_FI_Pseudorhizobium_banfieldiae_L0NNE2	90.5	200	1	200	464	663	6.58e-126	367	200	806
010_10_RA16_GMCF3029a.meta__NODE_35614_length_603_cov_2.587591_1	REF031_FI_Ruegeria_arenilitoris_A0A238KMA5	90.0	200	1	200	463	662	5.04e-125	365	200	805
010_10_RA16_GMCF3029a.meta__NODE_35614_length_603_cov_2.587591_1	REF015_FI_Antarctobacter_heliothermus_A0A222E7I6	90.0	200	1	200	463	662	4.83e-122	357	200	805
010_10_RA16_GMCF3029a.meta__NODE_36113_length_599_cov_3.733456_1	REF066_OUT_Rhodobacter_capsulatus_Rhodopseudom_O54051	57.4	183	2	184	556	738	7.71e-70	219	199	777
010_10_RA16_GMCF3029a.meta__NODE_36113_length_599_cov_3.733456_1	REF063_OUT_Bos_taurus_Bovine__P80457	48.5	171	27	197	1112	1282	3.86e-49	164	199	1332
010_10_RA16_GMCF3029a.meta__NODE_36113_length_599_cov_3.733456_1	REF035_FII_Ardenticatena_maritima_A0A0M8K8I5	28.8	212	1	197	572	766	4.33e-15	65.9	199	789
010_10_RA16_GMCF3029a.meta__NODE_36113_length_599_cov_3.733456_1	REF041_FII_Actibacterium_lipolyticum_A0A238JRA4	37.0	81	71	151	615	695	4.07e-13	60.1	199	765
010_10_RA16_GMCF3029a.meta__NODE_37029_length_592_cov_4.484171_1	REF066_OUT_Rhodobacter_capsulatus_Rhodopseudom_O54051	53.8	208	1	197	347	550	6.85e-60	192	197	777
010_10_RA16_GMCF3029a.meta__NODE_37029_length_592_cov_4.484171_1	REF063_OUT_Bos_taurus_Bovine__P80457	38.7	194	1	194	917	1097	3.73e-36	126	197	1332
010_10_RA16_GMCF3029a.meta__NODE_37029_length_592_cov_4.484171_1	REF064_OUT_Escherichia_coli_strain_K12__Q46799	31.5	168	1	168	355	507	3.43e-14	63.2	197	752
010_10_RA16_GMCF3029a.meta__NODE_37029_length_592_cov_4.484171_1	REF046_FII_Amycolatopsis_bartoniae_A0A8H9IQQ2	23.6	191	1	191	354	531	2.66e-11	54.7	197	752
010_10_RA16_GMCF3029a.meta__NODE_38171_length_584_cov_6.302457_2	REF064_OUT_Escherichia_coli_strain_K12__Q46799	35.0	140	30	169	604	742	1.14e-21	84.0	172	752
010_10_RA16_GMCF3029a.meta__NODE_38171_length_584_cov_6.302457_2	REF044_FII_Sulfoacidibacillus_ferrooxidans_A0A9X1V6V7	35.2	142	31	169	634	773	1.15e-21	84.0	172	784
010_10_RA16_GMCF3029a.meta__NODE_38171_length_584_cov_6.302457_2	REF061_FII_Streptomyces_smaragdinus_A0A7K0CAR3	33.8	142	31	169	633	772	9.97e-21	81.3	172	791
010_10_RA16_GMCF3029a.meta__NODE_38171_length_584_cov_6.302457_2	REF016_FI_Mycobacterium_attenuatum_A0A498PSI1	38.0	142	31	169	651	790	1.85e-20	80.5	172	802
010_10_RA16_GMCF3029a.meta__NODE_38171_length_584_cov_6.302457_2	REF036_FII_Calidithermus_roseus_A0A399EKG8	36.7	139	31	169	619	755	3.40e-20	79.7	172	764
010_10_RA16_GMCF3029a.meta__NODE_39075_length_578_cov_4.024857_1	REF065_OUT_Megalodesulfovibrio_gigas_Desulfovi_Q46509	42.3	149	3	146	6	154	3.91e-32	113	153	907
010_10_RA16_GMCF3029a.meta__NODE_39075_length_578_cov_4.024857_1	REF063_OUT_Bos_taurus_Bovine__P80457	36.3	157	5	148	10	166	3.47e-24	90.5	153	1332
010_10_RA16_GMCF3029a.meta__NODE_39889_length_573_cov_3.249035_1	REF066_OUT_Rhodobacter_capsulatus_Rhodopseudom_O54051	47.6	124	37	160	9	132	1.19e-28	104	190	777
010_10_RA16_GMCF3029a.meta__NODE_39889_length_573_cov_3.249035_1	REF063_OUT_Bos_taurus_Bovine__P80457	37.9	124	37	160	579	701	2.11e-19	78.2	190	1332
010_10_RA16_GMCF3029a.meta__NODE_39889_length_573_cov_3.249035_1	REF034_FII_Actinoallomurus_iriomotensis_A0A9W6W744	35.5	124	48	169	21	142	3.54e-17	71.6	190	751
010_10_RA16_GMCF3029a.meta__NODE_39889_length_573_cov_3.249035_1	REF050_FII_Blastochloris_viridis_Rhodopseudomo_A0A0H5BCZ6	36.0	139	44	168	19	156	8.93e-17	70.5	190	788
010_10_RA16_GMCF3029a.meta__NODE_39889_length_573_cov_3.249035_1	REF058_FII_Cupriavidus_laharis_A0ABM8XSX1	37.4	131	44	160	23	152	1.21e-16	70.1	190	791
010_10_RA16_GMCF3029a.meta__NODE_40207_length_571_cov_3.098837_1	REF063_OUT_Bos_taurus_Bovine__P80457	26.2	191	12	188	224	414	1.30e-20	81.6	189	1332
010_10_RA16_GMCF3029a.meta__NODE_40598_length_569_cov_1.694553_1	REF066_OUT_Rhodobacter_capsulatus_Rhodopseudom_O54051	62.3	154	1	154	627	777	6.95e-59	188	155	777
010_10_RA16_GMCF3029a.meta__NODE_40598_length_569_cov_1.694553_1	REF063_OUT_Bos_taurus_Bovine__P80457	57.0	149	1	143	1158	1305	1.75e-46	154	155	1332
010_10_RA16_GMCF3029a.meta__NODE_40598_length_569_cov_1.694553_1	REF035_FII_Ardenticatena_maritima_A0A0M8K8I5	33.6	152	2	149	642	783	2.45e-17	70.9	155	789
010_10_RA16_GMCF3029a.meta__NODE_40598_length_569_cov_1.694553_1	REF054_FII_Cereibacter_sphaeroides_strain_ATCC_Q3J2E6	32.2	149	4	148	647	789	6.19e-17	69.7	155	790
010_10_RA16_GMCF3029a.meta__NODE_40598_length_569_cov_1.694553_1	REF040_FII_Nitrolancea_hollandica_Lb_I4ED45	30.9	149	7	151	644	782	3.40e-15	64.7	155	784
010_10_RA16_GMCF3029a.meta__NODE_41270_length_564_cov_4.288802_1	REF066_OUT_Rhodobacter_capsulatus_Rhodopseudom_O54051	45.5	187	1	187	278	451	1.57e-50	166	187	777
010_10_RA16_GMCF3029a.meta__NODE_41270_length_564_cov_4.288802_1	REF063_OUT_Bos_taurus_Bovine__P80457	46.1	102	1	102	848	949	1.92e-23	89.7	187	1332
010_10_RA16_GMCF3029a.meta__NODE_41270_length_564_cov_4.288802_1	REF041_FII_Actibacterium_lipolyticum_A0A238JRA4	33.0	103	1	98	298	397	4.76e-12	56.6	187	765
010_10_RA16_GMCF3029a.meta__NODE_41270_length_564_cov_4.288802_1	REF049_FII_Gandjariella_thermophila_A0A4D4J4W8	38.0	79	36	112	320	398	2.92e-11	54.3	187	752
010_10_RA16_GMCF3029a.meta__NODE_41270_length_564_cov_4.288802_1	REF039_FII_Luteitalea_pratensis_A0A143PSW7	35.5	76	26	101	336	411	2.94e-11	54.3	187	787
010_10_RA16_GMCF3029a.meta__NODE_44023_length_548_cov_2.665314_2	REF065_OUT_Megalodesulfovibrio_gigas_Desulfovi_Q46509	42.8	145	1	140	10	154	9.14e-33	114	147	907
010_10_RA16_GMCF3029a.meta__NODE_44023_length_548_cov_2.665314_2	REF063_OUT_Bos_taurus_Bovine__P80457	37.0	146	9	142	21	166	8.20e-25	92.0	147	1332
010_10_RA16_GMCF3029a.meta__NODE_44694_length_544_cov_4.752556_1	REF066_OUT_Rhodobacter_capsulatus_Rhodopseudom_O54051	58.2	177	5	181	556	732	3.88e-70	219	181	777
010_10_RA16_GMCF3029a.meta__NODE_44694_length_544_cov_4.752556_1	REF063_OUT_Bos_taurus_Bovine__P80457	50.7	152	30	181	1112	1263	9.78e-47	156	181	1332
010_10_RA16_GMCF3029a.meta__NODE_44694_length_544_cov_4.752556_1	REF035_FII_Ardenticatena_maritima_A0A0M8K8I5	29.9	177	15	179	583	742	1.50e-15	66.6	181	789
010_10_RA16_GMCF3029a.meta__NODE_44694_length_544_cov_4.752556_1	REF041_FII_Actibacterium_lipolyticum_A0A238JRA4	37.0	81	74	154	615	695	1.46e-13	60.8	181	765
010_10_RA16_GMCF3029a.meta__NODE_46039_length_537_cov_3.346473_1	REF011_FI_Actibacterium_lipolyticum_A0A238JPJ5	93.3	178	1	178	245	422	3.82e-119	348	178	806
010_10_RA16_GMCF3029a.meta__NODE_46039_length_537_cov_3.346473_1	REF027_FI_Pseudorhizobium_banfieldiae_L0NNE2	91.0	178	1	178	245	422	2.56e-116	341	178	806
010_10_RA16_GMCF3029a.meta__NODE_46039_length_537_cov_3.346473_1	REF025_FI_Phaeobacter_gallaeciensis_A0A1B0ZWG3	90.4	177	1	177	243	419	6.84e-116	340	178	804
010_10_RA16_GMCF3029a.meta__NODE_46039_length_537_cov_3.346473_1	REF030_FI_Roseovarius_gaetbuli_A0A1X6ZH08	89.3	178	1	178	244	421	2.35e-113	333	178	805
010_10_RA16_GMCF3029a.meta__NODE_46039_length_537_cov_3.346473_1	REF020_FI_Maliponia_aquimaris_A0A238KQS5	86.0	178	1	178	244	421	2.81e-111	328	178	805
010_10_RA16_GMCF3029a.meta__NODE_48161_length_526_cov_3.369427_1	REF063_OUT_Bos_taurus_Bovine__P80457	52.1	73	1	68	87	158	2.93e-20	80.1	175	1332
010_10_RA16_GMCF3029a.meta__NODE_48161_length_526_cov_3.369427_1	REF065_OUT_Megalodesulfovibrio_gigas_Desulfovi_Q46509	39.3	135	1	125	75	201	2.08e-16	68.9	175	907
010_10_RA16_GMCF3029a.meta__NODE_49110_length_521_cov_6.045064_1	REF066_OUT_Rhodobacter_capsulatus_Rhodopseudom_O54051	48.1	158	15	172	148	304	1.78e-46	154	173	777
010_10_RA16_GMCF3029a.meta__NODE_49110_length_521_cov_6.045064_1	REF063_OUT_Bos_taurus_Bovine__P80457	40.9	164	10	172	711	874	3.98e-38	131	173	1332
010_10_RA16_GMCF3029a.meta__NODE_49602_length_519_cov_3.234914_1	REF063_OUT_Bos_taurus_Bovine__P80457	28.6	210	1	171	112	310	2.67e-20	80.1	172	1332
010_10_RA16_GMCF3029a.meta__NODE_49602_length_519_cov_3.234914_1	REF065_OUT_Megalodesulfovibrio_gigas_Desulfovi_Q46509	41.7	60	1	58	99	148	5.31e-11	53.1	172	907
010_10_RA16_GMCF3029a.meta__NODE_51584_length_510_cov_3.010989_1	REF064_OUT_Escherichia_coli_strain_K12__Q46799	26.8	138	2	138	157	294	1.93e-11	54.3	169	752
010_10_RA16_GMCF3029a.meta__NODE_51584_length_510_cov_3.010989_1	REF053_FII_Nocardioides_aquaticus_A0ABX8EDS7	27.8	162	14	164	196	357	4.89e-11	53.1	169	828
010_10_RA16_GMCF3029a.meta__NODE_52000_length_508_cov_3.644592_1	REF065_OUT_Megalodesulfovibrio_gigas_Desulfovi_Q46509	38.7	137	5	137	6	142	1.36e-27	99.8	142	907
010_10_RA16_GMCF3029a.meta__NODE_52000_length_508_cov_3.644592_1	REF063_OUT_Bos_taurus_Bovine__P80457	36.1	144	7	137	10	153	3.24e-24	90.1	142	1332
010_10_RA16_GMCF3029a.meta__NODE_52821_length_505_cov_1.793333_1	REF063_OUT_Bos_taurus_Bovine__P80457	41.6	149	1	149	30	158	4.88e-32	113	167	1332
010_10_RA16_GMCF3029a.meta__NODE_52821_length_505_cov_1.793333_1	REF065_OUT_Megalodesulfovibrio_gigas_Desulfovi_Q46509	34.0	153	1	150	27	148	5.31e-24	90.5	167	907
010_10_RA16_GMCF3029a.meta__NODE_53065_length_503_cov_9.783482_1	REF066_OUT_Rhodobacter_capsulatus_Rhodopseudom_O54051	49.3	71	22	92	8	78	8.67e-17	66.6	92	777
010_10_RA16_GMCF3029a.meta__NODE_53065_length_503_cov_9.783482_1	REF063_OUT_Bos_taurus_Bovine__P80457	42.9	70	22	91	578	647	1.16e-13	57.8	92	1332
010_10_RA16_GMCF3029a.meta__NODE_53065_length_503_cov_9.783482_1	REF037_FII_Fibrella_aestuarina_BUZ_2_I0KFJ2	46.9	64	30	91	25	87	3.12e-11	50.8	92	796
010_10_RA16_GMCF3029a.meta__NODE_53670_length_501_cov_2.928251_1	REF036_FII_Calidithermus_roseus_A0A399EKG8	34.7	98	55	146	645	742	7.17e-12	55.1	154	764
010_10_RA16_GMCF3029a.meta__NODE_53670_length_501_cov_2.928251_1	REF038_FII_Kyrpidia_spormannii_A0A2K8N8V7	34.4	96	55	144	658	753	1.33e-11	54.3	154	780
010_10_RA16_GMCF3029a.meta__NODE_53670_length_501_cov_2.928251_1	REF064_OUT_Escherichia_coli_strain_K12__Q46799	30.1	113	46	151	622	734	4.51e-11	52.8	154	752
010_10_RA16_GMCF3029a.sc__NODE_117_length_6035_cov_9.469231_1	REF036_FII_Calidithermus_roseus_A0A399EKG8	29.2	295	1	294	483	755	8.66e-22	88.2	296	764
010_10_RA16_GMCF3029a.sc__NODE_117_length_6035_cov_9.469231_1	REF033_FII_Acidiphilium_multivorum_strain_DSM__F0J165	27.7	303	1	294	511	787	1.60e-21	87.4	296	801
010_10_RA16_GMCF3029a.sc__NODE_117_length_6035_cov_9.469231_1	REF058_FII_Cupriavidus_laharis_A0ABM8XSX1	28.2	280	1	279	504	764	9.60e-21	85.1	296	791
010_10_RA16_GMCF3029a.sc__NODE_117_length_6035_cov_9.469231_1	REF056_FII_Comamonas_aquatilis_A0ACE2T5A2	29.4	289	1	279	509	768	1.75e-20	84.3	296	795
010_10_RA16_GMCF3029a.sc__NODE_117_length_6035_cov_9.469231_1	REF054_FII_Cereibacter_sphaeroides_strain_ATCC_Q3J2E6	28.3	283	1	279	504	763	4.27e-20	83.2	296	790
010_10_RA16_GMCF3029a.sc__NODE_204_length_5155_cov_8.178431_4	REF064_OUT_Escherichia_coli_strain_K12__Q46799	24.6	342	256	569	62	382	4.97e-12	61.6	738	752
010_10_RA16_GMCF3029a.sc__NODE_204_length_5155_cov_8.178431_5	REF065_OUT_Megalodesulfovibrio_gigas_Desulfovi_Q46509	39.1	151	4	150	6	156	2.04e-30	108	151	907
010_10_RA16_GMCF3029a.sc__NODE_204_length_5155_cov_8.178431_5	REF063_OUT_Bos_taurus_Bovine__P80457	34.7	147	6	139	10	156	7.41e-21	80.9	151	1332
010_10_RA16_GMCF3029a.sc__NODE_286_length_4647_cov_5.839721_6	REF066_OUT_Rhodobacter_capsulatus_Rhodopseudom_O54051	49.4	77	3	79	708	771	1.15e-18	71.6	85	777
010_10_RA16_GMCF3029a.sc__NODE_286_length_4647_cov_5.839721_6	REF063_OUT_Bos_taurus_Bovine__P80457	41.7	72	3	74	1239	1305	5.14e-12	52.8	85	1332
010_10_RA16_GMCF3029a.sc__NODE_334_length_4456_cov_8.431493_2	REF063_OUT_Bos_taurus_Bovine__P80457	31.5	536	7	504	2	533	2.54e-69	234	529	1332
010_10_RA16_GMCF3029a.sc__NODE_334_length_4456_cov_8.431493_2	REF065_OUT_Megalodesulfovibrio_gigas_Desulfovi_Q46509	41.5	135	33	164	25	148	4.00e-25	102	529	907
010_10_RA16_GMCF3029a.sc__NODE_474_length_3931_cov_13.201238_2	REF014_FI_Deinococcus_caeni_A0ABP9UI58	23.6	402	187	551	13	404	1.33e-15	73.2	732	792
010_10_RA16_GMCF3029a.sc__NODE_474_length_3931_cov_13.201238_2	REF003_FI_Thermomicrobium_roseum_strain_ATCC__B9L450	22.8	404	198	551	13	396	2.44e-13	65.9	732	781
010_10_RA16_GMCF3029a.sc__NODE_474_length_3931_cov_13.201238_2	REF035_FII_Ardenticatena_maritima_A0A0M8K8I5	23.7	409	189	551	4	399	8.68e-12	60.8	732	789
010_10_RA16_GMCF3029a.sc__NODE_474_length_3931_cov_13.201238_2	REF064_OUT_Escherichia_coli_strain_K12__Q46799	27.8	133	598	723	608	737	3.35e-11	58.9	732	752
010_10_RA16_GMCF3029a.sc__NODE_474_length_3931_cov_13.201238_3	REF065_OUT_Megalodesulfovibrio_gigas_Desulfovi_Q46509	37.0	154	5	154	6	159	2.13e-29	105	156	907
010_10_RA16_GMCF3029a.sc__NODE_474_length_3931_cov_13.201238_3	REF063_OUT_Bos_taurus_Bovine__P80457	34.7	144	7	137	10	153	8.46e-23	86.7	156	1332
010_10_RA16_GMCF3029a.sc__NODE_1218_length_2862_cov_8.169932_1	REF013_FI_Capillimicrobium_parvum_A0A9E6Y1X1	27.1	284	89	330	8	290	1.74e-15	72.4	621	807
010_10_RA16_GMCF3029a.sc__NODE_1218_length_2862_cov_8.169932_1	REF035_FII_Ardenticatena_maritima_A0A0M8K8I5	26.8	310	93	349	6	307	2.98e-15	71.6	621	789
010_10_RA16_GMCF3029a.sc__NODE_1218_length_2862_cov_8.169932_1	REF003_FI_Thermomicrobium_roseum_strain_ATCC__B9L450	26.0	285	93	335	7	288	2.05e-14	68.9	621	781
010_10_RA16_GMCF3029a.sc__NODE_1218_length_2862_cov_8.169932_1	REF040_FII_Nitrolancea_hollandica_Lb_I4ED45	26.1	414	93	448	5	400	3.57e-14	68.2	621	784
010_10_RA16_GMCF3029a.sc__NODE_1218_length_2862_cov_8.169932_1	REF047_FII_Meiothermus_granaticius_NBRC_107808_A0A399F9R8	26.8	291	93	333	4	288	6.21e-14	67.4	621	789
010_10_RA16_GMCF3029a.sc__NODE_2616_length_2156_cov_4.406949_2	REF064_OUT_Escherichia_coli_strain_K12__Q46799	33.9	171	11	174	573	742	9.78e-22	84.3	177	752
010_10_RA16_GMCF3029a.sc__NODE_2616_length_2156_cov_4.406949_2	REF044_FII_Sulfoacidibacillus_ferrooxidans_A0A9X1V6V7	32.2	177	6	174	599	773	9.86e-22	84.3	177	784
010_10_RA16_GMCF3029a.sc__NODE_2616_length_2156_cov_4.406949_2	REF061_FII_Streptomyces_smaragdinus_A0A7K0CAR3	33.8	142	36	174	633	772	1.16e-20	81.3	177	791
010_10_RA16_GMCF3029a.sc__NODE_2616_length_2156_cov_4.406949_2	REF016_FI_Mycobacterium_attenuatum_A0A498PSI1	38.0	142	36	174	651	790	2.15e-20	80.5	177	802
010_10_RA16_GMCF3029a.sc__NODE_2616_length_2156_cov_4.406949_2	REF036_FII_Calidithermus_roseus_A0A399EKG8	36.7	139	36	174	619	755	3.94e-20	79.7	177	764
010_10_RA16_GMCF3029a.sc__NODE_3456_length_1928_cov_9.580886_1	REF066_OUT_Rhodobacter_capsulatus_Rhodopseudom_O54051	52.0	479	15	478	55	532	9.73e-158	460	478	777
010_10_RA16_GMCF3029a.sc__NODE_3456_length_1928_cov_9.580886_1	REF063_OUT_Bos_taurus_Bovine__P80457	42.1	470	8	476	618	1080	1.71e-111	351	478	1332
010_10_RA16_GMCF3029a.sc__NODE_3456_length_1928_cov_9.580886_1	REF064_OUT_Escherichia_coli_strain_K12__Q46799	28.7	428	51	467	93	507	1.37e-39	145	478	752
010_10_RA16_GMCF3029a.sc__NODE_3456_length_1928_cov_9.580886_1	REF065_OUT_Megalodesulfovibrio_gigas_Desulfovi_Q46509	26.0	488	3	469	218	691	4.15e-36	135	478	907
010_10_RA16_GMCF3029a.sc__NODE_3456_length_1928_cov_9.580886_1	REF046_FII_Amycolatopsis_bartoniae_A0A8H9IQQ2	26.9	469	12	468	56	509	7.82e-32	122	478	752
010_10_RA16_GMCF3029a.sc__NODE_3456_length_1928_cov_9.580886_2	REF066_OUT_Rhodobacter_capsulatus_Rhodopseudom_O54051	48.5	130	29	158	8	137	8.76e-33	115	164	777
010_10_RA16_GMCF3029a.sc__NODE_3456_length_1928_cov_9.580886_2	REF063_OUT_Bos_taurus_Bovine__P80457	43.1	130	29	158	578	706	1.93e-26	97.4	164	1332
010_10_RA16_GMCF3029a.sc__NODE_3456_length_1928_cov_9.580886_2	REF050_FII_Blastochloris_viridis_Rhodopseudomo_A0A0H5BCZ6	34.8	138	37	160	19	155	2.68e-20	79.7	164	788
010_10_RA16_GMCF3029a.sc__NODE_3456_length_1928_cov_9.580886_2	REF058_FII_Cupriavidus_laharis_A0ABM8XSX1	36.3	135	37	157	23	156	7.97e-19	75.5	164	791
010_10_RA16_GMCF3029a.sc__NODE_3456_length_1928_cov_9.580886_2	REF045_FII_Albidovulum_aquaemixtae_A0A2R8B4Q9	34.1	135	37	159	20	150	4.36e-17	70.5	164	788
010_10_RA16_GMCF3029a.sc__NODE_5737_length_1552_cov_3.560454_1	REF066_OUT_Rhodobacter_capsulatus_Rhodopseudom_O54051	58.5	41	3	43	311	351	6.37e-13	53.1	43	777
010_10_RA16_GMCF3029a.sc__NODE_5737_length_1552_cov_3.560454_3	REF066_OUT_Rhodobacter_capsulatus_Rhodopseudom_O54051	47.4	274	17	289	9	281	4.92e-76	240	291	777
010_10_RA16_GMCF3029a.sc__NODE_5737_length_1552_cov_3.560454_3	REF063_OUT_Bos_taurus_Bovine__P80457	37.7	273	17	288	579	850	7.01e-55	184	291	1332
010_10_RA16_GMCF3029a.sc__NODE_5737_length_1552_cov_3.560454_3	REF036_FII_Calidithermus_roseus_A0A399EKG8	28.9	284	24	289	27	304	1.30e-22	90.5	291	764
010_10_RA16_GMCF3029a.sc__NODE_5737_length_1552_cov_3.560454_3	REF065_OUT_Megalodesulfovibrio_gigas_Desulfovi_Q46509	27.1	258	38	277	205	460	3.38e-22	89.4	291	907
010_10_RA16_GMCF3029a.sc__NODE_5737_length_1552_cov_3.560454_3	REF031_FI_Ruegeria_arenilitoris_A0A238KMA5	30.1	279	26	274	33	304	2.15e-20	84.0	291	805
010_10_RA16_GMCF3029a.sc__NODE_6607_length_1456_cov_5.508922_1	REF066_OUT_Rhodobacter_capsulatus_Rhodopseudom_O54051	49.5	483	5	482	83	552	4.06e-143	422	484	777
010_10_RA16_GMCF3029a.sc__NODE_6607_length_1456_cov_5.508922_1	REF063_OUT_Bos_taurus_Bovine__P80457	38.1	483	1	481	648	1101	9.22e-95	305	484	1332
010_10_RA16_GMCF3029a.sc__NODE_6607_length_1456_cov_5.508922_1	REF064_OUT_Escherichia_coli_strain_K12__Q46799	25.7	447	13	451	93	507	1.45e-32	124	484	752
010_10_RA16_GMCF3029a.sc__NODE_6607_length_1456_cov_5.508922_1	REF065_OUT_Megalodesulfovibrio_gigas_Desulfovi_Q46509	26.9	427	4	421	266	656	7.95e-30	116	484	907
010_10_RA16_GMCF3029a.sc__NODE_6607_length_1456_cov_5.508922_1	REF034_FII_Actinoallomurus_iriomotensis_A0A9W6W744	23.0	492	5	484	84	541	1.74e-25	102	484	751
010_10_RA16_GMCF3029a.sc__NODE_7150_length_1411_cov_2.589233_1	REF066_OUT_Rhodobacter_capsulatus_Rhodopseudom_O54051	43.7	476	8	464	9	483	2.16e-124	374	470	777
010_10_RA16_GMCF3029a.sc__NODE_7150_length_1411_cov_2.589233_1	REF063_OUT_Bos_taurus_Bovine__P80457	38.9	458	8	464	579	1033	3.84e-98	314	470	1332
010_10_RA16_GMCF3029a.sc__NODE_7150_length_1411_cov_2.589233_1	REF065_OUT_Megalodesulfovibrio_gigas_Desulfovi_Q46509	26.3	483	1	463	175	647	8.27e-37	137	470	907
010_10_RA16_GMCF3029a.sc__NODE_7150_length_1411_cov_2.589233_1	REF064_OUT_Escherichia_coli_strain_K12__Q46799	26.6	474	13	462	7	467	1.12e-33	127	470	752
010_10_RA16_GMCF3029a.sc__NODE_7150_length_1411_cov_2.589233_1	REF051_FII_Modestobacter_italicus_strain_DSM_4_I4F486	26.4	455	1	432	3	448	4.33e-30	116	470	763
010_10_RA16_GMCF3029a.sc__NODE_7214_length_1406_cov_4.330126_2	REF011_FI_Actibacterium_lipolyticum_A0A238JPJ5	90.9	342	1	342	464	805	6.06e-231	642	344	806
010_10_RA16_GMCF3029a.sc__NODE_7214_length_1406_cov_4.330126_2	REF031_FI_Ruegeria_arenilitoris_A0A238KMA5	89.8	342	1	342	463	804	7.21e-227	632	344	805
010_10_RA16_GMCF3029a.sc__NODE_7214_length_1406_cov_4.330126_2	REF027_FI_Pseudorhizobium_banfieldiae_L0NNE2	88.3	342	1	342	464	805	1.50e-226	631	344	806
010_10_RA16_GMCF3029a.sc__NODE_7214_length_1406_cov_4.330126_2	REF015_FI_Antarctobacter_heliothermus_A0A222E7I6	88.6	342	1	342	463	804	9.50e-225	626	344	805
010_10_RA16_GMCF3029a.sc__NODE_7214_length_1406_cov_4.330126_2	REF030_FI_Roseovarius_gaetbuli_A0A1X6ZH08	88.3	342	1	342	463	804	3.10e-223	622	344	805
010_10_RA16_GMCF3029a.sc__NODE_7480_length_1384_cov_8.696764_1	REF066_OUT_Rhodobacter_capsulatus_Rhodopseudom_O54051	58.8	216	1	216	477	692	1.49e-80	249	225	777
010_10_RA16_GMCF3029a.sc__NODE_7480_length_1384_cov_8.696764_1	REF063_OUT_Bos_taurus_Bovine__P80457	45.8	214	1	214	1027	1221	1.74e-50	169	225	1332
010_10_RA16_GMCF3029a.sc__NODE_7480_length_1384_cov_8.696764_1	REF038_FII_Kyrpidia_spormannii_A0A2K8N8V7	28.1	217	1	214	488	698	4.02e-18	75.5	225	780
010_10_RA16_GMCF3029a.sc__NODE_7480_length_1384_cov_8.696764_1	REF035_FII_Ardenticatena_maritima_A0A0M8K8I5	30.0	217	1	214	494	704	3.36e-17	72.8	225	789
010_10_RA16_GMCF3029a.sc__NODE_7480_length_1384_cov_8.696764_1	REF049_FII_Gandjariella_thermophila_A0A4D4J4W8	27.6	214	1	214	464	668	1.51e-16	70.9	225	752
010_10_RA16_GMCF3029a.sc__NODE_7480_length_1384_cov_8.696764_2	REF066_OUT_Rhodobacter_capsulatus_Rhodopseudom_O54051	58.1	246	1	246	477	722	7.14e-93	283	250	777
010_10_RA16_GMCF3029a.sc__NODE_7480_length_1384_cov_8.696764_2	REF063_OUT_Bos_taurus_Bovine__P80457	46.0	239	1	239	1027	1246	2.76e-58	192	250	1332
010_10_RA16_GMCF3029a.sc__NODE_7480_length_1384_cov_8.696764_2	REF038_FII_Kyrpidia_spormannii_A0A2K8N8V7	27.6	232	1	229	488	713	1.87e-19	80.1	250	780
010_10_RA16_GMCF3029a.sc__NODE_7480_length_1384_cov_8.696764_2	REF035_FII_Ardenticatena_maritima_A0A0M8K8I5	29.3	232	1	229	494	719	8.48e-19	78.2	250	789
010_10_RA16_GMCF3029a.sc__NODE_7480_length_1384_cov_8.696764_2	REF058_FII_Cupriavidus_laharis_A0ABM8XSX1	30.8	237	1	229	497	723	5.17e-18	75.9	250	791
010_10_RA16_GMCF3029a.sc__NODE_7507_length_1383_cov_2.603163_1	REF023_FI_Rhodococcus_gordoniae_A0A379LVU4	41.8	146	25	162	644	789	3.87e-31	110	166	797
010_10_RA16_GMCF3029a.sc__NODE_7507_length_1383_cov_2.603163_1	REF016_FI_Mycobacterium_attenuatum_A0A498PSI1	41.8	146	25	162	649	794	9.81e-31	109	166	802
010_10_RA16_GMCF3029a.sc__NODE_7507_length_1383_cov_2.603163_1	REF037_FII_Fibrella_aestuarina_BUZ_2_I0KFJ2	43.2	148	25	162	648	795	2.48e-30	108	166	796
010_10_RA16_GMCF3029a.sc__NODE_7507_length_1383_cov_2.603163_1	REF002_FI_Mycolicibacterium_smegmatis_strain__A0QQG4	41.1	146	25	162	646	791	2.48e-30	108	166	799
010_10_RA16_GMCF3029a.sc__NODE_7507_length_1383_cov_2.603163_1	REF064_OUT_Escherichia_coli_strain_K12__Q46799	43.5	131	34	158	612	742	4.55e-30	107	166	752
010_10_RA16_GMCF3029a.sc__NODE_9155_length_1258_cov_3.492103_2	REF066_OUT_Rhodobacter_capsulatus_Rhodopseudom_O54051	51.1	47	1	47	730	774	1.07e-11	50.1	50	777
010_10_RA16_GMCF3029a.sc__NODE_10200_length_1196_cov_3.473269_2	REF065_OUT_Megalodesulfovibrio_gigas_Desulfovi_Q46509	44.6	74	3	74	6	79	5.85e-17	66.2	74	907
010_10_RA16_GMCF3029a.sc__NODE_10992_length_1157_cov_3.235935_1	REF063_OUT_Bos_taurus_Bovine__P80457	45.2	93	1	86	1213	1305	5.14e-19	73.6	104	1332
010_10_RA16_GMCF3029a.sc__NODE_10992_length_1157_cov_3.235935_1	REF066_OUT_Rhodobacter_capsulatus_Rhodopseudom_O54051	43.4	83	5	87	686	767	3.24e-18	71.2	104	777
010_10_RA16_GMCF3029a.sc__NODE_11265_length_1145_cov_3.126606_1	REF036_FII_Calidithermus_roseus_A0A399EKG8	28.6	133	111	237	619	750	3.43e-11	55.5	245	764
010_10_RA16_GMCF3029a.sc__NODE_11686_length_1124_cov_4.007484_1	REF063_OUT_Bos_taurus_Bovine__P80457	31.0	419	3	371	3	414	2.64e-58	197	374	1332
010_10_RA16_GMCF3029a.sc__NODE_11686_length_1124_cov_4.007484_1	REF065_OUT_Megalodesulfovibrio_gigas_Desulfovi_Q46509	35.8	137	28	161	25	148	2.64e-19	82.4	374	907
010_10_RA16_GMCF3029a.sc__NODE_11908_length_1114_cov_4.683664_1	REF063_OUT_Bos_taurus_Bovine__P80457	31.4	417	2	369	8	414	2.75e-59	200	370	1332
010_10_RA16_GMCF3029a.sc__NODE_11908_length_1114_cov_4.683664_1	REF065_OUT_Megalodesulfovibrio_gigas_Desulfovi_Q46509	34.8	141	22	159	25	148	4.37e-20	84.7	370	907
010_10_RA16_GMCF3029a.sc__NODE_12583_length_1087_cov_3.959302_1	REF065_OUT_Megalodesulfovibrio_gigas_Desulfovi_Q46509	37.1	151	5	151	6	156	1.84e-27	101	198	907
010_10_RA16_GMCF3029a.sc__NODE_12583_length_1087_cov_3.959302_1	REF063_OUT_Bos_taurus_Bovine__P80457	36.1	144	7	137	10	153	2.67e-23	89.7	198	1332
010_10_RA16_GMCF3029a.sc__NODE_12583_length_1087_cov_3.959302_2	REF065_OUT_Megalodesulfovibrio_gigas_Desulfovi_Q46509	37.0	154	5	154	6	159	1.00e-28	103	156	907
010_10_RA16_GMCF3029a.sc__NODE_12583_length_1087_cov_3.959302_2	REF063_OUT_Bos_taurus_Bovine__P80457	36.1	144	7	137	10	153	5.24e-24	90.1	156	1332
010_10_RA16_GMCF3029a.sc__NODE_13010_length_1070_cov_5.490640_2	REF063_OUT_Bos_taurus_Bovine__P80457	33.3	318	9	306	2	314	9.25e-47	161	310	1332
010_10_RA16_GMCF3029a.sc__NODE_13010_length_1070_cov_5.490640_2	REF065_OUT_Megalodesulfovibrio_gigas_Desulfovi_Q46509	37.6	141	31	168	21	148	3.63e-22	89.7	310	907
010_10_RA16_GMCF3029a.sc__NODE_13196_length_1063_cov_3.706349_1	REF051_FII_Modestobacter_italicus_strain_DSM_4_I4F486	30.5	272	7	252	486	747	3.30e-25	97.1	254	763
010_10_RA16_GMCF3029a.sc__NODE_13196_length_1063_cov_3.706349_1	REF046_FII_Amycolatopsis_bartoniae_A0A8H9IQQ2	32.5	268	7	252	476	741	2.76e-24	94.4	254	752
010_10_RA16_GMCF3029a.sc__NODE_13196_length_1063_cov_3.706349_1	REF044_FII_Sulfoacidibacillus_ferrooxidans_A0A9X1V6V7	29.0	276	7	252	500	773	1.73e-23	92.0	254	784
010_10_RA16_GMCF3029a.sc__NODE_13196_length_1063_cov_3.706349_1	REF041_FII_Actibacterium_lipolyticum_A0A238JRA4	29.4	269	7	252	488	753	4.26e-23	90.9	254	765
010_10_RA16_GMCF3029a.sc__NODE_13196_length_1063_cov_3.706349_1	REF055_FII_Pseudonocardia_asaccharolytica_DSM__A0A511CWW9	31.1	270	7	249	483	742	5.75e-23	90.5	254	757
010_10_RA16_GMCF3029a.sc__NODE_13349_length_1057_cov_5.397206_2	REF065_OUT_Megalodesulfovibrio_gigas_Desulfovi_Q46509	41.6	149	3	146	6	154	1.77e-33	117	153	907
010_10_RA16_GMCF3029a.sc__NODE_13349_length_1057_cov_5.397206_2	REF063_OUT_Bos_taurus_Bovine__P80457	36.3	157	5	148	10	166	1.87e-24	91.3	153	1332
010_10_RA16_GMCF3029a.sc__NODE_15147_length_997_cov_3.166667_1	REF064_OUT_Escherichia_coli_strain_K12__Q46799	26.8	239	3	227	174	398	2.86e-11	57.0	331	752
010_10_RA16_GMCF3029a.sc__NODE_15656_length_982_cov_5.140237_1	REF063_OUT_Bos_taurus_Bovine__P80457	28.9	349	3	301	69	404	8.47e-42	147	303	1332
010_10_RA16_GMCF3029a.sc__NODE_15656_length_982_cov_5.140237_1	REF065_OUT_Megalodesulfovibrio_gigas_Desulfovi_Q46509	35.9	103	2	101	55	148	3.01e-13	62.8	303	907
010_10_RA16_GMCF3029a.sc__NODE_17563_length_930_cov_3.027429_1	REF066_OUT_Rhodobacter_capsulatus_Rhodopseudom_O54051	48.2	274	37	309	9	281	3.53e-74	236	309	777
010_10_RA16_GMCF3029a.sc__NODE_17563_length_930_cov_3.027429_1	REF063_OUT_Bos_taurus_Bovine__P80457	36.6	273	37	308	579	850	7.83e-52	176	309	1332
010_10_RA16_GMCF3029a.sc__NODE_17563_length_930_cov_3.027429_1	REF064_OUT_Escherichia_coli_strain_K12__Q46799	28.7	282	44	307	9	287	8.16e-22	88.6	309	752
010_10_RA16_GMCF3029a.sc__NODE_17563_length_930_cov_3.027429_1	REF065_OUT_Megalodesulfovibrio_gigas_Desulfovi_Q46509	28.8	274	44	297	189	460	1.18e-21	88.2	309	907
010_10_RA16_GMCF3029a.sc__NODE_17563_length_930_cov_3.027429_1	REF034_FII_Actinoallomurus_iriomotensis_A0A9W6W744	28.7	268	48	307	21	285	1.60e-20	84.7	309	751
010_10_RA16_GMCF3029a.sc__NODE_17749_length_925_cov_4.917241_1	REF066_OUT_Rhodobacter_capsulatus_Rhodopseudom_O54051	50.7	306	9	306	191	496	1.68e-100	305	307	777
010_10_RA16_GMCF3029a.sc__NODE_17749_length_925_cov_4.917241_1	REF063_OUT_Bos_taurus_Bovine__P80457	42.2	308	1	306	752	1046	6.35e-72	234	307	1332
010_10_RA16_GMCF3029a.sc__NODE_17749_length_925_cov_4.917241_1	REF065_OUT_Megalodesulfovibrio_gigas_Desulfovi_Q46509	28.0	282	22	303	397	658	5.20e-24	95.1	307	907
010_10_RA16_GMCF3029a.sc__NODE_17749_length_925_cov_4.917241_1	REF064_OUT_Escherichia_coli_strain_K12__Q46799	27.5	306	3	307	194	483	3.95e-23	92.4	307	752
010_10_RA16_GMCF3029a.sc__NODE_17749_length_925_cov_4.917241_1	REF049_FII_Gandjariella_thermophila_A0A4D4J4W8	24.1	307	4	307	193	484	7.85e-18	76.6	307	752
010_10_RA16_GMCF3029a.sc__NODE_18069_length_918_cov_2.965238_1	REF063_OUT_Bos_taurus_Bovine__P80457	44.0	84	5	81	8	91	1.52e-16	65.5	82	1332
010_10_RA16_GMCF3029a.sc__NODE_18069_length_918_cov_2.965238_1	REF065_OUT_Megalodesulfovibrio_gigas_Desulfovi_Q46509	36.8	76	7	81	8	79	5.52e-11	49.7	82	907
010_10_RA16_GMCF3029a.sc__NODE_18706_length_902_cov_5.268005_1	REF049_FII_Gandjariella_thermophila_A0A4D4J4W8	32.3	313	3	291	210	513	1.48e-28	108	300	752
010_10_RA16_GMCF3029a.sc__NODE_18706_length_902_cov_5.268005_1	REF055_FII_Pseudonocardia_asaccharolytica_DSM__A0A511CWW9	30.9	307	3	295	218	524	3.68e-28	107	300	757
010_10_RA16_GMCF3029a.sc__NODE_18706_length_902_cov_5.268005_1	REF064_OUT_Escherichia_coli_strain_K12__Q46799	29.8	292	3	277	212	497	7.54e-27	103	300	752
010_10_RA16_GMCF3029a.sc__NODE_18706_length_902_cov_5.268005_1	REF046_FII_Amycolatopsis_bartoniae_A0A8H9IQQ2	28.7	310	3	295	212	517	2.31e-24	95.9	300	752
010_10_RA16_GMCF3029a.sc__NODE_18706_length_902_cov_5.268005_1	REF034_FII_Actinoallomurus_iriomotensis_A0A9W6W744	28.4	306	3	288	210	509	4.65e-23	92.0	300	751
010_10_RA16_GMCF3029a.sc__NODE_19036_length_895_cov_1.784524_1	REF063_OUT_Bos_taurus_Bovine__P80457	27.7	285	17	264	4	266	1.42e-27	104	274	1332
010_10_RA16_GMCF3029a.sc__NODE_19036_length_895_cov_1.784524_1	REF065_OUT_Megalodesulfovibrio_gigas_Desulfovi_Q46509	32.9	155	39	192	23	148	5.30e-20	82.4	274	907
010_10_RA16_GMCF3029a.sc__NODE_20152_length_870_cov_3.638037_1	REF066_OUT_Rhodobacter_capsulatus_Rhodopseudom_O54051	47.2	125	22	146	8	132	4.94e-30	108	187	777
010_10_RA16_GMCF3029a.sc__NODE_20152_length_870_cov_3.638037_1	REF063_OUT_Bos_taurus_Bovine__P80457	41.5	142	22	163	578	718	1.40e-25	95.9	187	1332
010_10_RA16_GMCF3029a.sc__NODE_20152_length_870_cov_3.638037_1	REF046_FII_Amycolatopsis_bartoniae_A0A8H9IQQ2	37.1	124	36	156	23	144	7.07e-18	73.6	187	752
010_10_RA16_GMCF3029a.sc__NODE_20152_length_870_cov_3.638037_1	REF058_FII_Cupriavidus_laharis_A0ABM8XSX1	37.4	131	30	146	23	152	1.79e-17	72.4	187	791
010_10_RA16_GMCF3029a.sc__NODE_20152_length_870_cov_3.638037_1	REF034_FII_Actinoallomurus_iriomotensis_A0A9W6W744	35.0	123	36	156	23	143	2.41e-17	72.0	187	751
010_10_RA16_GMCF3029a.sc__NODE_20184_length_869_cov_5.420147_2	REF066_OUT_Rhodobacter_capsulatus_Rhodopseudom_O54051	75.5	106	1	106	670	775	4.95e-51	164	107	777
010_10_RA16_GMCF3029a.sc__NODE_20184_length_869_cov_5.420147_2	REF063_OUT_Bos_taurus_Bovine__P80457	40.7	108	1	100	1201	1308	1.07e-18	72.8	107	1332
010_10_RA16_GMCF3029a.sc__NODE_21672_length_840_cov_3.084076_1	REF065_OUT_Megalodesulfovibrio_gigas_Desulfovi_Q46509	42.3	149	3	146	6	154	2.87e-32	113	153	907
010_10_RA16_GMCF3029a.sc__NODE_21672_length_840_cov_3.084076_1	REF063_OUT_Bos_taurus_Bovine__P80457	36.5	156	5	147	10	165	3.47e-24	90.5	153	1332
010_10_RA16_GMCF3029a.sc__NODE_21775_length_838_cov_2.899106_1	REF066_OUT_Rhodobacter_capsulatus_Rhodopseudom_O54051	39.9	296	2	278	154	448	6.85e-65	209	278	777
010_10_RA16_GMCF3029a.sc__NODE_21775_length_838_cov_2.899106_1	REF063_OUT_Bos_taurus_Bovine__P80457	39.4	274	6	278	726	998	2.73e-62	205	278	1332
010_10_RA16_GMCF3029a.sc__NODE_21775_length_838_cov_2.899106_1	REF065_OUT_Megalodesulfovibrio_gigas_Desulfovi_Q46509	28.7	247	5	251	349	592	2.06e-24	95.5	278	907
010_10_RA16_GMCF3029a.sc__NODE_21775_length_838_cov_2.899106_1	REF064_OUT_Escherichia_coli_strain_K12__Q46799	27.0	270	6	272	166	429	1.21e-20	84.3	278	752
010_10_RA16_GMCF3029a.sc__NODE_21775_length_838_cov_2.899106_1	REF057_FII_Rhodococcus_coprophilus_A0A2X4U3L5	29.8	181	49	224	227	406	3.35e-19	80.1	278	808
010_10_RA16_GMCF3029a.sc__NODE_21919_length_835_cov_4.873077_1	REF063_OUT_Bos_taurus_Bovine__P80457	28.3	240	50	275	241	480	1.87e-28	107	278	1332
010_10_RA16_GMCF3029a.sc__NODE_25222_length_782_cov_1.607978_1	REF066_OUT_Rhodobacter_capsulatus_Rhodopseudom_O54051	45.9	257	1	257	449	683	5.02e-63	204	260	777
010_10_RA16_GMCF3029a.sc__NODE_25222_length_782_cov_1.607978_1	REF063_OUT_Bos_taurus_Bovine__P80457	38.4	255	6	260	1004	1217	1.71e-44	153	260	1332
010_10_RA16_GMCF3029a.sc__NODE_25222_length_782_cov_1.607978_1	REF044_FII_Sulfoacidibacillus_ferrooxidans_A0A9X1V6V7	31.5	241	20	260	479	696	2.81e-20	82.8	260	784
010_10_RA16_GMCF3029a.sc__NODE_25222_length_782_cov_1.607978_1	REF035_FII_Ardenticatena_maritima_A0A0M8K8I5	27.2	239	20	258	485	698	1.55e-17	74.7	260	789
010_10_RA16_GMCF3029a.sc__NODE_25222_length_782_cov_1.607978_1	REF038_FII_Kyrpidia_spormannii_A0A2K8N8V7	27.8	241	20	260	479	694	6.92e-17	72.8	260	780
010_10_RA16_GMCF3029a.sc__NODE_26302_length_766_cov_5.887482_1	REF066_OUT_Rhodobacter_capsulatus_Rhodopseudom_O54051	56.4	234	1	234	488	721	4.75e-84	259	234	777
010_10_RA16_GMCF3029a.sc__NODE_26302_length_766_cov_5.887482_1	REF063_OUT_Bos_taurus_Bovine__P80457	42.7	232	1	231	1038	1250	1.28e-50	169	234	1332
010_10_RA16_GMCF3029a.sc__NODE_26302_length_766_cov_5.887482_1	REF035_FII_Ardenticatena_maritima_A0A0M8K8I5	27.9	240	2	229	506	734	1.66e-17	73.9	234	789
010_10_RA16_GMCF3029a.sc__NODE_26302_length_766_cov_5.887482_1	REF058_FII_Cupriavidus_laharis_A0ABM8XSX1	29.8	242	2	229	509	739	1.66e-17	73.9	234	791
010_10_RA16_GMCF3029a.sc__NODE_26302_length_766_cov_5.887482_1	REF052_FII_Bradyrhizobium_ivorense_A0A508SVN1	28.7	230	2	229	506	726	5.53e-17	72.4	234	779
010_10_RA16_GMCF3029a.sc__NODE_29511_length_726_cov_3.307004_1	REF066_OUT_Rhodobacter_capsulatus_Rhodopseudom_O54051	69.3	241	1	241	524	764	4.99e-114	337	241	777
010_10_RA16_GMCF3029a.sc__NODE_29511_length_726_cov_3.307004_1	REF063_OUT_Bos_taurus_Bovine__P80457	45.1	226	2	226	1075	1280	3.40e-53	177	241	1332
010_10_RA16_GMCF3029a.sc__NODE_29511_length_726_cov_3.307004_1	REF041_FII_Actibacterium_lipolyticum_A0A238JRA4	34.6	156	32	184	554	697	2.58e-17	73.6	241	765
010_10_RA16_GMCF3029a.sc__NODE_29511_length_726_cov_3.307004_1	REF033_FII_Acidiphilium_multivorum_strain_DSM__F0J165	28.7	244	12	241	562	785	6.46e-17	72.4	241	801
010_10_RA16_GMCF3029a.sc__NODE_29511_length_726_cov_3.307004_1	REF039_FII_Luteitalea_pratensis_A0A143PSW7	30.4	227	12	234	553	771	2.14e-16	70.9	241	787
010_10_RA16_GMCF3029a.sc__NODE_32695_length_690_cov_5.170079_1	REF064_OUT_Escherichia_coli_strain_K12__Q46799	33.5	224	6	212	393	602	2.20e-14	64.3	218	752
010_10_RA16_GMCF3029a.sc__NODE_32695_length_690_cov_5.170079_1	REF012_FI_Bacillus_methanolicus_strain_MGA3_A_I3E8H4	35.9	142	77	209	487	627	1.21e-11	56.2	218	783
010_10_RA16_GMCF3029a.sc__NODE_32695_length_690_cov_5.170079_1	REF053_FII_Nocardioides_aquaticus_A0ABX8EDS7	32.4	139	79	208	502	640	9.91e-11	53.5	218	828
010_10_RA16_GMCF3029a.sc__NODE_35211_length_667_cov_4.269608_2	REF065_OUT_Megalodesulfovibrio_gigas_Desulfovi_Q46509	43.2	125	1	120	30	154	6.58e-29	102	127	907
010_10_RA16_GMCF3029a.sc__NODE_35211_length_667_cov_4.269608_2	REF063_OUT_Bos_taurus_Bovine__P80457	36.6	134	1	122	33	166	1.99e-22	84.3	127	1332
010_10_RA16_GMCF3029a.sc__NODE_35808_length_662_cov_3.532125_2	REF066_OUT_Rhodobacter_capsulatus_Rhodopseudom_O54051	54.3	46	1	46	727	770	4.89e-11	48.5	56	777
010_10_RA16_GMCF3029a.sc__NODE_36617_length_655_cov_3.543333_1	REF063_OUT_Bos_taurus_Bovine__P80457	39.6	111	1	110	6	112	5.90e-20	77.4	130	1332
010_10_RA16_GMCF3029a.sc__NODE_37696_length_646_cov_3.121827_1	REF063_OUT_Bos_taurus_Bovine__P80457	40.2	117	44	156	327	441	2.19e-18	74.3	165	1332
010_10_RA16_GMCF3029a.sc__NODE_39323_length_633_cov_3.269896_1	REF037_FII_Fibrella_aestuarina_BUZ_2_I0KFJ2	28.2	202	11	193	68	267	4.64e-14	63.2	210	796
010_10_RA16_GMCF3029a.sc__NODE_39323_length_633_cov_3.269896_1	REF035_FII_Ardenticatena_maritima_A0A0M8K8I5	25.1	219	2	207	58	270	1.28e-12	58.9	210	789
010_10_RA16_GMCF3029a.sc__NODE_39323_length_633_cov_3.269896_1	REF042_FII_Actinomadura_macrotermitis_A0A7K0C220	25.2	206	11	203	60	259	5.75e-12	57.0	210	798
010_10_RA16_GMCF3029a.sc__NODE_39323_length_633_cov_3.269896_1	REF034_FII_Actinoallomurus_iriomotensis_A0A9W6W744	27.8	209	11	210	63	254	6.25e-11	53.9	210	751
010_10_RA16_GMCF3029a.sc__NODE_39323_length_633_cov_3.269896_1	REF059_FII_Streptomonospora_litoralis_A0A4P6PZM8	24.8	206	11	203	69	272	8.53e-11	53.5	210	800
010_10_RA16_GMCF3029a.sc__NODE_40885_length_621_cov_3.408127_1	REF066_OUT_Rhodobacter_capsulatus_Rhodopseudom_O54051	38.9	72	1	72	307	378	3.42e-12	53.1	83	777
010_10_RA16_GMCF3029a.sc__NODE_40885_length_621_cov_3.408127_1	REF035_FII_Ardenticatena_maritima_A0A0M8K8I5	43.3	60	10	69	343	402	3.05e-11	50.4	83	789
010_10_RA16_GMCF3029a.sc__NODE_40885_length_621_cov_3.408127_1	REF065_OUT_Megalodesulfovibrio_gigas_Desulfovi_Q46509	44.8	58	13	70	510	567	5.74e-11	49.7	83	907
010_10_RA16_GMCF3029a.sc__NODE_42133_length_612_cov_3.373429_1	REF063_OUT_Bos_taurus_Bovine__P80457	29.1	158	13	157	224	380	8.47e-19	76.3	185	1332
010_10_RA16_GMCF3029a.sc__NODE_42569_length_609_cov_3.137184_1	REF063_OUT_Bos_taurus_Bovine__P80457	44.9	156	9	162	8	158	4.97e-39	135	202	1332
010_10_RA16_GMCF3029a.sc__NODE_42569_length_609_cov_3.137184_1	REF065_OUT_Megalodesulfovibrio_gigas_Desulfovi_Q46509	39.5	147	31	174	27	156	3.32e-24	92.4	202	907
010_10_RA16_GMCF3029a.sc__NODE_43071_length_605_cov_3.450909_1	REF064_OUT_Escherichia_coli_strain_K12__Q46799	36.2	149	53	201	587	729	7.69e-20	79.7	201	752
010_10_RA16_GMCF3029a.sc__NODE_43071_length_605_cov_3.450909_1	REF023_FI_Rhodococcus_gordoniae_A0A379LVU4	30.5	167	43	200	604	768	3.49e-17	72.0	201	797
010_10_RA16_GMCF3029a.sc__NODE_43071_length_605_cov_3.450909_1	REF016_FI_Mycobacterium_attenuatum_A0A498PSI1	31.2	170	40	200	611	773	3.50e-17	72.0	201	802
010_10_RA16_GMCF3029a.sc__NODE_43071_length_605_cov_3.450909_1	REF055_FII_Pseudonocardia_asaccharolytica_DSM__A0A511CWW9	32.0	125	76	200	606	728	4.69e-17	71.6	201	757
010_10_RA16_GMCF3029a.sc__NODE_43071_length_605_cov_3.450909_1	REF002_FI_Mycolicibacterium_smegmatis_strain__A0QQG4	30.4	171	39	200	607	770	8.72e-17	70.9	201	799
010_10_RA16_GMCF3029a.sc__NODE_43873_length_599_cov_6.696691_1	REF066_OUT_Rhodobacter_capsulatus_Rhodopseudom_O54051	55.8	199	1	199	424	622	1.51e-63	202	199	777
010_10_RA16_GMCF3029a.sc__NODE_43873_length_599_cov_6.696691_1	REF063_OUT_Bos_taurus_Bovine__P80457	41.2	199	1	199	974	1153	4.49e-39	135	199	1332
010_10_RA16_GMCF3029a.sc__NODE_44936_length_592_cov_5.042831_1	REF063_OUT_Bos_taurus_Bovine__P80457	45.8	155	5	157	8	158	1.56e-41	142	196	1332
010_10_RA16_GMCF3029a.sc__NODE_44936_length_592_cov_5.042831_1	REF065_OUT_Megalodesulfovibrio_gigas_Desulfovi_Q46509	37.8	135	25	158	25	148	3.79e-24	92.0	196	907
010_10_RA16_GMCF3029a.sc__NODE_47121_length_579_cov_2.377863_1	REF064_OUT_Escherichia_coli_strain_K12__Q46799	31.5	124	52	169	157	280	5.30e-12	56.6	192	752
010_10_RA16_GMCF3029a.sc__NODE_48368_length_572_cov_2.230174_1	REF063_OUT_Bos_taurus_Bovine__P80457	46.4	140	8	137	19	158	2.94e-36	126	190	1332
010_10_RA16_GMCF3029a.sc__NODE_48368_length_572_cov_2.230174_1	REF065_OUT_Megalodesulfovibrio_gigas_Desulfovi_Q46509	42.3	137	15	144	23	154	2.26e-28	103	190	907
010_10_RA16_GMCF3029a.sc__NODE_48941_length_569_cov_1.694553_1	REF066_OUT_Rhodobacter_capsulatus_Rhodopseudom_O54051	62.3	154	1	154	627	777	6.95e-59	188	155	777
010_10_RA16_GMCF3029a.sc__NODE_48941_length_569_cov_1.694553_1	REF063_OUT_Bos_taurus_Bovine__P80457	57.0	149	1	143	1158	1305	1.75e-46	154	155	1332
010_10_RA16_GMCF3029a.sc__NODE_48941_length_569_cov_1.694553_1	REF035_FII_Ardenticatena_maritima_A0A0M8K8I5	33.6	152	2	149	642	783	2.45e-17	70.9	155	789
010_10_RA16_GMCF3029a.sc__NODE_48941_length_569_cov_1.694553_1	REF054_FII_Cereibacter_sphaeroides_strain_ATCC_Q3J2E6	32.2	149	4	148	647	789	6.19e-17	69.7	155	790
010_10_RA16_GMCF3029a.sc__NODE_48941_length_569_cov_1.694553_1	REF040_FII_Nitrolancea_hollandica_Lb_I4ED45	30.9	149	7	151	644	782	3.40e-15	64.7	155	784
010_10_RA16_GMCF3029a.sc__NODE_51122_length_556_cov_3.475050_1	REF066_OUT_Rhodobacter_capsulatus_Rhodopseudom_O54051	61.9	63	1	63	168	229	3.77e-24	86.3	66	777
010_10_RA16_GMCF3029a.sc__NODE_51122_length_556_cov_3.475050_1	REF063_OUT_Bos_taurus_Bovine__P80457	45.3	64	1	63	736	799	1.17e-14	59.3	66	1332
010_10_RA16_GMCF3029a.sc__NODE_51122_length_556_cov_3.475050_2	REF066_OUT_Rhodobacter_capsulatus_Rhodopseudom_O54051	42.7	124	1	123	62	185	5.32e-25	92.0	136	777
010_10_RA16_GMCF3029a.sc__NODE_51122_length_556_cov_3.475050_2	REF063_OUT_Bos_taurus_Bovine__P80457	36.3	124	1	124	632	754	3.42e-19	75.5	136	1332
010_10_RA16_GMCF3029a.sc__NODE_51122_length_556_cov_3.475050_2	REF050_FII_Blastochloris_viridis_Rhodopseudomo_A0A0H5BCZ6	32.3	124	1	110	64	174	1.45e-13	59.3	136	788
010_10_RA16_GMCF3029a.sc__NODE_51122_length_556_cov_3.475050_2	REF058_FII_Cupriavidus_laharis_A0ABM8XSX1	35.9	92	1	78	68	159	1.10e-11	53.9	136	791
010_10_RA16_GMCF3029a.sc__NODE_51122_length_556_cov_3.475050_2	REF034_FII_Actinoallomurus_iriomotensis_A0A9W6W744	34.6	81	1	81	65	143	9.44e-11	51.2	136	751
010_10_RA16_GMCF3029a.sc__NODE_51678_length_553_cov_4.495984_1	REF066_OUT_Rhodobacter_capsulatus_Rhodopseudom_O54051	47.0	181	3	183	284	451	2.75e-51	168	183	777
010_10_RA16_GMCF3029a.sc__NODE_51678_length_553_cov_4.495984_1	REF063_OUT_Bos_taurus_Bovine__P80457	43.8	96	3	98	854	949	2.34e-21	83.6	183	1332
010_10_RA16_GMCF3029a.sc__NODE_51678_length_553_cov_4.495984_1	REF041_FII_Actibacterium_lipolyticum_A0A238JRA4	34.7	98	2	94	303	397	3.21e-12	57.0	183	765
010_10_RA16_GMCF3029a.sc__NODE_51678_length_553_cov_4.495984_1	REF039_FII_Luteitalea_pratensis_A0A143PSW7	31.3	96	3	97	316	411	1.99e-11	54.7	183	787
010_10_RA16_GMCF3029a.sc__NODE_51678_length_553_cov_4.495984_1	REF049_FII_Gandjariella_thermophila_A0A4D4J4W8	36.3	102	9	108	302	398	2.67e-11	54.3	183	752
010_10_RA16_GMCF3029a.sc__NODE_52187_length_551_cov_2.048387_1	REF021_FI_Pseudonocardia_autotrophica_Amycola_A0A1Y2N3L2	40.8	76	23	98	484	557	8.83e-14	59.7	130	794
010_10_RA16_GMCF3029a.sc__NODE_52187_length_551_cov_2.048387_1	REF064_OUT_Escherichia_coli_strain_K12__Q46799	36.4	107	3	103	430	531	1.63e-13	58.9	130	752
010_10_RA16_GMCF3029a.sc__NODE_52187_length_551_cov_2.048387_1	REF003_FI_Thermomicrobium_roseum_strain_ATCC__B9L450	38.1	84	23	106	479	560	4.15e-13	57.8	130	781
010_10_RA16_GMCF3029a.sc__NODE_52187_length_551_cov_2.048387_1	REF012_FI_Bacillus_methanolicus_strain_MGA3_A_I3E8H4	37.3	75	23	97	481	553	1.95e-12	55.8	130	783
010_10_RA16_GMCF3029a.sc__NODE_52187_length_551_cov_2.048387_1	REF017_FI_Meiothermus_granaticius_NBRC_107808_A0A399F476	35.7	84	23	106	496	577	3.63e-12	55.1	130	799
010_10_RA16_GMCF3029a.sc__NODE_52415_length_550_cov_1.670707_1	REF065_OUT_Megalodesulfovibrio_gigas_Desulfovi_Q46509	37.1	151	5	151	6	156	2.13e-28	102	151	907
010_10_RA16_GMCF3029a.sc__NODE_52415_length_550_cov_1.670707_1	REF063_OUT_Bos_taurus_Bovine__P80457	35.5	138	15	140	19	156	7.16e-23	86.7	151	1332
010_10_RA16_GMCF3029a.sc__NODE_55017_length_537_cov_3.346473_1	REF011_FI_Actibacterium_lipolyticum_A0A238JPJ5	93.3	178	1	178	245	422	3.82e-119	348	178	806
010_10_RA16_GMCF3029a.sc__NODE_55017_length_537_cov_3.346473_1	REF027_FI_Pseudorhizobium_banfieldiae_L0NNE2	91.0	178	1	178	245	422	2.56e-116	341	178	806
010_10_RA16_GMCF3029a.sc__NODE_55017_length_537_cov_3.346473_1	REF025_FI_Phaeobacter_gallaeciensis_A0A1B0ZWG3	90.4	177	1	177	243	419	6.84e-116	340	178	804
010_10_RA16_GMCF3029a.sc__NODE_55017_length_537_cov_3.346473_1	REF030_FI_Roseovarius_gaetbuli_A0A1X6ZH08	89.3	178	1	178	244	421	2.35e-113	333	178	805
010_10_RA16_GMCF3029a.sc__NODE_55017_length_537_cov_3.346473_1	REF020_FI_Maliponia_aquimaris_A0A238KQS5	86.0	178	1	178	244	421	2.81e-111	328	178	805
010_10_RA16_GMCF3029a.sc__NODE_59006_length_519_cov_3.202586_1	REF063_OUT_Bos_taurus_Bovine__P80457	28.6	210	1	171	112	310	2.67e-20	80.1	172	1332
010_10_RA16_GMCF3029a.sc__NODE_59006_length_519_cov_3.202586_1	REF065_OUT_Megalodesulfovibrio_gigas_Desulfovi_Q46509	41.7	60	1	58	99	148	5.31e-11	53.1	172	907
010_10_RA16_GMCF3029a.sc__NODE_61162_length_510_cov_3.147253_1	REF064_OUT_Escherichia_coli_strain_K12__Q46799	26.8	138	2	138	157	294	1.93e-11	54.3	169	752
010_10_RA16_GMCF3029a.sc__NODE_61162_length_510_cov_3.147253_1	REF053_FII_Nocardioides_aquaticus_A0ABX8EDS7	27.8	162	14	164	196	357	4.89e-11	53.1	169	828
010_10_RA16_GMCF3029a.sc__NODE_61277_length_510_cov_1.870330_1	REF066_OUT_Rhodobacter_capsulatus_Rhodopseudom_O54051	55.4	166	4	169	403	568	1.41e-54	177	169	777
010_10_RA16_GMCF3029a.sc__NODE_61277_length_510_cov_1.870330_1	REF063_OUT_Bos_taurus_Bovine__P80457	43.1	167	2	168	951	1117	2.21e-37	129	169	1332
010_10_RA16_GMCF3029a.sc__NODE_62575_length_505_cov_1.793333_1	REF063_OUT_Bos_taurus_Bovine__P80457	41.6	149	1	149	30	158	4.88e-32	113	167	1332
010_10_RA16_GMCF3029a.sc__NODE_62575_length_505_cov_1.793333_1	REF065_OUT_Megalodesulfovibrio_gigas_Desulfovi_Q46509	34.0	153	1	150	27	148	5.31e-24	90.5	167	907
010_10_RA16_GMCF3029a.sc__NODE_62888_length_503_cov_9.475446_1	REF066_OUT_Rhodobacter_capsulatus_Rhodopseudom_O54051	49.3	71	22	92	8	78	8.67e-17	66.6	92	777
010_10_RA16_GMCF3029a.sc__NODE_62888_length_503_cov_9.475446_1	REF063_OUT_Bos_taurus_Bovine__P80457	42.9	70	22	91	578	647	1.16e-13	57.8	92	1332
010_10_RA16_GMCF3029a.sc__NODE_62888_length_503_cov_9.475446_1	REF037_FII_Fibrella_aestuarina_BUZ_2_I0KFJ2	46.9	64	30	91	25	87	3.12e-11	50.8	92	796
010_10_RA16_GMCF3029a.sc__NODE_63550_length_501_cov_2.928251_1	REF036_FII_Calidithermus_roseus_A0A399EKG8	34.7	98	55	146	645	742	7.17e-12	55.1	154	764
010_10_RA16_GMCF3029a.sc__NODE_63550_length_501_cov_2.928251_1	REF038_FII_Kyrpidia_spormannii_A0A2K8N8V7	34.4	96	55	144	658	753	1.33e-11	54.3	154	780
010_10_RA16_GMCF3029a.sc__NODE_63550_length_501_cov_2.928251_1	REF064_OUT_Escherichia_coli_strain_K12__Q46799	30.1	113	46	151	622	734	4.51e-11	52.8	154	752
011_11_RA17_GMCF3029a.meta__NODE_224_length_5064_cov_10.771811_2	REF065_OUT_Megalodesulfovibrio_gigas_Desulfovi_Q46509	37.0	154	5	154	6	159	2.13e-29	105	156	907
011_11_RA17_GMCF3029a.meta__NODE_224_length_5064_cov_10.771811_2	REF063_OUT_Bos_taurus_Bovine__P80457	34.7	144	7	137	10	153	8.46e-23	86.7	156	1332
011_11_RA17_GMCF3029a.meta__NODE_224_length_5064_cov_10.771811_3	REF014_FI_Deinococcus_caeni_A0ABP9UI58	23.6	402	187	551	13	404	1.33e-15	73.2	732	792
011_11_RA17_GMCF3029a.meta__NODE_224_length_5064_cov_10.771811_3	REF003_FI_Thermomicrobium_roseum_strain_ATCC__B9L450	22.8	404	198	551	13	396	2.44e-13	65.9	732	781
011_11_RA17_GMCF3029a.meta__NODE_224_length_5064_cov_10.771811_3	REF035_FII_Ardenticatena_maritima_A0A0M8K8I5	23.7	409	189	551	4	399	8.68e-12	60.8	732	789
011_11_RA17_GMCF3029a.meta__NODE_224_length_5064_cov_10.771811_3	REF064_OUT_Escherichia_coli_strain_K12__Q46799	27.8	133	598	723	608	737	3.35e-11	58.9	732	752
011_11_RA17_GMCF3029a.meta__NODE_474_length_3961_cov_5.335381_2	REF065_OUT_Megalodesulfovibrio_gigas_Desulfovi_Q46509	39.6	144	6	145	6	149	1.91e-31	111	154	907
011_11_RA17_GMCF3029a.meta__NODE_474_length_3961_cov_5.335381_2	REF063_OUT_Bos_taurus_Bovine__P80457	37.8	156	8	150	10	165	9.67e-29	103	154	1332
011_11_RA17_GMCF3029a.meta__NODE_474_length_3961_cov_5.335381_3	REF057_FII_Rhodococcus_coprophilus_A0A2X4U3L5	26.5	388	207	549	23	403	1.38e-18	82.4	637	808
011_11_RA17_GMCF3029a.meta__NODE_474_length_3961_cov_5.335381_3	REF042_FII_Actinomadura_macrotermitis_A0A7K0C220	28.2	227	336	549	164	389	9.48e-15	70.1	637	798
011_11_RA17_GMCF3029a.meta__NODE_474_length_3961_cov_5.335381_3	REF061_FII_Streptomyces_smaragdinus_A0A7K0CAR3	25.3	392	195	549	3	392	1.24e-14	69.7	637	791
011_11_RA17_GMCF3029a.meta__NODE_474_length_3961_cov_5.335381_3	REF039_FII_Luteitalea_pratensis_A0A143PSW7	28.4	229	336	549	178	405	2.15e-14	68.9	637	787
011_11_RA17_GMCF3029a.meta__NODE_474_length_3961_cov_5.335381_3	REF026_FI_Polymorphum_gilvum_strain_LMG_25793_F2IW51	23.7	422	187	550	6	416	4.98e-14	67.8	637	806
011_11_RA17_GMCF3029a.meta__NODE_1184_length_2902_cov_6.685634_1	REF013_FI_Capillimicrobium_parvum_A0A9E6Y1X1	27.1	284	32	273	8	290	1.43e-15	72.4	564	807
011_11_RA17_GMCF3029a.meta__NODE_1184_length_2902_cov_6.685634_1	REF035_FII_Ardenticatena_maritima_A0A0M8K8I5	26.8	310	36	292	6	307	2.47e-15	71.6	564	789
011_11_RA17_GMCF3029a.meta__NODE_1184_length_2902_cov_6.685634_1	REF003_FI_Thermomicrobium_roseum_strain_ATCC__B9L450	26.0	285	36	278	7	288	1.71e-14	68.9	564	781
011_11_RA17_GMCF3029a.meta__NODE_1184_length_2902_cov_6.685634_1	REF040_FII_Nitrolancea_hollandica_Lb_I4ED45	26.1	414	36	391	5	400	2.98e-14	68.2	564	784
011_11_RA17_GMCF3029a.meta__NODE_1184_length_2902_cov_6.685634_1	REF047_FII_Meiothermus_granaticius_NBRC_107808_A0A399F9R8	26.8	291	36	276	4	288	5.20e-14	67.4	564	789
011_11_RA17_GMCF3029a.meta__NODE_2240_length_2280_cov_6.814382_1	REF064_OUT_Escherichia_coli_strain_K12__Q46799	23.9	394	202	550	1	381	5.13e-13	64.7	704	752
011_11_RA17_GMCF3029a.meta__NODE_2240_length_2280_cov_6.814382_1	REF026_FI_Polymorphum_gilvum_strain_LMG_25793_F2IW51	25.5	415	197	550	18	416	3.63e-12	62.0	704	806
011_11_RA17_GMCF3029a.meta__NODE_2240_length_2280_cov_6.814382_1	REF057_FII_Rhodococcus_coprophilus_A0A2X4U3L5	22.8	404	197	549	13	403	3.63e-12	62.0	704	808
011_11_RA17_GMCF3029a.meta__NODE_2240_length_2280_cov_6.814382_1	REF015_FI_Antarctobacter_heliothermus_A0A222E7I6	23.4	410	197	549	18	414	4.77e-12	61.6	704	805
011_11_RA17_GMCF3029a.meta__NODE_2240_length_2280_cov_6.814382_1	REF020_FI_Maliponia_aquimaris_A0A238KQS5	23.5	405	197	549	18	414	2.47e-11	59.3	704	805
011_11_RA17_GMCF3029a.meta__NODE_2476_length_2192_cov_6.731867_1	REF065_OUT_Megalodesulfovibrio_gigas_Desulfovi_Q46509	37.8	127	1	125	1	127	6.86e-26	94.7	139	907
011_11_RA17_GMCF3029a.meta__NODE_2476_length_2192_cov_6.731867_1	REF063_OUT_Bos_taurus_Bovine__P80457	38.9	131	8	125	10	140	2.23e-22	84.7	139	1332
011_11_RA17_GMCF3029a.meta__NODE_2823_length_2088_cov_8.317757_2	REF066_OUT_Rhodobacter_capsulatus_Rhodopseudom_O54051	47.4	551	17	548	9	558	1.15e-161	474	585	777
011_11_RA17_GMCF3029a.meta__NODE_2823_length_2088_cov_8.317757_2	REF063_OUT_Bos_taurus_Bovine__P80457	39.5	526	17	541	579	1101	5.54e-113	359	585	1332
011_11_RA17_GMCF3029a.meta__NODE_2823_length_2088_cov_8.317757_2	REF034_FII_Actinoallomurus_iriomotensis_A0A9W6W744	26.8	534	28	544	21	541	5.63e-41	151	585	751
011_11_RA17_GMCF3029a.meta__NODE_2823_length_2088_cov_8.317757_2	REF036_FII_Calidithermus_roseus_A0A399EKG8	27.0	540	24	544	27	553	3.75e-39	145	585	764
011_11_RA17_GMCF3029a.meta__NODE_2823_length_2088_cov_8.317757_2	REF065_OUT_Megalodesulfovibrio_gigas_Desulfovi_Q46509	25.6	497	38	513	205	691	1.72e-36	138	585	907
011_11_RA17_GMCF3029a.meta__NODE_3235_length_1975_cov_3.681250_2	REF065_OUT_Megalodesulfovibrio_gigas_Desulfovi_Q46509	41.6	149	3	146	6	154	1.54e-32	114	153	907
011_11_RA17_GMCF3029a.meta__NODE_3235_length_1975_cov_3.681250_2	REF063_OUT_Bos_taurus_Bovine__P80457	39.7	141	20	148	26	166	1.37e-24	91.7	153	1332
011_11_RA17_GMCF3029a.meta__NODE_4054_length_1799_cov_6.824541_1	REF066_OUT_Rhodobacter_capsulatus_Rhodopseudom_O54051	44.3	194	22	214	8	200	1.28e-44	151	214	777
011_11_RA17_GMCF3029a.meta__NODE_4054_length_1799_cov_6.824541_1	REF063_OUT_Bos_taurus_Bovine__P80457	37.0	192	22	212	578	768	1.96e-32	116	214	1332
011_11_RA17_GMCF3029a.meta__NODE_4054_length_1799_cov_6.824541_1	REF058_FII_Cupriavidus_laharis_A0ABM8XSX1	36.6	131	30	146	23	152	1.42e-17	73.6	214	791
011_11_RA17_GMCF3029a.meta__NODE_4054_length_1799_cov_6.824541_1	REF034_FII_Actinoallomurus_iriomotensis_A0A9W6W744	33.3	123	36	156	23	143	4.73e-17	72.0	214	751
011_11_RA17_GMCF3029a.meta__NODE_4054_length_1799_cov_6.824541_1	REF037_FII_Fibrella_aestuarina_BUZ_2_I0KFJ2	33.1	172	30	176	25	195	1.61e-16	70.5	214	796
011_11_RA17_GMCF3029a.meta__NODE_4054_length_1799_cov_6.824541_2	REF063_OUT_Bos_taurus_Bovine__P80457	25.5	385	25	361	137	521	2.04e-33	125	385	1332
011_11_RA17_GMCF3029a.meta__NODE_4811_length_1679_cov_4.611453_1	REF064_OUT_Escherichia_coli_strain_K12__Q46799	42.8	138	2	133	605	742	3.42e-31	110	145	752
011_11_RA17_GMCF3029a.meta__NODE_4811_length_1679_cov_4.611453_1	REF023_FI_Rhodococcus_gordoniae_A0A379LVU4	40.7	145	2	138	646	790	1.63e-30	108	145	797
011_11_RA17_GMCF3029a.meta__NODE_4811_length_1679_cov_4.611453_1	REF016_FI_Mycobacterium_attenuatum_A0A498PSI1	40.7	145	2	138	651	795	1.63e-30	108	145	802
011_11_RA17_GMCF3029a.meta__NODE_4811_length_1679_cov_4.611453_1	REF061_FII_Streptomyces_smaragdinus_A0A7K0CAR3	38.6	145	2	138	633	777	3.02e-30	107	145	791
011_11_RA17_GMCF3029a.meta__NODE_4811_length_1679_cov_4.611453_1	REF002_FI_Mycolicibacterium_smegmatis_strain__A0QQG4	40.0	145	2	138	648	792	4.12e-30	107	145	799
011_11_RA17_GMCF3029a.meta__NODE_6406_length_1495_cov_3.668750_1	REF064_OUT_Escherichia_coli_strain_K12__Q46799	34.0	470	1	451	219	662	1.68e-57	195	458	752
011_11_RA17_GMCF3029a.meta__NODE_6406_length_1495_cov_3.668750_1	REF035_FII_Ardenticatena_maritima_A0A0M8K8I5	31.6	481	1	451	236	695	1.41e-51	179	458	789
011_11_RA17_GMCF3029a.meta__NODE_6406_length_1495_cov_3.668750_1	REF059_FII_Streptomonospora_litoralis_A0A4P6PZM8	31.8	485	3	454	242	703	6.70e-48	169	458	800
011_11_RA17_GMCF3029a.meta__NODE_6406_length_1495_cov_3.668750_1	REF065_OUT_Megalodesulfovibrio_gigas_Desulfovi_Q46509	29.2	455	1	450	403	824	3.76e-46	164	458	907
011_11_RA17_GMCF3029a.meta__NODE_6406_length_1495_cov_3.668750_1	REF043_FII_Deinococcus_aluminii_A0ABP9XBM4	30.4	481	1	449	236	693	3.11e-45	161	458	796
011_11_RA17_GMCF3029a.meta__NODE_7761_length_1377_cov_3.505295_2	REF064_OUT_Escherichia_coli_strain_K12__Q46799	41.4	58	3	60	685	742	7.36e-13	54.3	68	752
011_11_RA17_GMCF3029a.meta__NODE_7761_length_1377_cov_3.505295_2	REF023_FI_Rhodococcus_gordoniae_A0A379LVU4	41.5	65	3	64	725	789	1.89e-12	53.1	68	797
011_11_RA17_GMCF3029a.meta__NODE_7761_length_1377_cov_3.505295_2	REF065_OUT_Megalodesulfovibrio_gigas_Desulfovi_Q46509	43.1	58	7	64	848	905	1.70e-11	50.4	68	907
011_11_RA17_GMCF3029a.meta__NODE_7761_length_1377_cov_3.505295_2	REF002_FI_Mycolicibacterium_smegmatis_strain__A0QQG4	40.0	65	3	64	727	791	4.33e-11	49.3	68	799
011_11_RA17_GMCF3029a.meta__NODE_7761_length_1377_cov_3.505295_2	REF013_FI_Capillimicrobium_parvum_A0A9E6Y1X1	41.5	65	3	64	735	799	4.33e-11	49.3	68	807
011_11_RA17_GMCF3029a.meta__NODE_8176_length_1348_cov_3.786543_1	REF063_OUT_Bos_taurus_Bovine__P80457	30.0	476	1	428	6	475	3.39e-56	193	428	1332
011_11_RA17_GMCF3029a.meta__NODE_8176_length_1348_cov_3.786543_1	REF065_OUT_Megalodesulfovibrio_gigas_Desulfovi_Q46509	33.3	165	8	163	3	152	1.11e-19	84.3	428	907
011_11_RA17_GMCF3029a.meta__NODE_8697_length_1313_cov_7.062798_2	REF063_OUT_Bos_taurus_Bovine__P80457	24.6	398	1	341	105	480	7.10e-36	131	360	1332
011_11_RA17_GMCF3029a.meta__NODE_10727_length_1202_cov_3.781168_3	REF065_OUT_Megalodesulfovibrio_gigas_Desulfovi_Q46509	45.8	59	3	61	2	60	1.43e-14	59.3	71	907
011_11_RA17_GMCF3029a.meta__NODE_11545_length_1166_cov_4.575158_2	REF066_OUT_Rhodobacter_capsulatus_Rhodopseudom_O54051	46.2	106	22	127	9	114	1.17e-24	90.9	132	777
011_11_RA17_GMCF3029a.meta__NODE_11545_length_1166_cov_4.575158_2	REF046_FII_Amycolatopsis_bartoniae_A0A8H9IQQ2	42.3	97	34	127	22	116	1.03e-16	68.2	132	752
011_11_RA17_GMCF3029a.meta__NODE_11545_length_1166_cov_4.575158_2	REF063_OUT_Bos_taurus_Bovine__P80457	38.5	104	22	125	579	681	2.73e-16	67.0	132	1332
011_11_RA17_GMCF3029a.meta__NODE_11545_length_1166_cov_4.575158_2	REF036_FII_Calidithermus_roseus_A0A399EKG8	43.1	102	29	125	27	127	6.61e-16	65.9	132	764
011_11_RA17_GMCF3029a.meta__NODE_11545_length_1166_cov_4.575158_2	REF034_FII_Actinoallomurus_iriomotensis_A0A9W6W744	38.1	97	33	127	21	115	7.86e-15	62.8	132	751
011_11_RA17_GMCF3029a.meta__NODE_14275_length_1069_cov_4.164694_2	REF065_OUT_Megalodesulfovibrio_gigas_Desulfovi_Q46509	41.6	149	3	146	6	154	1.77e-33	117	153	907
011_11_RA17_GMCF3029a.meta__NODE_14275_length_1069_cov_4.164694_2	REF063_OUT_Bos_taurus_Bovine__P80457	36.3	157	5	148	10	166	1.87e-24	91.3	153	1332
011_11_RA17_GMCF3029a.meta__NODE_15031_length_1047_cov_3.810484_1	REF065_OUT_Megalodesulfovibrio_gigas_Desulfovi_Q46509	36.5	178	38	212	23	199	4.02e-30	110	219	907
011_11_RA17_GMCF3029a.meta__NODE_15031_length_1047_cov_3.810484_1	REF063_OUT_Bos_taurus_Bovine__P80457	33.8	151	21	160	8	158	4.93e-25	95.5	219	1332
011_11_RA17_GMCF3029a.meta__NODE_15552_length_1032_cov_2.643808_1	REF066_OUT_Rhodobacter_capsulatus_Rhodopseudom_O54051	42.3	201	144	343	27	226	3.85e-42	149	343	777
011_11_RA17_GMCF3029a.meta__NODE_15552_length_1032_cov_2.643808_1	REF063_OUT_Bos_taurus_Bovine__P80457	29.4	201	144	343	597	796	8.52e-24	95.5	343	1332
011_11_RA17_GMCF3029a.meta__NODE_15552_length_1032_cov_2.643808_1	REF025_FI_Phaeobacter_gallaeciensis_A0A1B0ZWG3	28.3	223	148	343	44	264	7.90e-13	62.0	343	804
011_11_RA17_GMCF3029a.meta__NODE_15552_length_1032_cov_2.643808_1	REF065_OUT_Megalodesulfovibrio_gigas_Desulfovi_Q46509	24.0	217	145	343	203	419	8.20e-13	62.0	343	907
011_11_RA17_GMCF3029a.meta__NODE_15552_length_1032_cov_2.643808_1	REF003_FI_Thermomicrobium_roseum_strain_ATCC__B9L450	27.9	215	148	343	36	247	4.35e-12	59.7	343	781
011_11_RA17_GMCF3029a.meta__NODE_16603_length_1006_cov_2.132492_2	REF063_OUT_Bos_taurus_Bovine__P80457	43.3	120	1	113	1186	1305	1.31e-25	93.2	122	1332
011_11_RA17_GMCF3029a.meta__NODE_16603_length_1006_cov_2.132492_2	REF066_OUT_Rhodobacter_capsulatus_Rhodopseudom_O54051	35.5	121	1	121	655	774	1.52e-24	90.1	122	777
011_11_RA17_GMCF3029a.meta__NODE_17949_length_972_cov_8.062159_1	REF066_OUT_Rhodobacter_capsulatus_Rhodopseudom_O54051	59.5	304	17	320	402	705	8.97e-119	353	323	777
011_11_RA17_GMCF3029a.meta__NODE_17949_length_972_cov_8.062159_1	REF063_OUT_Bos_taurus_Bovine__P80457	44.1	306	18	323	953	1239	9.92e-76	245	323	1332
011_11_RA17_GMCF3029a.meta__NODE_17949_length_972_cov_8.062159_1	REF035_FII_Ardenticatena_maritima_A0A0M8K8I5	29.4	252	81	320	479	719	7.93e-22	89.0	323	789
011_11_RA17_GMCF3029a.meta__NODE_17949_length_972_cov_8.062159_1	REF058_FII_Cupriavidus_laharis_A0ABM8XSX1	27.3	286	41	321	448	724	8.53e-21	85.9	323	791
011_11_RA17_GMCF3029a.meta__NODE_17949_length_972_cov_8.062159_1	REF043_FII_Deinococcus_aluminii_A0ABP9XBM4	26.3	304	34	321	429	720	1.23e-19	82.4	323	796
011_11_RA17_GMCF3029a.meta__NODE_18817_length_954_cov_2.284761_1	REF066_OUT_Rhodobacter_capsulatus_Rhodopseudom_O54051	47.9	313	2	296	351	658	2.00e-86	268	296	777
011_11_RA17_GMCF3029a.meta__NODE_18817_length_954_cov_2.284761_1	REF063_OUT_Bos_taurus_Bovine__P80457	41.2	296	1	296	920	1189	3.53e-66	217	296	1332
011_11_RA17_GMCF3029a.meta__NODE_18817_length_954_cov_2.284761_1	REF057_FII_Rhodococcus_coprophilus_A0A2X4U3L5	25.0	308	3	295	383	676	5.97e-15	67.8	296	808
011_11_RA17_GMCF3029a.meta__NODE_18817_length_954_cov_2.284761_1	REF058_FII_Cupriavidus_laharis_A0ABM8XSX1	24.6	309	5	295	386	674	6.18e-14	64.7	296	791
011_11_RA17_GMCF3029a.meta__NODE_18817_length_954_cov_2.284761_1	REF046_FII_Amycolatopsis_bartoniae_A0A8H9IQQ2	25.9	301	3	295	359	635	1.09e-13	63.9	296	752
011_11_RA17_GMCF3029a.meta__NODE_18956_length_951_cov_3.553571_1	REF065_OUT_Megalodesulfovibrio_gigas_Desulfovi_Q46509	32.7	312	1	309	407	710	1.39e-37	135	316	907
011_11_RA17_GMCF3029a.meta__NODE_18956_length_951_cov_3.553571_1	REF064_OUT_Escherichia_coli_strain_K12__Q46799	33.2	322	4	315	226	535	2.99e-37	134	316	752
011_11_RA17_GMCF3029a.meta__NODE_18956_length_951_cov_3.553571_1	REF035_FII_Ardenticatena_maritima_A0A0M8K8I5	31.1	328	4	311	243	561	2.80e-31	116	316	789
011_11_RA17_GMCF3029a.meta__NODE_18956_length_951_cov_3.553571_1	REF054_FII_Cereibacter_sphaeroides_strain_ATCC_Q3J2E6	29.4	326	2	306	244	559	3.16e-30	113	316	790
011_11_RA17_GMCF3029a.meta__NODE_18956_length_951_cov_3.553571_1	REF040_FII_Nitrolancea_hollandica_Lb_I4ED45	29.3	338	1	316	236	563	1.93e-29	111	316	784
011_11_RA17_GMCF3029a.meta__NODE_21015_length_911_cov_1.435748_1	REF066_OUT_Rhodobacter_capsulatus_Rhodopseudom_O54051	69.4	108	1	108	158	264	3.98e-48	157	131	777
011_11_RA17_GMCF3029a.meta__NODE_21015_length_911_cov_1.435748_1	REF063_OUT_Bos_taurus_Bovine__P80457	45.7	105	5	108	730	834	6.87e-28	100	131	1332
011_11_RA17_GMCF3029a.meta__NODE_21992_length_893_cov_4.507160_2	REF063_OUT_Bos_taurus_Bovine__P80457	42.9	156	9	162	8	158	7.91e-36	125	201	1332
011_11_RA17_GMCF3029a.meta__NODE_21992_length_893_cov_4.507160_2	REF065_OUT_Megalodesulfovibrio_gigas_Desulfovi_Q46509	37.0	173	15	174	5	163	5.96e-24	91.7	201	907
011_11_RA17_GMCF3029a.meta__NODE_22075_length_892_cov_2.600956_2	REF036_FII_Calidithermus_roseus_A0A399EKG8	27.8	133	3	129	619	750	3.86e-11	52.4	137	764
011_11_RA17_GMCF3029a.meta__NODE_22075_length_892_cov_2.600956_2	REF047_FII_Meiothermus_granaticius_NBRC_107808_A0A399F9R8	30.1	123	3	119	635	756	7.17e-11	51.6	137	789
011_11_RA17_GMCF3029a.meta__NODE_22378_length_887_cov_2.501202_1	REF065_OUT_Megalodesulfovibrio_gigas_Desulfovi_Q46509	40.7	145	9	150	6	150	1.51e-31	112	165	907
011_11_RA17_GMCF3029a.meta__NODE_22378_length_887_cov_2.501202_1	REF063_OUT_Bos_taurus_Bovine__P80457	31.1	148	11	146	10	157	3.45e-19	76.6	165	1332
011_11_RA17_GMCF3029a.meta__NODE_23421_length_870_cov_2.954601_2	REF036_FII_Calidithermus_roseus_A0A399EKG8	35.5	110	2	104	645	753	4.44e-13	57.0	113	764
011_11_RA17_GMCF3029a.meta__NODE_23421_length_870_cov_2.954601_2	REF064_OUT_Escherichia_coli_strain_K12__Q46799	33.6	107	2	101	631	737	2.10e-12	55.1	113	752
011_11_RA17_GMCF3029a.meta__NODE_23421_length_870_cov_2.954601_2	REF050_FII_Blastochloris_viridis_Rhodopseudomo_A0A0H5BCZ6	33.6	110	2	105	664	773	5.34e-12	53.9	113	788
011_11_RA17_GMCF3029a.meta__NODE_23421_length_870_cov_2.954601_2	REF047_FII_Meiothermus_granaticius_NBRC_107808_A0A399F9R8	37.1	97	2	92	661	757	8.76e-11	50.4	113	789
011_11_RA17_GMCF3029a.meta__NODE_24705_length_850_cov_4.051572_1	REF066_OUT_Rhodobacter_capsulatus_Rhodopseudom_O54051	48.6	255	45	281	164	417	1.37e-76	241	283	777
011_11_RA17_GMCF3029a.meta__NODE_24705_length_850_cov_4.051572_1	REF063_OUT_Bos_taurus_Bovine__P80457	39.8	254	23	274	710	960	5.46e-53	178	283	1332
011_11_RA17_GMCF3029a.meta__NODE_24705_length_850_cov_4.051572_1	REF065_OUT_Megalodesulfovibrio_gigas_Desulfovi_Q46509	28.9	249	27	274	337	581	8.32e-26	99.8	283	907
011_11_RA17_GMCF3029a.meta__NODE_24705_length_850_cov_4.051572_1	REF064_OUT_Escherichia_coli_strain_K12__Q46799	28.2	238	21	257	148	383	2.17e-24	95.5	283	752
011_11_RA17_GMCF3029a.meta__NODE_24705_length_850_cov_4.051572_1	REF038_FII_Kyrpidia_spormannii_A0A2K8N8V7	29.6	203	77	274	215	414	2.18e-18	77.8	283	780
011_11_RA17_GMCF3029a.meta__NODE_26381_length_826_cov_4.274968_1	REF063_OUT_Bos_taurus_Bovine__P80457	34.0	285	1	265	27	306	2.07e-41	144	271	1332
011_11_RA17_GMCF3029a.meta__NODE_26381_length_826_cov_4.274968_1	REF065_OUT_Megalodesulfovibrio_gigas_Desulfovi_Q46509	37.2	137	2	135	25	148	1.35e-21	87.0	271	907
011_11_RA17_GMCF3029a.meta__NODE_26634_length_823_cov_3.751302_1	REF063_OUT_Bos_taurus_Bovine__P80457	49.4	261	1	261	780	1038	2.37e-77	247	261	1332
011_11_RA17_GMCF3029a.meta__NODE_26634_length_823_cov_3.751302_1	REF066_OUT_Rhodobacter_capsulatus_Rhodopseudom_O54051	45.2	279	1	261	210	488	2.51e-74	234	261	777
011_11_RA17_GMCF3029a.meta__NODE_26634_length_823_cov_3.751302_1	REF065_OUT_Megalodesulfovibrio_gigas_Desulfovi_Q46509	27.5	255	1	255	403	647	5.92e-22	87.8	261	907
011_11_RA17_GMCF3029a.meta__NODE_26634_length_823_cov_3.751302_1	REF045_FII_Albidovulum_aquaemixtae_A0A2R8B4Q9	27.5	265	1	255	238	493	1.58e-20	83.6	261	788
011_11_RA17_GMCF3029a.meta__NODE_26634_length_823_cov_3.751302_1	REF044_FII_Sulfoacidibacillus_ferrooxidans_A0A9X1V6V7	29.3	184	1	182	230	409	5.83e-19	79.0	261	784
011_11_RA17_GMCF3029a.meta__NODE_26642_length_823_cov_3.269531_1	REF066_OUT_Rhodobacter_capsulatus_Rhodopseudom_O54051	56.8	273	1	273	416	688	2.26e-98	298	274	777
011_11_RA17_GMCF3029a.meta__NODE_26642_length_823_cov_3.269531_1	REF063_OUT_Bos_taurus_Bovine__P80457	45.6	270	4	273	969	1219	1.40e-67	220	274	1332
011_11_RA17_GMCF3029a.meta__NODE_26642_length_823_cov_3.269531_1	REF035_FII_Ardenticatena_maritima_A0A0M8K8I5	29.8	235	51	273	479	702	1.38e-18	78.2	274	789
011_11_RA17_GMCF3029a.meta__NODE_26642_length_823_cov_3.269531_1	REF058_FII_Cupriavidus_laharis_A0ABM8XSX1	27.5	218	56	269	491	701	1.21e-16	72.4	274	791
011_11_RA17_GMCF3029a.meta__NODE_26642_length_823_cov_3.269531_1	REF012_FI_Bacillus_methanolicus_strain_MGA3_A_I3E8H4	27.9	226	54	271	483	695	2.94e-16	71.2	274	783
011_11_RA17_GMCF3029a.meta__NODE_27276_length_815_cov_3.222368_2	REF065_OUT_Megalodesulfovibrio_gigas_Desulfovi_Q46509	37.0	135	15	144	26	160	5.82e-24	89.7	151	907
011_11_RA17_GMCF3029a.meta__NODE_27276_length_815_cov_3.222368_2	REF063_OUT_Bos_taurus_Bovine__P80457	30.1	143	9	138	23	165	4.88e-18	72.8	151	1332
011_11_RA17_GMCF3029a.meta__NODE_29998_length_784_cov_2.853224_1	REF065_OUT_Megalodesulfovibrio_gigas_Desulfovi_Q46509	37.6	133	22	150	26	158	5.60e-26	95.5	151	907
011_11_RA17_GMCF3029a.meta__NODE_29998_length_784_cov_2.853224_1	REF063_OUT_Bos_taurus_Bovine__P80457	33.6	134	16	137	23	156	2.55e-20	79.3	151	1332
011_11_RA17_GMCF3029a.meta__NODE_31743_length_767_cov_2.321629_1	REF064_OUT_Escherichia_coli_strain_K12__Q46799	32.8	119	106	217	620	737	1.23e-12	59.3	224	752
011_11_RA17_GMCF3029a.meta__NODE_32092_length_764_cov_1.517630_2	REF065_OUT_Megalodesulfovibrio_gigas_Desulfovi_Q46509	38.9	157	3	153	6	162	5.02e-32	113	169	907
011_11_RA17_GMCF3029a.meta__NODE_32092_length_764_cov_1.517630_2	REF063_OUT_Bos_taurus_Bovine__P80457	34.4	157	5	148	10	166	4.33e-24	90.9	169	1332
011_11_RA17_GMCF3029a.meta__NODE_33538_length_750_cov_1.955396_1	REF053_FII_Nocardioides_aquaticus_A0ABX8EDS7	30.4	125	104	227	190	312	1.98e-11	55.8	228	828
011_11_RA17_GMCF3029a.meta__NODE_33632_length_749_cov_2.475504_2	REF065_OUT_Megalodesulfovibrio_gigas_Desulfovi_Q46509	54.3	46	8	53	860	905	2.80e-11	49.7	65	907
011_11_RA17_GMCF3029a.meta__NODE_33632_length_749_cov_2.475504_2	REF036_FII_Calidithermus_roseus_A0A399EKG8	48.0	50	9	58	715	764	3.82e-11	49.3	65	764
011_11_RA17_GMCF3029a.meta__NODE_36626_length_724_cov_1.799701_1	REF065_OUT_Megalodesulfovibrio_gigas_Desulfovi_Q46509	41.6	202	7	194	8	209	7.35e-39	134	197	907
011_11_RA17_GMCF3029a.meta__NODE_36626_length_724_cov_1.799701_1	REF063_OUT_Bos_taurus_Bovine__P80457	40.0	150	5	142	8	157	1.62e-26	99.0	197	1332
011_11_RA17_GMCF3029a.meta__NODE_37814_length_715_cov_1.619697_2	REF065_OUT_Megalodesulfovibrio_gigas_Desulfovi_Q46509	42.3	149	18	161	6	154	7.58e-33	115	168	907
011_11_RA17_GMCF3029a.meta__NODE_37814_length_715_cov_1.619697_2	REF063_OUT_Bos_taurus_Bovine__P80457	34.0	156	20	162	10	165	5.85e-22	84.7	168	1332
011_11_RA17_GMCF3029a.meta__NODE_38012_length_713_cov_2.813070_1	REF063_OUT_Bos_taurus_Bovine__P80457	43.6	55	6	60	112	166	1.68e-12	53.1	65	1332
011_11_RA17_GMCF3029a.meta__NODE_38710_length_708_cov_2.669219_1	REF064_OUT_Escherichia_coli_strain_K12__Q46799	34.5	119	111	222	620	737	1.35e-12	59.3	229	752
011_11_RA17_GMCF3029a.meta__NODE_40613_length_694_cov_2.165884_1	REF066_OUT_Rhodobacter_capsulatus_Rhodopseudom_O54051	50.4	230	3	231	30	258	1.33e-66	212	231	777
011_11_RA17_GMCF3029a.meta__NODE_40613_length_694_cov_2.165884_1	REF063_OUT_Bos_taurus_Bovine__P80457	39.6	227	6	231	603	828	2.98e-48	162	231	1332
011_11_RA17_GMCF3029a.meta__NODE_40613_length_694_cov_2.165884_1	REF065_OUT_Megalodesulfovibrio_gigas_Desulfovi_Q46509	29.6	247	3	231	205	449	2.58e-25	96.7	231	907
011_11_RA17_GMCF3029a.meta__NODE_40613_length_694_cov_2.165884_1	REF043_FII_Deinococcus_aluminii_A0ABP9XBM4	31.9	248	2	227	34	279	5.85e-21	84.0	231	796
011_11_RA17_GMCF3029a.meta__NODE_40613_length_694_cov_2.165884_1	REF038_FII_Kyrpidia_spormannii_A0A2K8N8V7	30.0	267	1	231	29	277	7.50e-19	77.8	231	780
011_11_RA17_GMCF3029a.meta__NODE_40685_length_693_cov_3.816614_1	REF065_OUT_Megalodesulfovibrio_gigas_Desulfovi_Q46509	38.6	153	1	149	1	153	5.53e-32	112	154	907
011_11_RA17_GMCF3029a.meta__NODE_40685_length_693_cov_3.816614_1	REF063_OUT_Bos_taurus_Bovine__P80457	36.6	145	17	149	20	164	4.72e-26	95.9	154	1332
011_11_RA17_GMCF3029a.meta__NODE_41642_length_686_cov_7.407290_1	REF066_OUT_Rhodobacter_capsulatus_Rhodopseudom_O54051	51.1	188	8	195	190	377	4.30e-62	200	228	777
011_11_RA17_GMCF3029a.meta__NODE_41642_length_686_cov_7.407290_1	REF063_OUT_Bos_taurus_Bovine__P80457	42.3	201	1	199	752	951	1.12e-44	152	228	1332
011_11_RA17_GMCF3029a.meta__NODE_41642_length_686_cov_7.407290_1	REF064_OUT_Escherichia_coli_strain_K12__Q46799	30.2	192	3	193	194	383	7.27e-21	83.6	228	752
011_11_RA17_GMCF3029a.meta__NODE_41642_length_686_cov_7.407290_1	REF065_OUT_Megalodesulfovibrio_gigas_Desulfovi_Q46509	29.3	174	22	195	397	568	1.33e-18	77.0	228	907
011_11_RA17_GMCF3029a.meta__NODE_41642_length_686_cov_7.407290_1	REF059_FII_Streptomonospora_litoralis_A0A4P6PZM8	28.4	183	13	194	225	406	1.75e-18	76.6	228	800
011_11_RA17_GMCF3029a.meta__NODE_42904_length_678_cov_3.226324_1	REF066_OUT_Rhodobacter_capsulatus_Rhodopseudom_O54051	51.5	202	1	202	177	377	2.06e-66	211	225	777
011_11_RA17_GMCF3029a.meta__NODE_42904_length_678_cov_3.226324_1	REF063_OUT_Bos_taurus_Bovine__P80457	42.2	204	1	202	745	947	4.61e-46	156	225	1332
011_11_RA17_GMCF3029a.meta__NODE_42904_length_678_cov_3.226324_1	REF064_OUT_Escherichia_coli_strain_K12__Q46799	30.5	210	1	209	185	390	4.97e-21	84.0	225	752
011_11_RA17_GMCF3029a.meta__NODE_42904_length_678_cov_3.226324_1	REF065_OUT_Megalodesulfovibrio_gigas_Desulfovi_Q46509	28.0	207	1	207	369	571	5.92e-20	80.9	225	907
011_11_RA17_GMCF3029a.meta__NODE_42904_length_678_cov_3.226324_1	REF059_FII_Streptomonospora_litoralis_A0A4P6PZM8	27.9	183	20	201	225	406	7.42e-18	74.7	225	800
011_11_RA17_GMCF3029a.meta__NODE_46337_length_657_cov_3.375415_1	REF066_OUT_Rhodobacter_capsulatus_Rhodopseudom_O54051	39.0	210	2	209	433	638	2.75e-44	150	218	777
011_11_RA17_GMCF3029a.meta__NODE_46337_length_657_cov_3.375415_1	REF063_OUT_Bos_taurus_Bovine__P80457	36.2	210	2	211	983	1171	6.34e-37	129	218	1332
011_11_RA17_GMCF3029a.meta__NODE_48153_length_647_cov_2.579392_1	REF066_OUT_Rhodobacter_capsulatus_Rhodopseudom_O54051	51.1	137	1	135	525	654	2.32e-34	119	149	777
011_11_RA17_GMCF3029a.meta__NODE_48153_length_647_cov_2.579392_1	REF063_OUT_Bos_taurus_Bovine__P80457	38.0	129	1	129	1075	1179	2.08e-19	76.6	149	1332
011_11_RA17_GMCF3029a.meta__NODE_48153_length_647_cov_2.579392_2	REF066_OUT_Rhodobacter_capsulatus_Rhodopseudom_O54051	59.0	83	1	83	688	767	3.78e-24	88.6	113	777
011_11_RA17_GMCF3029a.meta__NODE_48153_length_647_cov_2.579392_2	REF063_OUT_Bos_taurus_Bovine__P80457	51.1	94	1	87	1219	1310	4.13e-22	82.8	113	1332
011_11_RA17_GMCF3029a.meta__NODE_48905_length_643_cov_2.787415_1	REF066_OUT_Rhodobacter_capsulatus_Rhodopseudom_O54051	54.9	224	1	210	336	559	2.44e-73	229	214	777
011_11_RA17_GMCF3029a.meta__NODE_48905_length_643_cov_2.787415_1	REF063_OUT_Bos_taurus_Bovine__P80457	47.1	204	2	205	907	1104	2.53e-51	171	214	1332
011_11_RA17_GMCF3029a.meta__NODE_48905_length_643_cov_2.787415_1	REF046_FII_Amycolatopsis_bartoniae_A0A8H9IQQ2	26.5	204	5	208	347	544	6.41e-17	71.6	214	752
011_11_RA17_GMCF3029a.meta__NODE_48905_length_643_cov_2.787415_1	REF049_FII_Gandjariella_thermophila_A0A4D4J4W8	28.6	210	5	207	347	543	3.96e-16	69.3	214	752
011_11_RA17_GMCF3029a.meta__NODE_48905_length_643_cov_2.787415_1	REF034_FII_Actinoallomurus_iriomotensis_A0A9W6W744	28.2	209	5	213	346	549	2.43e-15	67.0	214	751
011_11_RA17_GMCF3029a.meta__NODE_50561_length_635_cov_1.815517_1	REF040_FII_Nitrolancea_hollandica_Lb_I4ED45	32.0	125	89	207	631	754	1.58e-13	61.6	211	784
011_11_RA17_GMCF3029a.meta__NODE_50561_length_635_cov_1.815517_1	REF037_FII_Fibrella_aestuarina_BUZ_2_I0KFJ2	31.2	125	89	207	646	769	2.14e-13	61.2	211	796
011_11_RA17_GMCF3029a.meta__NODE_50561_length_635_cov_1.815517_1	REF035_FII_Ardenticatena_maritima_A0A0M8K8I5	30.4	125	89	207	634	757	7.90e-12	56.6	211	789
011_11_RA17_GMCF3029a.meta__NODE_50561_length_635_cov_1.815517_1	REF061_FII_Streptomyces_smaragdinus_A0A7K0CAR3	28.2	124	89	206	629	751	3.54e-11	54.7	211	791
011_11_RA17_GMCF3029a.meta__NODE_50561_length_635_cov_1.815517_1	REF047_FII_Meiothermus_granaticius_NBRC_107808_A0A399F9R8	29.6	125	89	207	631	754	4.77e-11	54.3	211	789
011_11_RA17_GMCF3029a.meta__NODE_50823_length_633_cov_3.396194_2	REF066_OUT_Rhodobacter_capsulatus_Rhodopseudom_O54051	47.9	71	11	81	8	78	9.04e-18	68.9	82	777
011_11_RA17_GMCF3029a.meta__NODE_50823_length_633_cov_3.396194_2	REF063_OUT_Bos_taurus_Bovine__P80457	41.0	78	3	80	570	647	7.86e-14	57.8	82	1332
011_11_RA17_GMCF3029a.meta__NODE_50823_length_633_cov_3.396194_2	REF037_FII_Fibrella_aestuarina_BUZ_2_I0KFJ2	46.9	64	19	80	25	87	4.50e-12	52.8	82	796
011_11_RA17_GMCF3029a.meta__NODE_50823_length_633_cov_3.396194_2	REF051_FII_Modestobacter_italicus_strain_DSM_4_I4F486	45.8	59	17	73	15	73	5.49e-11	49.7	82	763
011_11_RA17_GMCF3029a.meta__NODE_52494_length_625_cov_1.610526_2	REF041_FII_Actibacterium_lipolyticum_A0A238JRA4	65.3	49	1	49	715	763	4.95e-19	70.9	50	765
011_11_RA17_GMCF3029a.meta__NODE_52494_length_625_cov_1.610526_2	REF056_FII_Comamonas_aquatilis_A0ACE2T5A2	53.5	43	1	43	748	790	9.75e-14	55.8	50	795
011_11_RA17_GMCF3029a.meta__NODE_52494_length_625_cov_1.610526_2	REF053_FII_Nocardioides_aquaticus_A0ABX8EDS7	61.0	41	1	41	748	788	1.83e-13	55.1	50	828
011_11_RA17_GMCF3029a.meta__NODE_52494_length_625_cov_1.610526_2	REF058_FII_Cupriavidus_laharis_A0ABM8XSX1	53.5	43	1	43	744	786	4.67e-13	53.9	50	791
011_11_RA17_GMCF3029a.meta__NODE_52494_length_625_cov_1.610526_2	REF051_FII_Modestobacter_italicus_strain_DSM_4_I4F486	61.0	41	1	41	709	749	1.19e-12	52.8	50	763
011_11_RA17_GMCF3029a.meta__NODE_54416_length_615_cov_2.960714_1	REF064_OUT_Escherichia_coli_strain_K12__Q46799	29.2	171	9	172	103	269	4.11e-14	63.2	205	752
011_11_RA17_GMCF3029a.meta__NODE_56437_length_606_cov_3.021779_1	REF065_OUT_Megalodesulfovibrio_gigas_Desulfovi_Q46509	36.6	131	15	140	27	157	1.28e-24	91.3	143	907
011_11_RA17_GMCF3029a.meta__NODE_56437_length_606_cov_3.021779_1	REF063_OUT_Bos_taurus_Bovine__P80457	29.9	134	8	128	23	156	2.41e-17	70.5	143	1332
011_11_RA17_GMCF3029a.meta__NODE_57565_length_601_cov_3.956044_1	REF008_FI_Paraburkholderia_xenovorans_strain__Q13YL7	78.2	119	13	131	14	132	1.37e-62	197	131	803
011_11_RA17_GMCF3029a.meta__NODE_57565_length_601_cov_3.956044_1	REF022_FI_Paraburkholderia_dioscoreae_A0A5Q4ZDG8	78.2	119	13	131	14	132	1.37e-62	197	131	803
011_11_RA17_GMCF3029a.meta__NODE_57565_length_601_cov_3.956044_1	REF007_FI_Paraburkholderia_xenovorans_strain__Q13IY1	76.5	119	13	131	14	132	3.55e-61	193	131	803
011_11_RA17_GMCF3029a.meta__NODE_57565_length_601_cov_3.956044_1	REF024_FI_Pararobbsia_alpina_A0A6S7D3Z5	76.5	119	13	131	14	132	4.76e-60	190	131	803
011_11_RA17_GMCF3029a.meta__NODE_57565_length_601_cov_3.956044_1	REF009_FI_Cupriavidus_numazuensis_A0ABM8THX1	77.3	119	13	131	15	133	1.27e-59	189	131	804
011_11_RA17_GMCF3029a.meta__NODE_58775_length_596_cov_4.105360_1	REF063_OUT_Bos_taurus_Bovine__P80457	27.7	191	4	192	605	782	6.17e-15	65.5	198	1332
011_11_RA17_GMCF3029a.meta__NODE_58775_length_596_cov_4.105360_1	REF034_FII_Actinoallomurus_iriomotensis_A0A9W6W744	29.7	192	7	198	41	225	6.44e-14	62.4	198	751
011_11_RA17_GMCF3029a.meta__NODE_58775_length_596_cov_4.105360_1	REF036_FII_Calidithermus_roseus_A0A399EKG8	27.4	175	29	198	69	242	2.94e-13	60.5	198	764
011_11_RA17_GMCF3029a.meta__NODE_58775_length_596_cov_4.105360_1	REF065_OUT_Megalodesulfovibrio_gigas_Desulfovi_Q46509	25.7	179	29	197	234	410	4.60e-12	57.0	198	907
011_11_RA17_GMCF3029a.meta__NODE_60682_length_589_cov_1.803371_1	REF065_OUT_Megalodesulfovibrio_gigas_Desulfovi_Q46509	43.4	106	6	109	6	111	1.46e-24	90.5	129	907
011_11_RA17_GMCF3029a.meta__NODE_60682_length_589_cov_1.803371_1	REF063_OUT_Bos_taurus_Bovine__P80457	41.9	117	8	111	10	126	1.06e-19	76.6	129	1332
011_11_RA17_GMCF3029a.meta__NODE_61498_length_585_cov_5.484906_1	REF066_OUT_Rhodobacter_capsulatus_Rhodopseudom_O54051	57.5	193	1	193	543	735	1.17e-72	227	194	777
011_11_RA17_GMCF3029a.meta__NODE_61498_length_585_cov_5.484906_1	REF063_OUT_Bos_taurus_Bovine__P80457	51.0	155	39	193	1112	1266	1.32e-47	159	194	1332
011_11_RA17_GMCF3029a.meta__NODE_61498_length_585_cov_5.484906_1	REF035_FII_Ardenticatena_maritima_A0A0M8K8I5	29.1	196	11	194	570	748	1.14e-15	67.4	194	789
011_11_RA17_GMCF3029a.meta__NODE_61498_length_585_cov_5.484906_1	REF041_FII_Actibacterium_lipolyticum_A0A238JRA4	30.0	150	14	163	555	695	1.08e-13	61.6	194	765
011_11_RA17_GMCF3029a.meta__NODE_62124_length_583_cov_2.732955_1	REF066_OUT_Rhodobacter_capsulatus_Rhodopseudom_O54051	39.5	195	1	181	18	208	6.46e-37	128	194	777
011_11_RA17_GMCF3029a.meta__NODE_62124_length_583_cov_2.732955_1	REF063_OUT_Bos_taurus_Bovine__P80457	36.8	171	1	171	588	757	4.25e-29	106	194	1332
011_11_RA17_GMCF3029a.meta__NODE_62124_length_583_cov_2.732955_1	REF058_FII_Cupriavidus_laharis_A0ABM8XSX1	38.8	129	1	115	25	152	2.92e-17	72.0	194	791
011_11_RA17_GMCF3029a.meta__NODE_62124_length_583_cov_2.732955_1	REF050_FII_Blastochloris_viridis_Rhodopseudomo_A0A0H5BCZ6	32.7	168	1	154	21	174	5.37e-17	71.2	194	788
011_11_RA17_GMCF3029a.meta__NODE_62124_length_583_cov_2.732955_1	REF034_FII_Actinoallomurus_iriomotensis_A0A9W6W744	36.5	115	3	115	21	133	3.32e-16	68.9	194	751
011_11_RA17_GMCF3029a.meta__NODE_64906_length_573_cov_2.372587_1	REF066_OUT_Rhodobacter_capsulatus_Rhodopseudom_O54051	37.5	136	1	134	226	361	1.87e-21	82.0	139	777
011_11_RA17_GMCF3029a.meta__NODE_64906_length_573_cov_2.372587_1	REF064_OUT_Escherichia_coli_strain_K12__Q46799	33.8	139	1	138	235	373	4.90e-19	75.1	139	752
011_11_RA17_GMCF3029a.meta__NODE_64906_length_573_cov_2.372587_1	REF065_OUT_Megalodesulfovibrio_gigas_Desulfovi_Q46509	32.6	138	1	138	419	556	8.12e-18	71.6	139	907
011_11_RA17_GMCF3029a.meta__NODE_64906_length_573_cov_2.372587_1	REF034_FII_Actinoallomurus_iriomotensis_A0A9W6W744	29.5	139	1	138	233	371	2.09e-15	64.7	139	751
011_11_RA17_GMCF3029a.meta__NODE_64906_length_573_cov_2.372587_1	REF055_FII_Pseudonocardia_asaccharolytica_DSM__A0A511CWW9	28.6	140	1	138	241	379	2.20e-11	53.1	139	757
011_11_RA17_GMCF3029a.meta__NODE_66608_length_567_cov_1.892578_1	REF065_OUT_Megalodesulfovibrio_gigas_Desulfovi_Q46509	45.0	111	4	109	44	154	1.79e-24	91.7	162	907
011_11_RA17_GMCF3029a.meta__NODE_66608_length_567_cov_1.892578_1	REF063_OUT_Bos_taurus_Bovine__P80457	38.2	110	1	98	44	153	9.34e-18	72.4	162	1332
011_11_RA17_GMCF3029a.meta__NODE_70000_length_556_cov_1.684631_1	REF065_OUT_Megalodesulfovibrio_gigas_Desulfovi_Q46509	41.4	116	6	119	6	121	8.88e-24	87.8	119	907
011_11_RA17_GMCF3029a.meta__NODE_70000_length_556_cov_1.684631_1	REF063_OUT_Bos_taurus_Bovine__P80457	35.2	125	8	119	10	134	3.99e-20	77.4	119	1332
011_11_RA17_GMCF3029a.meta__NODE_74196_length_543_cov_2.364754_1	REF063_OUT_Bos_taurus_Bovine__P80457	27.6	217	9	180	137	352	6.29e-18	73.6	180	1332
011_11_RA17_GMCF3029a.meta__NODE_76014_length_538_cov_1.575569_1	REF065_OUT_Megalodesulfovibrio_gigas_Desulfovi_Q46509	44.3	122	26	143	26	147	4.44e-31	109	143	907
011_11_RA17_GMCF3029a.meta__NODE_76014_length_538_cov_1.575569_1	REF063_OUT_Bos_taurus_Bovine__P80457	35.6	149	2	138	5	153	2.06e-25	93.6	143	1332
011_11_RA17_GMCF3029a.meta__NODE_77252_length_534_cov_2.695198_1	REF054_FII_Cereibacter_sphaeroides_strain_ATCC_Q3J2E6	31.3	144	4	146	448	591	1.16e-20	81.3	177	790
011_11_RA17_GMCF3029a.meta__NODE_77252_length_534_cov_2.695198_1	REF035_FII_Ardenticatena_maritima_A0A0M8K8I5	29.7	175	2	175	443	617	2.91e-20	80.1	177	789
011_11_RA17_GMCF3029a.meta__NODE_77252_length_534_cov_2.695198_1	REF036_FII_Calidithermus_roseus_A0A399EKG8	32.8	177	2	177	439	599	3.94e-20	79.7	177	764
011_11_RA17_GMCF3029a.meta__NODE_77252_length_534_cov_2.695198_1	REF044_FII_Sulfoacidibacillus_ferrooxidans_A0A9X1V6V7	33.7	178	2	176	437	613	2.50e-19	77.4	177	784
011_11_RA17_GMCF3029a.meta__NODE_77252_length_534_cov_2.695198_1	REF058_FII_Cupriavidus_laharis_A0ABM8XSX1	33.3	144	5	147	449	592	2.51e-19	77.4	177	791
011_11_RA17_GMCF3029a.meta__NODE_78675_length_530_cov_3.056842_1	REF063_OUT_Bos_taurus_Bovine__P80457	38.7	168	1	168	802	969	7.17e-37	127	176	1332
011_11_RA17_GMCF3029a.meta__NODE_78675_length_530_cov_3.056842_1	REF066_OUT_Rhodobacter_capsulatus_Rhodopseudom_O54051	38.8	134	1	134	232	365	2.68e-26	97.4	176	777
011_11_RA17_GMCF3029a.meta__NODE_78675_length_530_cov_3.056842_1	REF065_OUT_Megalodesulfovibrio_gigas_Desulfovi_Q46509	28.6	147	10	156	432	578	2.14e-16	68.9	176	907
011_11_RA17_GMCF3029a.meta__NODE_78675_length_530_cov_3.056842_1	REF034_FII_Actinoallomurus_iriomotensis_A0A9W6W744	27.4	146	9	154	246	390	1.28e-13	60.8	176	751
011_11_RA17_GMCF3029a.meta__NODE_78675_length_530_cov_3.056842_1	REF064_OUT_Escherichia_coli_strain_K12__Q46799	31.3	144	10	150	248	389	1.74e-13	60.5	176	752
011_11_RA17_GMCF3029a.meta__NODE_80915_length_524_cov_2.820896_2	REF063_OUT_Bos_taurus_Bovine__P80457	53.9	89	1	89	833	921	3.41e-27	96.3	92	1332
011_11_RA17_GMCF3029a.meta__NODE_80915_length_524_cov_2.820896_2	REF066_OUT_Rhodobacter_capsulatus_Rhodopseudom_O54051	47.2	89	1	89	263	351	7.50e-26	92.4	92	777
011_11_RA17_GMCF3029a.meta__NODE_81520_length_523_cov_1.512821_2	REF066_OUT_Rhodobacter_capsulatus_Rhodopseudom_O54051	50.7	71	2	72	702	770	2.04e-17	67.8	79	777
011_11_RA17_GMCF3029a.meta__NODE_81520_length_523_cov_1.512821_2	REF063_OUT_Bos_taurus_Bovine__P80457	47.4	76	5	74	1236	1311	2.00e-14	59.3	79	1332
011_11_RA17_GMCF3029a.meta__NODE_81810_length_522_cov_2.083512_2	REF063_OUT_Bos_taurus_Bovine__P80457	39.6	101	1	100	6	102	1.90e-17	69.3	109	1332
011_11_RA17_GMCF3029a.meta__NODE_83220_length_518_cov_5.688985_1	REF066_OUT_Rhodobacter_capsulatus_Rhodopseudom_O54051	43.6	172	2	172	30	200	2.53e-38	131	172	777
011_11_RA17_GMCF3029a.meta__NODE_83220_length_518_cov_5.688985_1	REF063_OUT_Bos_taurus_Bovine__P80457	37.5	160	12	170	610	768	8.64e-26	95.9	172	1332
011_11_RA17_GMCF3029a.meta__NODE_83220_length_518_cov_5.688985_1	REF058_FII_Cupriavidus_laharis_A0ABM8XSX1	40.2	107	12	104	46	152	2.97e-17	71.2	172	791
011_11_RA17_GMCF3029a.meta__NODE_83220_length_518_cov_5.688985_1	REF065_OUT_Megalodesulfovibrio_gigas_Desulfovi_Q46509	30.2	182	2	165	205	386	4.12e-17	70.9	172	907
011_11_RA17_GMCF3029a.meta__NODE_83220_length_518_cov_5.688985_1	REF050_FII_Blastochloris_viridis_Rhodopseudomo_A0A0H5BCZ6	31.0	155	3	143	33	174	2.96e-15	65.5	172	788
011_11_RA17_GMCF3029a.meta__NODE_84851_length_514_cov_19.712418_1	REF063_OUT_Bos_taurus_Bovine__P80457	42.7	96	15	108	8	103	6.29e-21	79.3	111	1332
011_11_RA17_GMCF3029a.meta__NODE_86173_length_511_cov_3.122807_1	REF063_OUT_Bos_taurus_Bovine__P80457	32.7	202	2	168	71	266	1.93e-29	106	170	1332
011_11_RA17_GMCF3029a.meta__NODE_86173_length_511_cov_3.122807_1	REF065_OUT_Megalodesulfovibrio_gigas_Desulfovi_Q46509	35.8	95	1	94	57	148	3.32e-14	62.4	170	907
011_11_RA17_GMCF3029a.meta__NODE_88700_length_506_cov_1.494457_1	REF050_FII_Blastochloris_viridis_Rhodopseudomo_A0A0H5BCZ6	32.3	130	19	142	643	772	2.05e-12	56.6	153	788
011_11_RA17_GMCF3029a.sc__NODE_19_length_6235_cov_6.190615_4	REF065_OUT_Megalodesulfovibrio_gigas_Desulfovi_Q46509	37.9	153	1	149	1	153	8.97e-31	109	154	907
011_11_RA17_GMCF3029a.sc__NODE_19_length_6235_cov_6.190615_4	REF063_OUT_Bos_taurus_Bovine__P80457	40.8	147	8	141	10	156	3.82e-29	104	154	1332
011_11_RA17_GMCF3029a.sc__NODE_19_length_6235_cov_6.190615_5	REF064_OUT_Escherichia_coli_strain_K12__Q46799	23.9	394	202	550	1	381	5.53e-13	64.7	739	752
011_11_RA17_GMCF3029a.sc__NODE_19_length_6235_cov_6.190615_5	REF036_FII_Calidithermus_roseus_A0A399EKG8	31.9	141	597	730	615	753	3.81e-12	62.0	739	764
011_11_RA17_GMCF3029a.sc__NODE_19_length_6235_cov_6.190615_5	REF026_FI_Polymorphum_gilvum_strain_LMG_25793_F2IW51	25.5	415	197	550	18	416	3.90e-12	62.0	739	806
011_11_RA17_GMCF3029a.sc__NODE_19_length_6235_cov_6.190615_5	REF057_FII_Rhodococcus_coprophilus_A0A2X4U3L5	22.8	404	197	549	13	403	3.91e-12	62.0	739	808
011_11_RA17_GMCF3029a.sc__NODE_19_length_6235_cov_6.190615_5	REF015_FI_Antarctobacter_heliothermus_A0A222E7I6	23.4	410	197	549	18	414	5.13e-12	61.6	739	805
011_11_RA17_GMCF3029a.sc__NODE_85_length_4953_cov_3.766639_1	REF064_OUT_Escherichia_coli_strain_K12__Q46799	33.6	107	6	110	164	269	7.83e-11	53.5	206	752
011_11_RA17_GMCF3029a.sc__NODE_645_length_3124_cov_3.506680_1	REF064_OUT_Escherichia_coli_strain_K12__Q46799	41.4	58	3	60	685	742	7.36e-13	54.3	68	752
011_11_RA17_GMCF3029a.sc__NODE_645_length_3124_cov_3.506680_1	REF023_FI_Rhodococcus_gordoniae_A0A379LVU4	41.5	65	3	64	725	789	1.89e-12	53.1	68	797
011_11_RA17_GMCF3029a.sc__NODE_645_length_3124_cov_3.506680_1	REF065_OUT_Megalodesulfovibrio_gigas_Desulfovi_Q46509	43.1	58	7	64	848	905	1.70e-11	50.4	68	907
011_11_RA17_GMCF3029a.sc__NODE_645_length_3124_cov_3.506680_1	REF002_FI_Mycolicibacterium_smegmatis_strain__A0QQG4	40.0	65	3	64	727	791	4.33e-11	49.3	68	799
011_11_RA17_GMCF3029a.sc__NODE_645_length_3124_cov_3.506680_1	REF013_FI_Capillimicrobium_parvum_A0A9E6Y1X1	41.5	65	3	64	735	799	4.33e-11	49.3	68	807
011_11_RA17_GMCF3029a.sc__NODE_1703_length_2369_cov_2.186690_4	REF064_OUT_Escherichia_coli_strain_K12__Q46799	42.1	145	80	218	605	749	8.93e-32	115	227	752
011_11_RA17_GMCF3029a.sc__NODE_1703_length_2369_cov_2.186690_4	REF042_FII_Actinomadura_macrotermitis_A0A7K0C220	39.1	174	52	216	601	774	9.12e-30	109	227	798
011_11_RA17_GMCF3029a.sc__NODE_1703_length_2369_cov_2.186690_4	REF056_FII_Comamonas_aquatilis_A0ACE2T5A2	38.3	149	81	220	647	795	1.96e-28	105	227	795
011_11_RA17_GMCF3029a.sc__NODE_1703_length_2369_cov_2.186690_4	REF065_OUT_Megalodesulfovibrio_gigas_Desulfovi_Q46509	42.6	148	70	215	758	905	3.73e-28	104	227	907
011_11_RA17_GMCF3029a.sc__NODE_1703_length_2369_cov_2.186690_4	REF061_FII_Streptomyces_smaragdinus_A0A7K0CAR3	38.3	149	78	218	631	779	9.05e-28	103	227	791
011_11_RA17_GMCF3029a.sc__NODE_2290_length_2166_cov_2.740881_2	REF066_OUT_Rhodobacter_capsulatus_Rhodopseudom_O54051	50.7	576	27	587	8	582	1.70e-185	535	588	777
011_11_RA17_GMCF3029a.sc__NODE_2290_length_2166_cov_2.740881_2	REF063_OUT_Bos_taurus_Bovine__P80457	43.1	534	27	559	578	1104	6.77e-130	405	588	1332
011_11_RA17_GMCF3029a.sc__NODE_2290_length_2166_cov_2.740881_2	REF064_OUT_Escherichia_coli_strain_K12__Q46799	28.0	504	35	517	9	498	5.40e-42	154	588	752
011_11_RA17_GMCF3029a.sc__NODE_2290_length_2166_cov_2.740881_2	REF065_OUT_Megalodesulfovibrio_gigas_Desulfovi_Q46509	26.8	527	49	554	205	717	8.53e-42	154	588	907
011_11_RA17_GMCF3029a.sc__NODE_2290_length_2166_cov_2.740881_2	REF049_FII_Gandjariella_thermophila_A0A4D4J4W8	26.4	569	40	576	22	558	1.78e-41	152	588	752
011_11_RA17_GMCF3029a.sc__NODE_2815_length_2024_cov_4.690198_1	REF064_OUT_Escherichia_coli_strain_K12__Q46799	42.8	138	2	133	605	742	3.42e-31	110	145	752
011_11_RA17_GMCF3029a.sc__NODE_2815_length_2024_cov_4.690198_1	REF023_FI_Rhodococcus_gordoniae_A0A379LVU4	40.7	145	2	138	646	790	1.63e-30	108	145	797
011_11_RA17_GMCF3029a.sc__NODE_2815_length_2024_cov_4.690198_1	REF016_FI_Mycobacterium_attenuatum_A0A498PSI1	40.7	145	2	138	651	795	1.63e-30	108	145	802
011_11_RA17_GMCF3029a.sc__NODE_2815_length_2024_cov_4.690198_1	REF061_FII_Streptomyces_smaragdinus_A0A7K0CAR3	38.6	145	2	138	633	777	3.02e-30	107	145	791
011_11_RA17_GMCF3029a.sc__NODE_2815_length_2024_cov_4.690198_1	REF002_FI_Mycolicibacterium_smegmatis_strain__A0QQG4	40.0	145	2	138	648	792	4.12e-30	107	145	799
011_11_RA17_GMCF3029a.sc__NODE_2819_length_2023_cov_5.811484_2	REF057_FII_Rhodococcus_coprophilus_A0A2X4U3L5	26.5	388	207	549	23	403	1.37e-18	82.4	636	808
011_11_RA17_GMCF3029a.sc__NODE_2819_length_2023_cov_5.811484_2	REF042_FII_Actinomadura_macrotermitis_A0A7K0C220	28.2	227	336	549	164	389	9.46e-15	70.1	636	798
011_11_RA17_GMCF3029a.sc__NODE_2819_length_2023_cov_5.811484_2	REF061_FII_Streptomyces_smaragdinus_A0A7K0CAR3	25.3	392	195	549	3	392	1.24e-14	69.7	636	791
011_11_RA17_GMCF3029a.sc__NODE_2819_length_2023_cov_5.811484_2	REF039_FII_Luteitalea_pratensis_A0A143PSW7	28.4	229	336	549	178	405	2.15e-14	68.9	636	787
011_11_RA17_GMCF3029a.sc__NODE_2819_length_2023_cov_5.811484_2	REF026_FI_Polymorphum_gilvum_strain_LMG_25793_F2IW51	23.7	422	187	550	6	416	4.97e-14	67.8	636	806
011_11_RA17_GMCF3029a.sc__NODE_3475_length_1898_cov_4.685296_1	REF066_OUT_Rhodobacter_capsulatus_Rhodopseudom_O54051	46.2	106	22	127	9	114	1.17e-24	90.9	132	777
011_11_RA17_GMCF3029a.sc__NODE_3475_length_1898_cov_4.685296_1	REF046_FII_Amycolatopsis_bartoniae_A0A8H9IQQ2	42.3	97	34	127	22	116	1.03e-16	68.2	132	752
011_11_RA17_GMCF3029a.sc__NODE_3475_length_1898_cov_4.685296_1	REF063_OUT_Bos_taurus_Bovine__P80457	38.5	104	22	125	579	681	2.73e-16	67.0	132	1332
011_11_RA17_GMCF3029a.sc__NODE_3475_length_1898_cov_4.685296_1	REF036_FII_Calidithermus_roseus_A0A399EKG8	43.1	102	29	125	27	127	6.61e-16	65.9	132	764
011_11_RA17_GMCF3029a.sc__NODE_3475_length_1898_cov_4.685296_1	REF034_FII_Actinoallomurus_iriomotensis_A0A9W6W744	38.1	97	33	127	21	115	7.86e-15	62.8	132	751
011_11_RA17_GMCF3029a.sc__NODE_3475_length_1898_cov_4.685296_2	REF063_OUT_Bos_taurus_Bovine__P80457	29.4	500	1	465	27	521	6.02e-59	203	489	1332
011_11_RA17_GMCF3029a.sc__NODE_3475_length_1898_cov_4.685296_2	REF065_OUT_Megalodesulfovibrio_gigas_Desulfovi_Q46509	37.2	137	2	135	25	148	2.51e-20	87.0	489	907
011_11_RA17_GMCF3029a.sc__NODE_4033_length_1803_cov_3.864989_2	REF065_OUT_Megalodesulfovibrio_gigas_Desulfovi_Q46509	41.6	149	3	146	6	154	1.54e-32	114	153	907
011_11_RA17_GMCF3029a.sc__NODE_4033_length_1803_cov_3.864989_2	REF063_OUT_Bos_taurus_Bovine__P80457	39.7	141	20	148	26	166	1.37e-24	91.7	153	1332
011_11_RA17_GMCF3029a.sc__NODE_4080_length_1796_cov_3.253303_1	REF066_OUT_Rhodobacter_capsulatus_Rhodopseudom_O54051	44.1	481	130	591	27	506	1.62e-124	379	598	777
011_11_RA17_GMCF3029a.sc__NODE_4080_length_1796_cov_3.253303_1	REF063_OUT_Bos_taurus_Bovine__P80457	40.0	468	130	596	597	1061	2.08e-103	333	598	1332
011_11_RA17_GMCF3029a.sc__NODE_4080_length_1796_cov_3.253303_1	REF065_OUT_Megalodesulfovibrio_gigas_Desulfovi_Q46509	26.1	464	131	576	203	656	2.62e-37	140	598	907
011_11_RA17_GMCF3029a.sc__NODE_4080_length_1796_cov_3.253303_1	REF064_OUT_Escherichia_coli_strain_K12__Q46799	25.9	490	133	598	22	499	1.10e-36	138	598	752
011_11_RA17_GMCF3029a.sc__NODE_4080_length_1796_cov_3.253303_1	REF034_FII_Actinoallomurus_iriomotensis_A0A9W6W744	27.1	484	130	598	30	500	2.77e-33	128	598	751
011_11_RA17_GMCF3029a.sc__NODE_4260_length_1771_cov_3.729604_1	REF066_OUT_Rhodobacter_capsulatus_Rhodopseudom_O54051	47.4	97	4	100	3	99	1.75e-24	89.0	101	777
011_11_RA17_GMCF3029a.sc__NODE_4260_length_1771_cov_3.729604_1	REF051_FII_Modestobacter_italicus_strain_DSM_4_I4F486	32.7	107	1	99	1	107	5.85e-11	50.4	101	763
011_11_RA17_GMCF3029a.sc__NODE_4260_length_1771_cov_3.729604_2	REF063_OUT_Bos_taurus_Bovine__P80457	29.9	502	11	464	6	500	5.76e-57	197	490	1332
011_11_RA17_GMCF3029a.sc__NODE_4260_length_1771_cov_3.729604_2	REF065_OUT_Megalodesulfovibrio_gigas_Desulfovi_Q46509	33.3	165	18	173	3	152	1.83e-19	84.3	490	907
011_11_RA17_GMCF3029a.sc__NODE_6461_length_1534_cov_3.509804_2	REF065_OUT_Megalodesulfovibrio_gigas_Desulfovi_Q46509	34.2	152	5	151	6	157	1.57e-25	94.4	154	907
011_11_RA17_GMCF3029a.sc__NODE_6461_length_1534_cov_3.509804_2	REF063_OUT_Bos_taurus_Bovine__P80457	29.3	147	7	139	10	156	1.35e-17	71.6	154	1332
011_11_RA17_GMCF3029a.sc__NODE_8242_length_1412_cov_6.784819_1	REF066_OUT_Rhodobacter_capsulatus_Rhodopseudom_O54051	54.1	111	1	111	666	774	2.29e-36	123	117	777
011_11_RA17_GMCF3029a.sc__NODE_8242_length_1412_cov_6.784819_1	REF063_OUT_Bos_taurus_Bovine__P80457	47.0	115	1	109	1197	1311	5.25e-30	105	117	1332
011_11_RA17_GMCF3029a.sc__NODE_9339_length_1354_cov_3.230947_3	REF066_OUT_Rhodobacter_capsulatus_Rhodopseudom_O54051	59.0	83	1	83	688	767	4.19e-24	89.4	133	777
011_11_RA17_GMCF3029a.sc__NODE_9339_length_1354_cov_3.230947_3	REF063_OUT_Bos_taurus_Bovine__P80457	51.6	93	1	86	1219	1309	1.16e-21	82.4	133	1332
011_11_RA17_GMCF3029a.sc__NODE_9992_length_1327_cov_1.573113_1	REF014_FI_Deinococcus_caeni_A0ABP9UI58	25.7	311	172	434	18	316	8.19e-12	59.7	441	792
011_11_RA17_GMCF3029a.sc__NODE_9992_length_1327_cov_1.573113_1	REF017_FI_Meiothermus_granaticius_NBRC_107808_A0A399F476	24.4	315	172	434	16	325	1.90e-11	58.5	441	799
011_11_RA17_GMCF3029a.sc__NODE_10386_length_1310_cov_3.640637_3	REF065_OUT_Megalodesulfovibrio_gigas_Desulfovi_Q46509	45.1	82	3	82	2	83	3.03e-19	74.3	107	907
011_11_RA17_GMCF3029a.sc__NODE_10386_length_1310_cov_3.640637_3	REF063_OUT_Bos_taurus_Bovine__P80457	38.1	84	9	80	10	93	7.40e-11	50.4	107	1332
011_11_RA17_GMCF3029a.sc__NODE_11077_length_1282_cov_11.607987_1	REF014_FI_Deinococcus_caeni_A0ABP9UI58	23.6	402	49	413	13	404	3.99e-16	73.2	426	792
011_11_RA17_GMCF3029a.sc__NODE_11077_length_1282_cov_11.607987_1	REF005_FI_Thermogemmatispora_aurantia_A0A5J4K876	22.5	396	62	417	19	409	2.09e-14	67.8	426	791
011_11_RA17_GMCF3029a.sc__NODE_11077_length_1282_cov_11.607987_1	REF003_FI_Thermomicrobium_roseum_strain_ATCC__B9L450	22.5	408	60	417	13	400	6.40e-14	66.2	426	781
011_11_RA17_GMCF3029a.sc__NODE_11077_length_1282_cov_11.607987_1	REF017_FI_Meiothermus_granaticius_NBRC_107808_A0A399F476	22.1	435	48	417	9	417	1.13e-13	65.5	426	799
011_11_RA17_GMCF3029a.sc__NODE_11077_length_1282_cov_11.607987_1	REF035_FII_Ardenticatena_maritima_A0A0M8K8I5	23.7	409	51	413	4	399	3.27e-12	60.8	426	789
011_11_RA17_GMCF3029a.sc__NODE_11732_length_1256_cov_4.308077_2	REF066_OUT_Rhodobacter_capsulatus_Rhodopseudom_O54051	47.6	340	11	349	8	346	1.96e-95	293	349	777
011_11_RA17_GMCF3029a.sc__NODE_11732_length_1256_cov_4.308077_2	REF063_OUT_Bos_taurus_Bovine__P80457	40.4	349	3	349	570	916	1.82e-73	240	349	1332
011_11_RA17_GMCF3029a.sc__NODE_11732_length_1256_cov_4.308077_2	REF065_OUT_Megalodesulfovibrio_gigas_Desulfovi_Q46509	27.4	361	8	348	178	536	9.24e-30	113	349	907
011_11_RA17_GMCF3029a.sc__NODE_11732_length_1256_cov_4.308077_2	REF037_FII_Fibrella_aestuarina_BUZ_2_I0KFJ2	28.5	361	19	348	25	381	9.24e-26	101	349	796
011_11_RA17_GMCF3029a.sc__NODE_11732_length_1256_cov_4.308077_2	REF064_OUT_Escherichia_coli_strain_K12__Q46799	25.6	348	19	348	9	353	1.63e-25	100	349	752
011_11_RA17_GMCF3029a.sc__NODE_13048_length_1208_cov_6.758890_1	REF013_FI_Capillimicrobium_parvum_A0A9E6Y1X1	27.1	284	32	273	8	290	5.90e-16	72.4	402	807
011_11_RA17_GMCF3029a.sc__NODE_13048_length_1208_cov_6.758890_1	REF035_FII_Ardenticatena_maritima_A0A0M8K8I5	26.8	310	36	292	6	307	1.03e-15	71.6	402	789
011_11_RA17_GMCF3029a.sc__NODE_13048_length_1208_cov_6.758890_1	REF003_FI_Thermomicrobium_roseum_strain_ATCC__B9L450	26.0	285	36	278	7	288	7.52e-15	68.9	402	781
011_11_RA17_GMCF3029a.sc__NODE_13048_length_1208_cov_6.758890_1	REF040_FII_Nitrolancea_hollandica_Lb_I4ED45	26.1	414	36	391	5	400	1.33e-14	68.2	402	784
011_11_RA17_GMCF3029a.sc__NODE_13048_length_1208_cov_6.758890_1	REF047_FII_Meiothermus_granaticius_NBRC_107808_A0A399F9R8	26.8	291	36	276	4	288	2.35e-14	67.4	402	789
011_11_RA17_GMCF3029a.sc__NODE_13906_length_1182_cov_3.908607_1	REF065_OUT_Megalodesulfovibrio_gigas_Desulfovi_Q46509	36.5	178	38	212	23	199	4.02e-30	110	219	907
011_11_RA17_GMCF3029a.sc__NODE_13906_length_1182_cov_3.908607_1	REF063_OUT_Bos_taurus_Bovine__P80457	33.8	151	21	160	8	158	6.70e-25	95.1	219	1332
011_11_RA17_GMCF3029a.sc__NODE_14329_length_1170_cov_4.455605_2	REF063_OUT_Bos_taurus_Bovine__P80457	31.6	310	9	274	8	312	7.84e-39	138	296	1332
011_11_RA17_GMCF3029a.sc__NODE_14329_length_1170_cov_4.455605_2	REF065_OUT_Megalodesulfovibrio_gigas_Desulfovi_Q46509	37.0	173	15	174	5	163	6.18e-23	91.7	296	907
011_11_RA17_GMCF3029a.sc__NODE_16126_length_1122_cov_2.092784_2	REF066_OUT_Rhodobacter_capsulatus_Rhodopseudom_O54051	55.0	218	1	218	416	633	1.01e-69	220	224	777
011_11_RA17_GMCF3029a.sc__NODE_16126_length_1122_cov_2.092784_2	REF063_OUT_Bos_taurus_Bovine__P80457	42.3	215	4	218	969	1164	1.12e-45	155	224	1332
011_11_RA17_GMCF3029a.sc__NODE_16235_length_1119_cov_3.645677_1	REF003_FI_Thermomicrobium_roseum_strain_ATCC__B9L450	24.6	248	157	360	7	250	2.99e-11	57.4	373	781
011_11_RA17_GMCF3029a.sc__NODE_16625_length_1110_cov_1.272038_1	REF037_FII_Fibrella_aestuarina_BUZ_2_I0KFJ2	83.1	83	1	83	356	438	2.89e-44	144	84	796
011_11_RA17_GMCF3029a.sc__NODE_16625_length_1110_cov_1.272038_1	REF038_FII_Kyrpidia_spormannii_A0A2K8N8V7	58.8	80	3	82	343	418	3.98e-26	92.8	84	780
011_11_RA17_GMCF3029a.sc__NODE_16625_length_1110_cov_1.272038_1	REF045_FII_Albidovulum_aquaemixtae_A0A2R8B4Q9	59.3	81	2	82	350	426	3.99e-26	92.8	84	788
011_11_RA17_GMCF3029a.sc__NODE_16625_length_1110_cov_1.272038_1	REF035_FII_Ardenticatena_maritima_A0A0M8K8I5	58.8	80	3	82	349	424	3.99e-26	92.8	84	789
011_11_RA17_GMCF3029a.sc__NODE_16625_length_1110_cov_1.272038_1	REF056_FII_Comamonas_aquatilis_A0ACE2T5A2	57.3	82	1	82	357	432	5.44e-26	92.4	84	795
011_11_RA17_GMCF3029a.sc__NODE_16856_length_1105_cov_1.627619_2	REF065_OUT_Megalodesulfovibrio_gigas_Desulfovi_Q46509	41.6	202	7	194	8	209	7.35e-39	134	197	907
011_11_RA17_GMCF3029a.sc__NODE_16856_length_1105_cov_1.627619_2	REF063_OUT_Bos_taurus_Bovine__P80457	40.0	150	5	142	8	157	1.62e-26	99.0	197	1332
011_11_RA17_GMCF3029a.sc__NODE_18924_length_1060_cov_4.383085_2	REF065_OUT_Megalodesulfovibrio_gigas_Desulfovi_Q46509	41.6	149	3	146	6	154	1.77e-33	117	153	907
011_11_RA17_GMCF3029a.sc__NODE_18924_length_1060_cov_4.383085_2	REF063_OUT_Bos_taurus_Bovine__P80457	36.3	157	5	148	10	166	1.87e-24	91.3	153	1332
011_11_RA17_GMCF3029a.sc__NODE_20285_length_1033_cov_6.912065_1	REF066_OUT_Rhodobacter_capsulatus_Rhodopseudom_O54051	47.1	240	22	260	8	246	1.36e-61	200	261	777
011_11_RA17_GMCF3029a.sc__NODE_20285_length_1033_cov_6.912065_1	REF063_OUT_Bos_taurus_Bovine__P80457	39.8	241	22	261	578	817	2.03e-47	161	261	1332
011_11_RA17_GMCF3029a.sc__NODE_20285_length_1033_cov_6.912065_1	REF065_OUT_Megalodesulfovibrio_gigas_Desulfovi_Q46509	30.0	250	21	250	180	429	5.92e-22	87.8	261	907
011_11_RA17_GMCF3029a.sc__NODE_20285_length_1033_cov_6.912065_1	REF058_FII_Cupriavidus_laharis_A0ABM8XSX1	31.7	243	30	245	23	262	3.90e-20	82.4	261	791
011_11_RA17_GMCF3029a.sc__NODE_20285_length_1033_cov_6.912065_1	REF064_OUT_Escherichia_coli_strain_K12__Q46799	26.9	238	26	246	5	241	1.16e-17	75.1	261	752
011_11_RA17_GMCF3029a.sc__NODE_20610_length_1028_cov_2.209661_1	REF064_OUT_Escherichia_coli_strain_K12__Q46799	34.5	119	218	329	620	737	5.37e-12	59.3	336	752
011_11_RA17_GMCF3029a.sc__NODE_21881_length_1006_cov_2.182965_2	REF063_OUT_Bos_taurus_Bovine__P80457	43.3	120	1	113	1186	1305	1.31e-25	93.2	122	1332
011_11_RA17_GMCF3029a.sc__NODE_21881_length_1006_cov_2.182965_2	REF066_OUT_Rhodobacter_capsulatus_Rhodopseudom_O54051	35.5	121	1	121	655	774	1.52e-24	90.1	122	777
011_11_RA17_GMCF3029a.sc__NODE_22482_length_996_cov_7.455898_1	REF063_OUT_Bos_taurus_Bovine__P80457	23.5	311	1	256	142	443	1.19e-22	90.5	280	1332
011_11_RA17_GMCF3029a.sc__NODE_22626_length_994_cov_3.570820_2	REF063_OUT_Bos_taurus_Bovine__P80457	46.6	58	9	66	2	59	6.62e-14	57.4	70	1332
011_11_RA17_GMCF3029a.sc__NODE_23901_length_975_cov_1.682609_1	REF065_OUT_Megalodesulfovibrio_gigas_Desulfovi_Q46509	41.4	116	6	119	6	121	8.88e-24	87.8	119	907
011_11_RA17_GMCF3029a.sc__NODE_23901_length_975_cov_1.682609_1	REF063_OUT_Bos_taurus_Bovine__P80457	35.2	125	8	119	10	134	3.99e-20	77.4	119	1332
011_11_RA17_GMCF3029a.sc__NODE_24685_length_963_cov_7.928414_1	REF066_OUT_Rhodobacter_capsulatus_Rhodopseudom_O54051	46.7	336	3	320	239	574	1.39e-95	293	320	777
011_11_RA17_GMCF3029a.sc__NODE_24685_length_963_cov_7.928414_1	REF063_OUT_Bos_taurus_Bovine__P80457	40.3	300	1	300	807	1104	1.08e-63	211	320	1332
011_11_RA17_GMCF3029a.sc__NODE_24685_length_963_cov_7.928414_1	REF034_FII_Actinoallomurus_iriomotensis_A0A9W6W744	25.2	322	5	318	247	559	2.60e-20	84.3	320	751
011_11_RA17_GMCF3029a.sc__NODE_24685_length_963_cov_7.928414_1	REF064_OUT_Escherichia_coli_strain_K12__Q46799	27.6	243	16	258	260	498	6.33e-20	83.2	320	752
011_11_RA17_GMCF3029a.sc__NODE_24685_length_963_cov_7.928414_1	REF036_FII_Calidithermus_roseus_A0A399EKG8	25.5	310	5	313	264	566	3.97e-18	77.8	320	764
011_11_RA17_GMCF3029a.sc__NODE_25189_length_957_cov_1.424612_2	REF063_OUT_Bos_taurus_Bovine__P80457	57.9	76	2	77	968	1043	2.78e-28	99.0	84	1332
011_11_RA17_GMCF3029a.sc__NODE_25189_length_957_cov_1.424612_2	REF066_OUT_Rhodobacter_capsulatus_Rhodopseudom_O54051	55.4	74	4	77	420	493	3.52e-25	90.1	84	777
011_11_RA17_GMCF3029a.sc__NODE_25403_length_954_cov_2.161290_1	REF066_OUT_Rhodobacter_capsulatus_Rhodopseudom_O54051	47.9	313	2	296	351	658	2.00e-86	268	296	777
011_11_RA17_GMCF3029a.sc__NODE_25403_length_954_cov_2.161290_1	REF063_OUT_Bos_taurus_Bovine__P80457	41.2	296	1	296	920	1189	3.53e-66	217	296	1332
011_11_RA17_GMCF3029a.sc__NODE_25403_length_954_cov_2.161290_1	REF057_FII_Rhodococcus_coprophilus_A0A2X4U3L5	25.0	308	3	295	383	676	5.97e-15	67.8	296	808
011_11_RA17_GMCF3029a.sc__NODE_25403_length_954_cov_2.161290_1	REF058_FII_Cupriavidus_laharis_A0ABM8XSX1	24.6	309	5	295	386	674	6.18e-14	64.7	296	791
011_11_RA17_GMCF3029a.sc__NODE_25403_length_954_cov_2.161290_1	REF046_FII_Amycolatopsis_bartoniae_A0A8H9IQQ2	25.9	301	3	295	359	635	1.09e-13	63.9	296	752
011_11_RA17_GMCF3029a.sc__NODE_25429_length_953_cov_7.074610_1	REF065_OUT_Megalodesulfovibrio_gigas_Desulfovi_Q46509	36.4	154	5	154	6	159	1.86e-28	102	156	907
011_11_RA17_GMCF3029a.sc__NODE_25429_length_953_cov_7.074610_1	REF063_OUT_Bos_taurus_Bovine__P80457	35.4	144	7	137	10	153	3.84e-24	90.5	156	1332
011_11_RA17_GMCF3029a.sc__NODE_31223_length_887_cov_2.564904_1	REF065_OUT_Megalodesulfovibrio_gigas_Desulfovi_Q46509	40.7	145	9	150	6	150	1.51e-31	112	165	907
011_11_RA17_GMCF3029a.sc__NODE_31223_length_887_cov_2.564904_1	REF063_OUT_Bos_taurus_Bovine__P80457	31.1	148	11	146	10	157	3.45e-19	76.6	165	1332
011_11_RA17_GMCF3029a.sc__NODE_31751_length_882_cov_2.603386_1	REF065_OUT_Megalodesulfovibrio_gigas_Desulfovi_Q46509	37.6	133	22	150	26	158	5.60e-26	95.5	151	907
011_11_RA17_GMCF3029a.sc__NODE_31751_length_882_cov_2.603386_1	REF063_OUT_Bos_taurus_Bovine__P80457	33.6	134	16	137	23	156	2.55e-20	79.3	151	1332
011_11_RA17_GMCF3029a.sc__NODE_32266_length_877_cov_2.914842_1	REF036_FII_Calidithermus_roseus_A0A399EKG8	35.5	110	4	106	645	753	4.74e-13	57.0	115	764
011_11_RA17_GMCF3029a.sc__NODE_32266_length_877_cov_2.914842_1	REF064_OUT_Escherichia_coli_strain_K12__Q46799	33.6	107	4	103	631	737	2.24e-12	55.1	115	752
011_11_RA17_GMCF3029a.sc__NODE_32266_length_877_cov_2.914842_1	REF050_FII_Blastochloris_viridis_Rhodopseudomo_A0A0H5BCZ6	33.6	110	4	107	664	773	5.71e-12	53.9	115	788
011_11_RA17_GMCF3029a.sc__NODE_32266_length_877_cov_2.914842_1	REF047_FII_Meiothermus_granaticius_NBRC_107808_A0A399F9R8	37.1	97	4	94	661	757	9.34e-11	50.4	115	789
011_11_RA17_GMCF3029a.sc__NODE_33542_length_865_cov_1.925926_1	REF066_OUT_Rhodobacter_capsulatus_Rhodopseudom_O54051	59.8	184	3	186	589	770	2.14e-73	229	193	777
011_11_RA17_GMCF3029a.sc__NODE_33542_length_865_cov_1.925926_1	REF063_OUT_Bos_taurus_Bovine__P80457	51.6	192	3	188	1120	1311	1.22e-58	191	193	1332
011_11_RA17_GMCF3029a.sc__NODE_33542_length_865_cov_1.925926_1	REF035_FII_Ardenticatena_maritima_A0A0M8K8I5	29.5	156	34	185	634	784	1.44e-13	61.2	193	789
011_11_RA17_GMCF3029a.sc__NODE_33542_length_865_cov_1.925926_1	REF065_OUT_Megalodesulfovibrio_gigas_Desulfovi_Q46509	29.3	157	30	186	760	905	2.70e-13	60.5	193	907
011_11_RA17_GMCF3029a.sc__NODE_33542_length_865_cov_1.925926_1	REF034_FII_Actinoallomurus_iriomotensis_A0A9W6W744	28.1	160	36	191	599	749	5.41e-12	56.6	193	751
011_11_RA17_GMCF3029a.sc__NODE_37370_length_832_cov_1.543115_2	REF037_FII_Fibrella_aestuarina_BUZ_2_I0KFJ2	75.0	48	1	48	242	289	2.68e-24	86.3	58	796
011_11_RA17_GMCF3029a.sc__NODE_37370_length_832_cov_1.543115_2	REF060_FII_Donghicola_eburneus_A0A1M4N221	68.8	48	1	48	236	283	7.32e-22	79.3	58	788
011_11_RA17_GMCF3029a.sc__NODE_37370_length_832_cov_1.543115_2	REF062_FII_Falsiruegeria_litorea_R37_A0A1Y5S8H3	70.8	48	1	48	236	283	1.00e-21	79.0	58	787
011_11_RA17_GMCF3029a.sc__NODE_37370_length_832_cov_1.543115_2	REF045_FII_Albidovulum_aquaemixtae_A0A2R8B4Q9	70.8	48	1	48	235	282	2.55e-21	77.8	58	788
011_11_RA17_GMCF3029a.sc__NODE_37370_length_832_cov_1.543115_2	REF033_FII_Acidiphilium_multivorum_strain_DSM__F0J165	66.7	48	1	48	243	290	3.48e-21	77.4	58	801
011_11_RA17_GMCF3029a.sc__NODE_39541_length_815_cov_3.222368_2	REF065_OUT_Megalodesulfovibrio_gigas_Desulfovi_Q46509	37.0	135	15	144	26	160	5.82e-24	89.7	151	907
011_11_RA17_GMCF3029a.sc__NODE_39541_length_815_cov_3.222368_2	REF063_OUT_Bos_taurus_Bovine__P80457	30.1	143	9	138	23	165	4.88e-18	72.8	151	1332
011_11_RA17_GMCF3029a.sc__NODE_39565_length_815_cov_2.514474_1	REF044_FII_Sulfoacidibacillus_ferrooxidans_A0A9X1V6V7	34.1	252	22	270	363	613	8.03e-35	125	271	784
011_11_RA17_GMCF3029a.sc__NODE_39565_length_815_cov_2.514474_1	REF038_FII_Kyrpidia_spormannii_A0A2K8N8V7	34.1	220	22	240	363	582	1.26e-33	122	271	780
011_11_RA17_GMCF3029a.sc__NODE_39565_length_815_cov_2.514474_1	REF040_FII_Nitrolancea_hollandica_Lb_I4ED45	31.8	220	22	240	366	585	1.27e-33	122	271	784
011_11_RA17_GMCF3029a.sc__NODE_39565_length_815_cov_2.514474_1	REF054_FII_Cereibacter_sphaeroides_strain_ATCC_Q3J2E6	31.8	220	22	240	372	591	1.27e-33	122	271	790
011_11_RA17_GMCF3029a.sc__NODE_39565_length_815_cov_2.514474_1	REF036_FII_Calidithermus_roseus_A0A399EKG8	33.9	251	22	271	366	599	1.69e-33	121	271	764
011_11_RA17_GMCF3029a.sc__NODE_40381_length_809_cov_2.041114_1	REF004_FI_Thermogemmatispora_tikiterensis_A0A328VRJ9	28.5	186	1	169	227	411	5.27e-15	67.4	269	791
011_11_RA17_GMCF3029a.sc__NODE_40381_length_809_cov_2.041114_1	REF005_FI_Thermogemmatispora_aurantia_A0A5J4K876	28.5	186	1	169	227	411	5.27e-15	67.4	269	791
011_11_RA17_GMCF3029a.sc__NODE_40381_length_809_cov_2.041114_1	REF012_FI_Bacillus_methanolicus_strain_MGA3_A_I3E8H4	31.9	119	1	114	220	337	1.72e-14	65.9	269	783
011_11_RA17_GMCF3029a.sc__NODE_40381_length_809_cov_2.041114_1	REF006_FI_Ktedonobacter_racemifer_DSM_44963_D6TQ73	28.1	217	1	200	225	438	2.32e-14	65.5	269	789
011_11_RA17_GMCF3029a.sc__NODE_40381_length_809_cov_2.041114_1	REF013_FI_Capillimicrobium_parvum_A0A9E6Y1X1	24.3	181	1	164	225	404	8.02e-13	60.8	269	807
011_11_RA17_GMCF3029a.sc__NODE_40903_length_805_cov_3.098667_1	REF065_OUT_Megalodesulfovibrio_gigas_Desulfovi_Q46509	38.6	153	1	149	1	153	5.53e-32	112	154	907
011_11_RA17_GMCF3029a.sc__NODE_40903_length_805_cov_3.098667_1	REF063_OUT_Bos_taurus_Bovine__P80457	36.6	145	17	149	20	164	4.72e-26	95.9	154	1332
011_11_RA17_GMCF3029a.sc__NODE_43041_length_790_cov_6.068027_2	REF065_OUT_Megalodesulfovibrio_gigas_Desulfovi_Q46509	40.1	137	6	138	6	142	2.72e-31	110	138	907
011_11_RA17_GMCF3029a.sc__NODE_43041_length_790_cov_6.068027_2	REF063_OUT_Bos_taurus_Bovine__P80457	39.6	144	8	138	10	153	1.01e-28	102	138	1332
011_11_RA17_GMCF3029a.sc__NODE_43042_length_790_cov_5.926531_2	REF063_OUT_Bos_taurus_Bovine__P80457	52.4	42	14	55	8	49	1.34e-11	50.1	55	1332
011_11_RA17_GMCF3029a.sc__NODE_44575_length_780_cov_3.846897_1	REF063_OUT_Bos_taurus_Bovine__P80457	28.8	295	10	258	98	386	3.07e-36	129	259	1332
011_11_RA17_GMCF3029a.sc__NODE_44575_length_780_cov_3.846897_1	REF065_OUT_Megalodesulfovibrio_gigas_Desulfovi_Q46509	39.1	69	9	75	84	148	2.42e-11	56.2	259	907
011_11_RA17_GMCF3029a.sc__NODE_46710_length_767_cov_2.278090_1	REF064_OUT_Escherichia_coli_strain_K12__Q46799	32.8	119	106	217	620	737	1.23e-12	59.3	224	752
011_11_RA17_GMCF3029a.sc__NODE_47133_length_765_cov_1.753521_1	REF063_OUT_Bos_taurus_Bovine__P80457	50.0	50	15	64	8	57	1.46e-14	59.7	79	1332
011_11_RA17_GMCF3029a.sc__NODE_47310_length_764_cov_1.475317_2	REF065_OUT_Megalodesulfovibrio_gigas_Desulfovi_Q46509	38.9	157	3	153	6	162	5.02e-32	113	169	907
011_11_RA17_GMCF3029a.sc__NODE_47310_length_764_cov_1.475317_2	REF063_OUT_Bos_taurus_Bovine__P80457	34.4	157	5	148	10	166	4.33e-24	90.9	169	1332
011_11_RA17_GMCF3029a.sc__NODE_49741_length_750_cov_2.503597_1	REF053_FII_Nocardioides_aquaticus_A0ABX8EDS7	30.4	125	104	227	190	312	1.98e-11	55.8	228	828
011_11_RA17_GMCF3029a.sc__NODE_51051_length_743_cov_2.417151_1	REF063_OUT_Bos_taurus_Bovine__P80457	56.6	53	6	58	889	941	3.46e-16	65.1	95	1332
011_11_RA17_GMCF3029a.sc__NODE_51051_length_743_cov_2.417151_1	REF066_OUT_Rhodobacter_capsulatus_Rhodopseudom_O54051	47.3	55	3	57	316	370	6.77e-14	58.5	95	777
011_11_RA17_GMCF3029a.sc__NODE_52010_length_738_cov_1.105417_1	REF066_OUT_Rhodobacter_capsulatus_Rhodopseudom_O54051	74.5	98	1	98	168	264	9.56e-48	155	121	777
011_11_RA17_GMCF3029a.sc__NODE_52010_length_738_cov_1.105417_1	REF063_OUT_Bos_taurus_Bovine__P80457	44.4	99	1	98	736	834	9.28e-26	93.6	121	1332
011_11_RA17_GMCF3029a.sc__NODE_55900_length_718_cov_3.333333_1	REF012_FI_Bacillus_methanolicus_strain_MGA3_A_I3E8H4	34.7	216	5	211	487	689	5.26e-26	98.2	219	783
011_11_RA17_GMCF3029a.sc__NODE_55900_length_718_cov_3.333333_1	REF035_FII_Ardenticatena_maritima_A0A0M8K8I5	33.8	219	5	212	490	695	1.32e-25	97.1	219	789
011_11_RA17_GMCF3029a.sc__NODE_55900_length_718_cov_3.333333_1	REF064_OUT_Escherichia_coli_strain_K12__Q46799	34.9	218	5	212	459	662	2.41e-25	96.3	219	752
011_11_RA17_GMCF3029a.sc__NODE_55900_length_718_cov_3.333333_1	REF053_FII_Nocardioides_aquaticus_A0ABX8EDS7	32.1	215	7	212	502	704	1.14e-24	94.4	219	828
011_11_RA17_GMCF3029a.sc__NODE_55900_length_718_cov_3.333333_1	REF006_FI_Ktedonobacter_racemifer_DSM_44963_D6TQ73	35.2	219	5	211	492	694	2.82e-24	93.2	219	789
011_11_RA17_GMCF3029a.sc__NODE_56745_length_715_cov_1.154545_1	REF016_FI_Mycobacterium_attenuatum_A0A498PSI1	45.3	86	1	81	660	745	4.63e-17	70.5	166	802
011_11_RA17_GMCF3029a.sc__NODE_56745_length_715_cov_1.154545_1	REF042_FII_Actinomadura_macrotermitis_A0A7K0C220	44.6	83	1	78	639	721	8.57e-17	69.7	166	798
011_11_RA17_GMCF3029a.sc__NODE_56745_length_715_cov_1.154545_1	REF002_FI_Mycolicibacterium_smegmatis_strain__A0QQG4	44.2	86	1	81	657	742	2.93e-16	68.2	166	799
011_11_RA17_GMCF3029a.sc__NODE_56745_length_715_cov_1.154545_1	REF061_FII_Streptomyces_smaragdinus_A0A7K0CAR3	43.4	83	1	78	642	724	3.98e-16	67.8	166	791
011_11_RA17_GMCF3029a.sc__NODE_56745_length_715_cov_1.154545_1	REF023_FI_Rhodococcus_gordoniae_A0A379LVU4	44.3	88	1	81	655	740	5.42e-16	67.4	166	797
011_11_RA17_GMCF3029a.sc__NODE_57627_length_710_cov_7.238168_2	REF065_OUT_Megalodesulfovibrio_gigas_Desulfovi_Q46509	37.8	74	5	77	6	79	2.60e-14	58.9	78	907
011_11_RA17_GMCF3029a.sc__NODE_57627_length_710_cov_7.238168_2	REF063_OUT_Bos_taurus_Bovine__P80457	35.4	82	7	77	10	91	2.56e-11	50.4	78	1332
011_11_RA17_GMCF3029a.sc__NODE_58183_length_708_cov_1.924962_1	REF066_OUT_Rhodobacter_capsulatus_Rhodopseudom_O54051	55.5	200	5	204	573	770	4.93e-71	223	214	777
011_11_RA17_GMCF3029a.sc__NODE_58183_length_708_cov_1.924962_1	REF063_OUT_Bos_taurus_Bovine__P80457	49.2	197	13	203	1112	1308	4.91e-58	190	214	1332
011_11_RA17_GMCF3029a.sc__NODE_58183_length_708_cov_1.924962_1	REF065_OUT_Megalodesulfovibrio_gigas_Desulfovi_Q46509	30.1	166	40	204	752	905	5.76e-13	60.1	214	907
011_11_RA17_GMCF3029a.sc__NODE_58183_length_708_cov_1.924962_1	REF035_FII_Ardenticatena_maritima_A0A0M8K8I5	28.0	157	52	208	634	785	7.59e-13	59.7	214	789
011_11_RA17_GMCF3029a.sc__NODE_58183_length_708_cov_1.924962_1	REF044_FII_Sulfoacidibacillus_ferrooxidans_A0A9X1V6V7	28.0	164	46	204	619	777	2.05e-11	55.5	214	784
011_11_RA17_GMCF3029a.sc__NODE_59904_length_700_cov_2.815504_1	REF063_OUT_Bos_taurus_Bovine__P80457	28.8	132	20	116	137	266	8.88e-12	53.5	118	1332
011_11_RA17_GMCF3029a.sc__NODE_60284_length_698_cov_5.181960_1	REF063_OUT_Bos_taurus_Bovine__P80457	56.7	67	1	67	94	158	1.64e-20	82.8	232	1332
011_11_RA17_GMCF3029a.sc__NODE_60284_length_698_cov_5.181960_1	REF065_OUT_Megalodesulfovibrio_gigas_Desulfovi_Q46509	39.7	68	5	72	85	152	2.89e-11	55.5	232	907
011_11_RA17_GMCF3029a.sc__NODE_61785_length_692_cov_6.938776_1	REF048_FII_Ascidiaceihabitans_donghaensis_A0A2R8BD61	93.2	44	1	44	363	406	2.00e-22	88.2	230	788
011_11_RA17_GMCF3029a.sc__NODE_61785_length_692_cov_6.938776_1	REF060_FII_Donghicola_eburneus_A0A1M4N221	90.9	44	1	44	363	406	3.68e-22	87.4	230	788
011_11_RA17_GMCF3029a.sc__NODE_61785_length_692_cov_6.938776_1	REF062_FII_Falsiruegeria_litorea_R37_A0A1Y5S8H3	90.9	44	1	44	363	406	9.17e-22	86.3	230	787
011_11_RA17_GMCF3029a.sc__NODE_61785_length_692_cov_6.938776_1	REF045_FII_Albidovulum_aquaemixtae_A0A2R8B4Q9	79.5	44	1	44	362	405	8.78e-20	80.5	230	788
011_11_RA17_GMCF3029a.sc__NODE_61785_length_692_cov_6.938776_1	REF054_FII_Cereibacter_sphaeroides_strain_ATCC_Q3J2E6	75.0	44	1	44	363	406	5.09e-17	72.4	230	790
011_11_RA17_GMCF3029a.sc__NODE_65782_length_677_cov_2.008039_1	REF066_OUT_Rhodobacter_capsulatus_Rhodopseudom_O54051	52.8	229	9	219	332	560	1.46e-69	220	225	777
011_11_RA17_GMCF3029a.sc__NODE_65782_length_677_cov_2.008039_1	REF063_OUT_Bos_taurus_Bovine__P80457	44.9	205	6	210	900	1101	2.16e-45	154	225	1332
011_11_RA17_GMCF3029a.sc__NODE_65782_length_677_cov_2.008039_1	REF064_OUT_Escherichia_coli_strain_K12__Q46799	29.6	162	10	171	341	498	1.39e-14	65.1	225	752
011_11_RA17_GMCF3029a.sc__NODE_65782_length_677_cov_2.008039_1	REF062_FII_Falsiruegeria_litorea_R37_A0A1Y5S8H3	30.7	189	1	180	356	539	1.27e-12	59.3	225	787
011_11_RA17_GMCF3029a.sc__NODE_65782_length_677_cov_2.008039_1	REF034_FII_Actinoallomurus_iriomotensis_A0A9W6W744	28.1	221	10	221	339	549	4.14e-12	57.8	225	751
011_11_RA17_GMCF3029a.sc__NODE_65826_length_677_cov_1.713826_1	REF043_FII_Deinococcus_aluminii_A0ABP9XBM4	48.3	89	1	89	616	702	1.12e-22	84.0	104	796
011_11_RA17_GMCF3029a.sc__NODE_65826_length_677_cov_1.713826_1	REF047_FII_Meiothermus_granaticius_NBRC_107808_A0A399F9R8	47.2	89	1	89	613	699	1.53e-22	83.6	104	789
011_11_RA17_GMCF3029a.sc__NODE_65826_length_677_cov_1.713826_1	REF035_FII_Ardenticatena_maritima_A0A0M8K8I5	48.3	89	1	89	616	702	2.09e-22	83.2	104	789
011_11_RA17_GMCF3029a.sc__NODE_65826_length_677_cov_1.713826_1	REF044_FII_Sulfoacidibacillus_ferrooxidans_A0A9X1V6V7	46.1	89	1	89	612	698	1.85e-21	80.5	104	784
011_11_RA17_GMCF3029a.sc__NODE_65826_length_677_cov_1.713826_1	REF038_FII_Kyrpidia_spormannii_A0A2K8N8V7	46.1	89	1	89	610	696	2.52e-21	80.1	104	780
011_11_RA17_GMCF3029a.sc__NODE_65826_length_677_cov_1.713826_2	REF035_FII_Ardenticatena_maritima_A0A0M8K8I5	42.5	106	3	107	220	325	2.43e-24	90.5	144	789
011_11_RA17_GMCF3029a.sc__NODE_65826_length_677_cov_1.713826_2	REF054_FII_Cereibacter_sphaeroides_strain_ATCC_Q3J2E6	41.5	106	3	107	223	328	3.95e-23	87.0	144	790
011_11_RA17_GMCF3029a.sc__NODE_65826_length_677_cov_1.713826_2	REF056_FII_Comamonas_aquatilis_A0ACE2T5A2	43.4	106	3	107	230	335	5.39e-23	86.7	144	795
011_11_RA17_GMCF3029a.sc__NODE_65826_length_677_cov_1.713826_2	REF052_FII_Bradyrhizobium_ivorense_A0A508SVN1	40.0	130	3	131	222	350	9.98e-23	85.9	144	779
011_11_RA17_GMCF3029a.sc__NODE_65826_length_677_cov_1.713826_2	REF043_FII_Deinococcus_aluminii_A0ABP9XBM4	41.5	106	3	107	220	325	1.36e-22	85.5	144	796
011_11_RA17_GMCF3029a.sc__NODE_68633_length_667_cov_1.581699_1	REF040_FII_Nitrolancea_hollandica_Lb_I4ED45	32.0	125	102	220	631	754	2.62e-13	61.2	221	784
011_11_RA17_GMCF3029a.sc__NODE_68633_length_667_cov_1.581699_1	REF037_FII_Fibrella_aestuarina_BUZ_2_I0KFJ2	30.4	125	102	220	646	769	8.72e-13	59.7	221	796
011_11_RA17_GMCF3029a.sc__NODE_68633_length_667_cov_1.581699_1	REF061_FII_Streptomyces_smaragdinus_A0A7K0CAR3	28.2	124	102	219	629	751	9.53e-12	56.6	221	791
011_11_RA17_GMCF3029a.sc__NODE_68633_length_667_cov_1.581699_1	REF035_FII_Ardenticatena_maritima_A0A0M8K8I5	30.4	125	102	220	634	757	1.28e-11	56.2	221	789
011_11_RA17_GMCF3029a.sc__NODE_69215_length_665_cov_0.865574_1	REF063_OUT_Bos_taurus_Bovine__P80457	52.6	57	3	59	777	833	7.12e-16	62.4	59	1332
011_11_RA17_GMCF3029a.sc__NODE_71430_length_657_cov_2.299003_1	REF063_OUT_Bos_taurus_Bovine__P80457	46.8	158	7	162	2	157	1.11e-42	144	174	1332
011_11_RA17_GMCF3029a.sc__NODE_71430_length_657_cov_2.299003_1	REF065_OUT_Megalodesulfovibrio_gigas_Desulfovi_Q46509	39.9	138	33	167	25	151	3.41e-28	102	174	907
011_11_RA17_GMCF3029a.sc__NODE_75516_length_644_cov_1.835314_2	REF063_OUT_Bos_taurus_Bovine__P80457	39.6	101	1	100	6	102	1.90e-17	69.3	109	1332
011_11_RA17_GMCF3029a.sc__NODE_75575_length_644_cov_1.492360_1	REF066_OUT_Rhodobacter_capsulatus_Rhodopseudom_O54051	48.8	205	10	214	307	505	8.35e-57	185	214	777
011_11_RA17_GMCF3029a.sc__NODE_75575_length_644_cov_1.492360_1	REF063_OUT_Bos_taurus_Bovine__P80457	40.3	196	19	213	884	1054	9.90e-41	140	214	1332
011_11_RA17_GMCF3029a.sc__NODE_75575_length_644_cov_1.492360_1	REF046_FII_Amycolatopsis_bartoniae_A0A8H9IQQ2	26.2	191	24	214	326	492	2.02e-14	64.3	214	752
011_11_RA17_GMCF3029a.sc__NODE_75575_length_644_cov_1.492360_1	REF049_FII_Gandjariella_thermophila_A0A4D4J4W8	24.1	191	24	214	326	492	6.75e-14	62.8	214	752
011_11_RA17_GMCF3029a.sc__NODE_75575_length_644_cov_1.492360_1	REF064_OUT_Escherichia_coli_strain_K12__Q46799	29.4	177	38	214	341	491	6.75e-14	62.8	214	752
011_11_RA17_GMCF3029a.sc__NODE_75714_length_643_cov_2.843537_1	REF066_OUT_Rhodobacter_capsulatus_Rhodopseudom_O54051	54.5	211	1	211	435	641	2.66e-67	213	214	777
011_11_RA17_GMCF3029a.sc__NODE_75714_length_643_cov_2.843537_1	REF063_OUT_Bos_taurus_Bovine__P80457	44.3	212	2	213	986	1174	2.02e-45	154	214	1332
011_11_RA17_GMCF3029a.sc__NODE_75850_length_643_cov_1.790816_1	REF065_OUT_Megalodesulfovibrio_gigas_Desulfovi_Q46509	44.4	133	2	131	22	153	1.24e-31	111	142	907
011_11_RA17_GMCF3029a.sc__NODE_75850_length_643_cov_1.790816_1	REF063_OUT_Bos_taurus_Bovine__P80457	37.9	140	1	125	24	158	6.59e-27	97.8	142	1332
011_11_RA17_GMCF3029a.sc__NODE_75850_length_643_cov_1.790816_2	REF054_FII_Cereibacter_sphaeroides_strain_ATCC_Q3J2E6	69.8	53	1	53	1	53	2.49e-19	72.4	63	790
011_11_RA17_GMCF3029a.sc__NODE_75850_length_643_cov_1.790816_2	REF062_FII_Falsiruegeria_litorea_R37_A0A1Y5S8H3	62.3	61	1	61	1	61	6.36e-19	71.2	63	787
011_11_RA17_GMCF3029a.sc__NODE_75850_length_643_cov_1.790816_2	REF060_FII_Donghicola_eburneus_A0A1M4N221	60.7	61	1	61	1	61	1.19e-18	70.5	63	788
011_11_RA17_GMCF3029a.sc__NODE_75850_length_643_cov_1.790816_2	REF045_FII_Albidovulum_aquaemixtae_A0A2R8B4Q9	60.7	61	1	61	1	61	4.14e-18	68.9	63	788
011_11_RA17_GMCF3029a.sc__NODE_75850_length_643_cov_1.790816_2	REF048_FII_Ascidiaceihabitans_donghaensis_A0A2R8BD61	54.1	61	1	61	1	61	6.89e-17	65.5	63	788
011_11_RA17_GMCF3029a.sc__NODE_77380_length_638_cov_2.447684_1	REF063_OUT_Bos_taurus_Bovine__P80457	27.4	215	20	189	137	350	6.88e-17	70.9	189	1332
011_11_RA17_GMCF3029a.sc__NODE_80158_length_630_cov_1.633043_1	REF065_OUT_Megalodesulfovibrio_gigas_Desulfovi_Q46509	42.8	138	1	133	17	154	3.49e-30	107	140	907
011_11_RA17_GMCF3029a.sc__NODE_80158_length_630_cov_1.633043_1	REF063_OUT_Bos_taurus_Bovine__P80457	35.2	145	2	134	21	165	1.70e-22	85.1	140	1332
011_11_RA17_GMCF3029a.sc__NODE_82129_length_624_cov_2.544815_1	REF066_OUT_Rhodobacter_capsulatus_Rhodopseudom_O54051	40.5	205	4	194	8	208	3.48e-41	141	207	777
011_11_RA17_GMCF3029a.sc__NODE_82129_length_624_cov_2.544815_1	REF063_OUT_Bos_taurus_Bovine__P80457	37.0	181	4	184	578	757	2.51e-31	113	207	1332
011_11_RA17_GMCF3029a.sc__NODE_82129_length_624_cov_2.544815_1	REF050_FII_Blastochloris_viridis_Rhodopseudomo_A0A0H5BCZ6	32.4	170	12	167	19	174	4.04e-17	72.0	207	788
011_11_RA17_GMCF3029a.sc__NODE_82129_length_624_cov_2.544815_1	REF058_FII_Cupriavidus_laharis_A0ABM8XSX1	38.2	131	12	128	23	152	4.05e-17	72.0	207	791
011_11_RA17_GMCF3029a.sc__NODE_82129_length_624_cov_2.544815_1	REF065_OUT_Megalodesulfovibrio_gigas_Desulfovi_Q46509	29.4	211	1	191	178	388	1.90e-16	70.1	207	907
011_11_RA17_GMCF3029a.sc__NODE_83955_length_619_cov_2.500000_2	REF036_FII_Calidithermus_roseus_A0A399EKG8	35.6	101	21	115	645	745	3.00e-12	55.1	124	764
011_11_RA17_GMCF3029a.sc__NODE_83955_length_619_cov_2.500000_2	REF039_FII_Luteitalea_pratensis_A0A143PSW7	32.2	115	3	114	647	761	4.88e-11	51.6	124	787
011_11_RA17_GMCF3029a.sc__NODE_84002_length_619_cov_2.180851_1	REF008_FI_Paraburkholderia_xenovorans_strain__Q13YL7	76.2	84	1	84	719	802	1.80e-45	147	85	803
011_11_RA17_GMCF3029a.sc__NODE_84002_length_619_cov_2.180851_1	REF022_FI_Paraburkholderia_dioscoreae_A0A5Q4ZDG8	76.2	84	1	84	719	802	1.80e-45	147	85	803
011_11_RA17_GMCF3029a.sc__NODE_84002_length_619_cov_2.180851_1	REF024_FI_Pararobbsia_alpina_A0A6S7D3Z5	80.2	81	2	82	720	800	3.38e-45	147	85	803
011_11_RA17_GMCF3029a.sc__NODE_84002_length_619_cov_2.180851_1	REF001_FI_Hydrogenophaga_pseudoflava_Pseudomo_P19913	78.6	84	1	82	720	803	1.62e-44	145	85	803
011_11_RA17_GMCF3029a.sc__NODE_84002_length_619_cov_2.180851_1	REF010_FI_Cupriavidus_laharis_A0ABM8WM43	74.4	82	1	82	719	800	1.62e-44	145	85	803
011_11_RA17_GMCF3029a.sc__NODE_84877_length_617_cov_1.373665_2	REF065_OUT_Megalodesulfovibrio_gigas_Desulfovi_Q46509	46.0	50	18	67	73	122	3.40e-12	52.4	67	907
011_11_RA17_GMCF3029a.sc__NODE_88724_length_607_cov_1.248188_1	REF063_OUT_Bos_taurus_Bovine__P80457	28.8	156	1	143	286	440	4.09e-14	63.2	201	1332
011_11_RA17_GMCF3029a.sc__NODE_88914_length_606_cov_2.486388_1	REF066_OUT_Rhodobacter_capsulatus_Rhodopseudom_O54051	49.2	199	13	198	303	501	2.83e-58	188	201	777
011_11_RA17_GMCF3029a.sc__NODE_88914_length_606_cov_2.486388_1	REF063_OUT_Bos_taurus_Bovine__P80457	42.9	189	13	201	873	1054	9.70e-44	148	201	1332
011_11_RA17_GMCF3029a.sc__NODE_88914_length_606_cov_2.486388_1	REF064_OUT_Escherichia_coli_strain_K12__Q46799	33.3	156	43	198	341	487	6.09e-15	65.5	201	752
011_11_RA17_GMCF3029a.sc__NODE_88914_length_606_cov_2.486388_1	REF065_OUT_Megalodesulfovibrio_gigas_Desulfovi_Q46509	34.0	147	43	188	524	656	4.38e-13	60.1	201	907
011_11_RA17_GMCF3029a.sc__NODE_88914_length_606_cov_2.486388_1	REF049_FII_Gandjariella_thermophila_A0A4D4J4W8	25.0	172	29	200	326	490	7.75e-13	59.3	201	752
011_11_RA17_GMCF3029a.sc__NODE_90503_length_602_cov_2.857404_1	REF065_OUT_Megalodesulfovibrio_gigas_Desulfovi_Q46509	40.5	148	3	146	6	153	1.54e-32	114	153	907
011_11_RA17_GMCF3029a.sc__NODE_90503_length_602_cov_2.857404_1	REF063_OUT_Bos_taurus_Bovine__P80457	36.3	157	5	148	10	166	6.45e-24	89.7	153	1332
011_11_RA17_GMCF3029a.sc__NODE_90850_length_601_cov_3.956044_1	REF008_FI_Paraburkholderia_xenovorans_strain__Q13YL7	78.2	119	13	131	14	132	1.37e-62	197	131	803
011_11_RA17_GMCF3029a.sc__NODE_90850_length_601_cov_3.956044_1	REF022_FI_Paraburkholderia_dioscoreae_A0A5Q4ZDG8	78.2	119	13	131	14	132	1.37e-62	197	131	803
011_11_RA17_GMCF3029a.sc__NODE_90850_length_601_cov_3.956044_1	REF007_FI_Paraburkholderia_xenovorans_strain__Q13IY1	76.5	119	13	131	14	132	3.55e-61	193	131	803
011_11_RA17_GMCF3029a.sc__NODE_90850_length_601_cov_3.956044_1	REF024_FI_Pararobbsia_alpina_A0A6S7D3Z5	76.5	119	13	131	14	132	4.76e-60	190	131	803
011_11_RA17_GMCF3029a.sc__NODE_90850_length_601_cov_3.956044_1	REF009_FI_Cupriavidus_numazuensis_A0ABM8THX1	77.3	119	13	131	15	133	1.27e-59	189	131	804
011_11_RA17_GMCF3029a.sc__NODE_93847_length_594_cov_3.129870_1	REF066_OUT_Rhodobacter_capsulatus_Rhodopseudom_O54051	51.8	197	1	197	348	536	1.51e-54	178	197	777
011_11_RA17_GMCF3029a.sc__NODE_93847_length_594_cov_3.129870_1	REF063_OUT_Bos_taurus_Bovine__P80457	45.9	133	64	196	953	1085	8.36e-33	117	197	1332
011_11_RA17_GMCF3029a.sc__NODE_94277_length_593_cov_3.048327_1	REF064_OUT_Escherichia_coli_strain_K12__Q46799	29.2	171	9	172	103	269	3.43e-14	63.2	197	752
011_11_RA17_GMCF3029a.sc__NODE_95522_length_591_cov_1.014925_1	REF065_OUT_Megalodesulfovibrio_gigas_Desulfovi_Q46509	38.2	76	3	76	6	81	2.60e-14	58.9	78	907
011_11_RA17_GMCF3029a.sc__NODE_96249_length_589_cov_1.681648_1	REF065_OUT_Megalodesulfovibrio_gigas_Desulfovi_Q46509	43.4	106	6	109	6	111	1.46e-24	90.5	129	907
011_11_RA17_GMCF3029a.sc__NODE_96249_length_589_cov_1.681648_1	REF063_OUT_Bos_taurus_Bovine__P80457	41.9	117	8	111	10	126	1.06e-19	76.6	129	1332
011_11_RA17_GMCF3029a.sc__NODE_96723_length_588_cov_1.512195_1	REF041_FII_Actibacterium_lipolyticum_A0A238JRA4	62.4	157	39	195	333	489	1.59e-63	202	195	765
011_11_RA17_GMCF3029a.sc__NODE_96723_length_588_cov_1.512195_1	REF060_FII_Donghicola_eburneus_A0A1M4N221	45.5	167	42	195	344	508	1.85e-39	135	195	788
011_11_RA17_GMCF3029a.sc__NODE_96723_length_588_cov_1.512195_1	REF054_FII_Cereibacter_sphaeroides_strain_ATCC_Q3J2E6	42.5	167	42	195	344	510	2.23e-38	132	195	790
011_11_RA17_GMCF3029a.sc__NODE_96723_length_588_cov_1.512195_1	REF045_FII_Albidovulum_aquaemixtae_A0A2R8B4Q9	42.5	167	42	195	343	509	3.03e-38	132	195	788
011_11_RA17_GMCF3029a.sc__NODE_96723_length_588_cov_1.512195_1	REF062_FII_Falsiruegeria_litorea_R37_A0A1Y5S8H3	45.5	167	42	195	344	508	4.13e-38	132	195	787
011_11_RA17_GMCF3029a.sc__NODE_96774_length_588_cov_1.373358_1	REF005_FI_Thermogemmatispora_aurantia_A0A5J4K876	36.4	110	72	171	666	774	2.58e-11	54.7	195	791
011_11_RA17_GMCF3029a.sc__NODE_97701_length_585_cov_17.358491_1	REF063_OUT_Bos_taurus_Bovine__P80457	45.8	120	15	132	8	127	9.58e-33	114	139	1332
011_11_RA17_GMCF3029a.sc__NODE_97701_length_585_cov_17.358491_1	REF065_OUT_Megalodesulfovibrio_gigas_Desulfovi_Q46509	40.0	95	35	128	25	110	7.08e-17	68.9	139	907
011_11_RA17_GMCF3029a.sc__NODE_98675_length_583_cov_4.827652_1	REF065_OUT_Megalodesulfovibrio_gigas_Desulfovi_Q46509	35.6	188	3	187	531	710	6.62e-22	85.5	194	907
011_11_RA17_GMCF3029a.sc__NODE_98675_length_583_cov_4.827652_1	REF064_OUT_Escherichia_coli_strain_K12__Q46799	34.7	202	1	193	346	535	2.54e-20	80.9	194	752
011_11_RA17_GMCF3029a.sc__NODE_98675_length_583_cov_4.827652_1	REF054_FII_Cereibacter_sphaeroides_strain_ATCC_Q3J2E6	29.8	198	3	184	370	559	7.06e-15	65.1	194	790
011_11_RA17_GMCF3029a.sc__NODE_98675_length_583_cov_4.827652_1	REF057_FII_Rhodococcus_coprophilus_A0A2X4U3L5	29.4	194	3	182	371	560	4.98e-13	59.7	194	808
011_11_RA17_GMCF3029a.sc__NODE_98675_length_583_cov_4.827652_1	REF061_FII_Streptomyces_smaragdinus_A0A7K0CAR3	29.0	200	3	189	360	556	6.71e-13	59.3	194	791
011_11_RA17_GMCF3029a.sc__NODE_101025_length_578_cov_2.665392_1	REF065_OUT_Megalodesulfovibrio_gigas_Desulfovi_Q46509	35.5	152	1	150	512	653	7.55e-20	78.2	157	907
011_11_RA17_GMCF3029a.sc__NODE_101025_length_578_cov_2.665392_1	REF059_FII_Streptomonospora_litoralis_A0A4P6PZM8	29.8	124	1	121	351	471	1.06e-11	54.7	157	800
011_11_RA17_GMCF3029a.sc__NODE_103533_length_573_cov_2.326255_1	REF066_OUT_Rhodobacter_capsulatus_Rhodopseudom_O54051	37.5	136	1	134	226	361	1.87e-21	82.0	139	777
011_11_RA17_GMCF3029a.sc__NODE_103533_length_573_cov_2.326255_1	REF064_OUT_Escherichia_coli_strain_K12__Q46799	33.8	139	1	138	235	373	4.90e-19	75.1	139	752
011_11_RA17_GMCF3029a.sc__NODE_103533_length_573_cov_2.326255_1	REF065_OUT_Megalodesulfovibrio_gigas_Desulfovi_Q46509	32.6	138	1	138	419	556	8.12e-18	71.6	139	907
011_11_RA17_GMCF3029a.sc__NODE_103533_length_573_cov_2.326255_1	REF034_FII_Actinoallomurus_iriomotensis_A0A9W6W744	29.5	139	1	138	233	371	2.09e-15	64.7	139	751
011_11_RA17_GMCF3029a.sc__NODE_103533_length_573_cov_2.326255_1	REF055_FII_Pseudonocardia_asaccharolytica_DSM__A0A511CWW9	28.6	140	1	138	241	379	2.20e-11	53.1	139	757
011_11_RA17_GMCF3029a.sc__NODE_105834_length_569_cov_0.982490_1	REF063_OUT_Bos_taurus_Bovine__P80457	41.1	124	52	168	1182	1305	1.43e-25	95.5	178	1332
011_11_RA17_GMCF3029a.sc__NODE_105834_length_569_cov_0.982490_1	REF066_OUT_Rhodobacter_capsulatus_Rhodopseudom_O54051	41.7	115	55	169	654	767	8.48e-25	93.2	178	777
011_11_RA17_GMCF3029a.sc__NODE_106668_length_567_cov_1.671875_1	REF065_OUT_Megalodesulfovibrio_gigas_Desulfovi_Q46509	44.1	111	4	109	44	154	1.55e-23	89.0	162	907
011_11_RA17_GMCF3029a.sc__NODE_106668_length_567_cov_1.671875_1	REF063_OUT_Bos_taurus_Bovine__P80457	37.3	110	1	98	44	153	8.06e-17	69.7	162	1332
011_11_RA17_GMCF3029a.sc__NODE_107521_length_565_cov_2.615686_1	REF066_OUT_Rhodobacter_capsulatus_Rhodopseudom_O54051	53.2	173	1	171	484	649	4.43e-47	157	187	777
011_11_RA17_GMCF3029a.sc__NODE_107521_length_565_cov_2.615686_1	REF063_OUT_Bos_taurus_Bovine__P80457	40.6	170	1	170	1034	1179	8.37e-31	110	187	1332
011_11_RA17_GMCF3029a.sc__NODE_107521_length_565_cov_2.615686_1	REF007_FI_Paraburkholderia_xenovorans_strain__Q13IY1	29.9	194	1	186	517	695	4.00e-11	53.9	187	803
011_11_RA17_GMCF3029a.sc__NODE_107521_length_565_cov_2.615686_1	REF003_FI_Thermomicrobium_roseum_strain_ATCC__B9L450	33.7	169	1	164	496	649	9.85e-11	52.8	187	781
011_11_RA17_GMCF3029a.sc__NODE_113241_length_555_cov_1.332000_1	REF064_OUT_Escherichia_coli_strain_K12__Q46799	35.1	188	1	179	347	522	4.24e-21	82.8	185	752
011_11_RA17_GMCF3029a.sc__NODE_113241_length_555_cov_1.332000_1	REF065_OUT_Megalodesulfovibrio_gigas_Desulfovi_Q46509	34.8	187	2	183	531	707	4.38e-21	82.8	185	907
011_11_RA17_GMCF3029a.sc__NODE_113241_length_555_cov_1.332000_1	REF061_FII_Streptomyces_smaragdinus_A0A7K0CAR3	30.3	195	2	183	360	551	3.62e-16	68.6	185	791
011_11_RA17_GMCF3029a.sc__NODE_113241_length_555_cov_1.332000_1	REF057_FII_Rhodococcus_coprophilus_A0A2X4U3L5	29.5	193	2	181	371	560	1.67e-15	66.6	185	808
011_11_RA17_GMCF3029a.sc__NODE_113241_length_555_cov_1.332000_1	REF054_FII_Cereibacter_sphaeroides_strain_ATCC_Q3J2E6	29.8	198	2	183	370	559	4.78e-14	62.4	185	790
011_11_RA17_GMCF3029a.sc__NODE_115520_length_551_cov_1.409274_1	REF066_OUT_Rhodobacter_capsulatus_Rhodopseudom_O54051	55.0	140	1	140	53	192	4.61e-47	155	162	777
011_11_RA17_GMCF3029a.sc__NODE_115520_length_551_cov_1.409274_1	REF063_OUT_Bos_taurus_Bovine__P80457	35.3	133	8	139	630	760	5.71e-21	81.6	162	1332
011_11_RA17_GMCF3029a.sc__NODE_115520_length_551_cov_1.409274_1	REF034_FII_Actinoallomurus_iriomotensis_A0A9W6W744	30.4	92	8	97	63	152	7.49e-11	52.4	162	751
011_11_RA17_GMCF3029a.sc__NODE_115906_length_550_cov_2.123232_2	REF063_OUT_Bos_taurus_Bovine__P80457	33.3	90	1	89	6	95	4.16e-14	59.3	98	1332
011_11_RA17_GMCF3029a.sc__NODE_118885_length_545_cov_1.924490_1	REF065_OUT_Megalodesulfovibrio_gigas_Desulfovi_Q46509	31.7	164	2	165	409	572	8.11e-26	96.3	181	907
011_11_RA17_GMCF3029a.sc__NODE_118885_length_545_cov_1.924490_1	REF063_OUT_Bos_taurus_Bovine__P80457	32.4	173	11	181	795	967	3.48e-22	85.9	181	1332
011_11_RA17_GMCF3029a.sc__NODE_118885_length_545_cov_1.924490_1	REF064_OUT_Escherichia_coli_strain_K12__Q46799	34.6	156	11	165	234	389	2.05e-19	77.8	181	752
011_11_RA17_GMCF3029a.sc__NODE_118885_length_545_cov_1.924490_1	REF057_FII_Rhodococcus_coprophilus_A0A2X4U3L5	33.5	164	3	162	248	409	1.53e-17	72.4	181	808
011_11_RA17_GMCF3029a.sc__NODE_118885_length_545_cov_1.924490_1	REF040_FII_Nitrolancea_hollandica_Lb_I4ED45	30.7	163	1	159	238	399	2.80e-17	71.6	181	784
011_11_RA17_GMCF3029a.sc__NODE_119132_length_545_cov_1.244898_1	REF048_FII_Ascidiaceihabitans_donghaensis_A0A2R8BD61	89.6	125	57	181	647	771	3.94e-76	236	181	788
011_11_RA17_GMCF3029a.sc__NODE_119132_length_545_cov_1.244898_1	REF062_FII_Falsiruegeria_litorea_R37_A0A1Y5S8H3	85.6	125	57	181	647	771	2.11e-74	231	181	787
011_11_RA17_GMCF3029a.sc__NODE_119132_length_545_cov_1.244898_1	REF045_FII_Albidovulum_aquaemixtae_A0A2R8B4Q9	80.0	125	57	181	648	772	1.21e-68	216	181	788
011_11_RA17_GMCF3029a.sc__NODE_119132_length_545_cov_1.244898_1	REF060_FII_Donghicola_eburneus_A0A1M4N221	81.0	126	57	181	647	772	1.21e-68	216	181	788
011_11_RA17_GMCF3029a.sc__NODE_119132_length_545_cov_1.244898_1	REF054_FII_Cereibacter_sphaeroides_strain_ATCC_Q3J2E6	79.2	120	57	176	649	768	8.81e-64	202	181	790
011_11_RA17_GMCF3029a.sc__NODE_121242_length_541_cov_1.962963_2	REF062_FII_Falsiruegeria_litorea_R37_A0A1Y5S8H3	84.1	107	8	114	679	785	2.53e-61	193	118	787
011_11_RA17_GMCF3029a.sc__NODE_121242_length_541_cov_1.962963_2	REF048_FII_Ascidiaceihabitans_donghaensis_A0A2R8BD61	80.0	110	8	117	679	788	2.50e-60	190	118	788
011_11_RA17_GMCF3029a.sc__NODE_121242_length_541_cov_1.962963_2	REF060_FII_Donghicola_eburneus_A0A1M4N221	78.9	109	8	115	679	787	4.32e-57	181	118	788
011_11_RA17_GMCF3029a.sc__NODE_121242_length_541_cov_1.962963_2	REF045_FII_Albidovulum_aquaemixtae_A0A2R8B4Q9	76.6	107	8	114	680	786	3.75e-54	173	118	788
011_11_RA17_GMCF3029a.sc__NODE_121242_length_541_cov_1.962963_2	REF054_FII_Cereibacter_sphaeroides_strain_ATCC_Q3J2E6	70.6	109	8	115	681	789	5.95e-51	164	118	790
011_11_RA17_GMCF3029a.sc__NODE_123073_length_538_cov_1.950311_1	REF066_OUT_Rhodobacter_capsulatus_Rhodopseudom_O54051	29.3	181	9	171	197	372	9.88e-12	55.5	179	777
011_11_RA17_GMCF3029a.sc__NODE_123073_length_538_cov_1.950311_1	REF039_FII_Luteitalea_pratensis_A0A143PSW7	28.7	181	9	171	230	405	4.52e-11	53.5	179	787
011_11_RA17_GMCF3029a.sc__NODE_123073_length_538_cov_1.950311_1	REF006_FI_Ktedonobacter_racemifer_DSM_44963_D6TQ73	29.0	186	9	172	225	404	4.52e-11	53.5	179	789
011_11_RA17_GMCF3029a.sc__NODE_123925_length_537_cov_1.128631_1	REF065_OUT_Megalodesulfovibrio_gigas_Desulfovi_Q46509	40.0	120	8	125	2	121	2.37e-26	96.7	153	907
011_11_RA17_GMCF3029a.sc__NODE_123925_length_537_cov_1.128631_1	REF063_OUT_Bos_taurus_Bovine__P80457	31.6	133	9	128	5	137	2.87e-16	67.8	153	1332
011_11_RA17_GMCF3029a.sc__NODE_125358_length_534_cov_3.396660_1	REF066_OUT_Rhodobacter_capsulatus_Rhodopseudom_O54051	52.3	176	1	176	177	351	2.08e-56	182	177	777
011_11_RA17_GMCF3029a.sc__NODE_125358_length_534_cov_3.396660_1	REF063_OUT_Bos_taurus_Bovine__P80457	45.1	175	1	173	745	918	7.65e-44	147	177	1332
011_11_RA17_GMCF3029a.sc__NODE_125890_length_534_cov_1.116910_1	REF063_OUT_Bos_taurus_Bovine__P80457	41.0	173	1	173	796	968	1.08e-41	141	177	1332
011_11_RA17_GMCF3029a.sc__NODE_125890_length_534_cov_1.116910_1	REF066_OUT_Rhodobacter_capsulatus_Rhodopseudom_O54051	41.3	150	1	150	226	375	2.54e-32	114	177	777
011_11_RA17_GMCF3029a.sc__NODE_125890_length_534_cov_1.116910_1	REF064_OUT_Escherichia_coli_strain_K12__Q46799	32.5	160	1	156	235	389	9.87e-16	67.0	177	752
011_11_RA17_GMCF3029a.sc__NODE_125890_length_534_cov_1.116910_1	REF065_OUT_Megalodesulfovibrio_gigas_Desulfovi_Q46509	26.4	148	15	162	431	578	9.98e-14	61.2	177	907
011_11_RA17_GMCF3029a.sc__NODE_125890_length_534_cov_1.116910_1	REF035_FII_Ardenticatena_maritima_A0A0M8K8I5	29.5	176	1	171	252	423	2.06e-12	57.4	177	789
011_11_RA17_GMCF3029a.sc__NODE_125929_length_534_cov_0.977035_1	REF065_OUT_Megalodesulfovibrio_gigas_Desulfovi_Q46509	41.6	77	1	76	1	77	2.71e-14	59.3	87	907
011_11_RA17_GMCF3029a.sc__NODE_126388_length_533_cov_1.531381_1	REF041_FII_Actibacterium_lipolyticum_A0A238JRA4	68.1	160	1	160	384	543	3.97e-70	219	177	765
011_11_RA17_GMCF3029a.sc__NODE_126388_length_533_cov_1.531381_1	REF033_FII_Acidiphilium_multivorum_strain_DSM__F0J165	42.8	166	3	155	401	566	1.81e-34	120	177	801
011_11_RA17_GMCF3029a.sc__NODE_126388_length_533_cov_1.531381_1	REF054_FII_Cereibacter_sphaeroides_strain_ATCC_Q3J2E6	42.4	165	2	151	393	555	3.35e-34	120	177	790
011_11_RA17_GMCF3029a.sc__NODE_126388_length_533_cov_1.531381_1	REF062_FII_Falsiruegeria_litorea_R37_A0A1Y5S8H3	43.9	164	1	151	392	553	8.46e-34	119	177	787
011_11_RA17_GMCF3029a.sc__NODE_126388_length_533_cov_1.531381_1	REF058_FII_Cupriavidus_laharis_A0ABM8XSX1	41.9	167	2	155	395	559	2.14e-33	117	177	791
011_11_RA17_GMCF3029a.sc__NODE_126851_length_532_cov_2.060797_1	REF066_OUT_Rhodobacter_capsulatus_Rhodopseudom_O54051	36.0	86	16	101	2	87	1.28e-11	52.4	102	777
011_11_RA17_GMCF3029a.sc__NODE_128005_length_530_cov_3.589474_1	REF066_OUT_Rhodobacter_capsulatus_Rhodopseudom_O54051	61.5	174	2	175	596	767	1.16e-71	223	176	777
011_11_RA17_GMCF3029a.sc__NODE_128005_length_530_cov_3.589474_1	REF063_OUT_Bos_taurus_Bovine__P80457	51.4	179	2	174	1127	1305	1.35e-52	172	176	1332
011_11_RA17_GMCF3029a.sc__NODE_128005_length_530_cov_3.589474_1	REF035_FII_Ardenticatena_maritima_A0A0M8K8I5	31.0	168	17	174	620	777	4.51e-17	70.9	176	789
011_11_RA17_GMCF3029a.sc__NODE_128005_length_530_cov_3.589474_1	REF041_FII_Actibacterium_lipolyticum_A0A238JRA4	37.0	81	31	111	615	695	1.29e-13	60.8	176	765
011_11_RA17_GMCF3029a.sc__NODE_131853_length_525_cov_1.429787_2	REF066_OUT_Rhodobacter_capsulatus_Rhodopseudom_O54051	55.3	47	35	81	153	198	1.39e-13	57.0	81	777
011_11_RA17_GMCF3029a.sc__NODE_132157_length_524_cov_2.739872_2	REF063_OUT_Bos_taurus_Bovine__P80457	53.9	89	1	89	833	921	3.41e-27	96.3	92	1332
011_11_RA17_GMCF3029a.sc__NODE_132157_length_524_cov_2.739872_2	REF066_OUT_Rhodobacter_capsulatus_Rhodopseudom_O54051	47.2	89	1	89	263	351	7.50e-26	92.4	92	777
011_11_RA17_GMCF3029a.sc__NODE_135405_length_520_cov_1.176344_2	REF054_FII_Cereibacter_sphaeroides_strain_ATCC_Q3J2E6	33.0	97	15	108	225	320	6.18e-13	57.0	123	790
011_11_RA17_GMCF3029a.sc__NODE_135405_length_520_cov_1.176344_2	REF014_FI_Deinococcus_caeni_A0ABP9UI58	31.6	95	15	108	226	320	1.57e-12	55.8	123	792
011_11_RA17_GMCF3029a.sc__NODE_135405_length_520_cov_1.176344_2	REF012_FI_Bacillus_methanolicus_strain_MGA3_A_I3E8H4	29.5	95	15	108	220	314	3.97e-12	54.7	123	783
011_11_RA17_GMCF3029a.sc__NODE_135405_length_520_cov_1.176344_2	REF017_FI_Meiothermus_granaticius_NBRC_107808_A0A399F476	30.9	94	15	107	235	328	5.42e-12	54.3	123	799
011_11_RA17_GMCF3029a.sc__NODE_135405_length_520_cov_1.176344_2	REF000_FI_Afipia_carboxidovorans_strain_ATCC__P19919	28.4	95	12	105	237	331	7.40e-12	53.9	123	809
011_11_RA17_GMCF3029a.sc__NODE_136787_length_518_cov_1.110151_1	REF041_FII_Actibacterium_lipolyticum_A0A238JRA4	81.5	108	63	170	635	742	5.73e-56	181	172	765
011_11_RA17_GMCF3029a.sc__NODE_136787_length_518_cov_1.110151_1	REF062_FII_Falsiruegeria_litorea_R37_A0A1Y5S8H3	56.3	112	58	168	655	766	2.25e-37	129	172	787
011_11_RA17_GMCF3029a.sc__NODE_136787_length_518_cov_1.110151_1	REF052_FII_Bradyrhizobium_ivorense_A0A508SVN1	60.8	102	63	164	658	759	3.05e-37	128	172	779
011_11_RA17_GMCF3029a.sc__NODE_136787_length_518_cov_1.110151_1	REF060_FII_Donghicola_eburneus_A0A1M4N221	57.1	112	58	168	655	766	5.72e-37	127	172	788
011_11_RA17_GMCF3029a.sc__NODE_136787_length_518_cov_1.110151_1	REF048_FII_Ascidiaceihabitans_donghaensis_A0A2R8BD61	59.3	108	58	164	655	762	1.45e-36	126	172	788
011_11_RA17_GMCF3029a.sc__NODE_140440_length_513_cov_1.200873_1	REF064_OUT_Escherichia_coli_strain_K12__Q46799	34.9	106	38	136	631	736	4.06e-16	67.0	146	752
011_11_RA17_GMCF3029a.sc__NODE_140440_length_513_cov_1.200873_1	REF044_FII_Sulfoacidibacillus_ferrooxidans_A0A9X1V6V7	31.0	145	2	136	625	767	1.66e-14	62.4	146	784
011_11_RA17_GMCF3029a.sc__NODE_140440_length_513_cov_1.200873_1	REF047_FII_Meiothermus_granaticius_NBRC_107808_A0A399F9R8	31.1	132	2	127	626	756	3.62e-13	58.5	146	789
011_11_RA17_GMCF3029a.sc__NODE_140440_length_513_cov_1.200873_1	REF041_FII_Actibacterium_lipolyticum_A0A238JRA4	31.7	139	9	137	612	748	6.68e-13	57.8	146	765
011_11_RA17_GMCF3029a.sc__NODE_140440_length_513_cov_1.200873_1	REF050_FII_Blastochloris_viridis_Rhodopseudomo_A0A0H5BCZ6	31.9	144	2	136	629	768	4.25e-12	55.5	146	788
011_11_RA17_GMCF3029a.sc__NODE_145177_length_506_cov_3.696231_1	REF066_OUT_Rhodobacter_capsulatus_Rhodopseudom_O54051	35.9	156	6	159	487	638	2.38e-27	100	168	777
011_11_RA17_GMCF3029a.sc__NODE_145177_length_506_cov_3.696231_1	REF063_OUT_Bos_taurus_Bovine__P80457	32.9	161	1	161	1032	1171	4.30e-22	85.1	168	1332
011_11_RA17_GMCF3029a.sc__NODE_145540_length_506_cov_1.605322_1	REF050_FII_Blastochloris_viridis_Rhodopseudomo_A0A0H5BCZ6	32.3	130	19	142	643	772	2.05e-12	56.6	153	788
011_11_RA17_GMCF3029a.sc__NODE_148290_length_502_cov_3.395973_1	REF066_OUT_Rhodobacter_capsulatus_Rhodopseudom_O54051	49.0	153	14	166	147	298	1.26e-45	152	166	777
011_11_RA17_GMCF3029a.sc__NODE_148290_length_502_cov_3.395973_1	REF063_OUT_Bos_taurus_Bovine__P80457	37.3	158	10	166	711	868	1.32e-34	120	166	1332
011_11_RA17_GMCF3029a.sc__NODE_148290_length_502_cov_3.395973_1	REF064_OUT_Escherichia_coli_strain_K12__Q46799	25.3	162	6	166	147	306	3.39e-15	65.1	166	752
011_11_RA17_GMCF3029a.sc__NODE_149013_length_501_cov_7.943946_1	REF066_OUT_Rhodobacter_capsulatus_Rhodopseudom_O54051	56.4	163	1	163	543	705	8.03e-61	194	166	777
011_11_RA17_GMCF3029a.sc__NODE_149013_length_501_cov_7.943946_1	REF063_OUT_Bos_taurus_Bovine__P80457	50.8	128	39	166	1112	1239	1.40e-39	135	166	1332
011_11_RA17_GMCF3029a.sc__NODE_149013_length_501_cov_7.943946_1	REF035_FII_Ardenticatena_maritima_A0A0M8K8I5	29.2	161	11	163	570	719	1.36e-15	66.2	166	789
011_11_RA17_GMCF3029a.sc__NODE_149013_length_501_cov_7.943946_1	REF041_FII_Actibacterium_lipolyticum_A0A238JRA4	37.0	81	83	163	615	695	1.83e-13	60.1	166	765
012_12_RA18_GMCF3029a.meta__NODE_835_length_4242_cov_15.534989_2	REF014_FI_Deinococcus_caeni_A0ABP9UI58	23.6	402	187	551	13	404	1.33e-15	73.2	732	792
012_12_RA18_GMCF3029a.meta__NODE_835_length_4242_cov_15.534989_2	REF003_FI_Thermomicrobium_roseum_strain_ATCC__B9L450	22.8	404	198	551	13	396	2.44e-13	65.9	732	781
012_12_RA18_GMCF3029a.meta__NODE_835_length_4242_cov_15.534989_2	REF035_FII_Ardenticatena_maritima_A0A0M8K8I5	23.7	409	189	551	4	399	8.68e-12	60.8	732	789
012_12_RA18_GMCF3029a.meta__NODE_835_length_4242_cov_15.534989_2	REF064_OUT_Escherichia_coli_strain_K12__Q46799	27.8	133	598	723	608	737	3.35e-11	58.9	732	752
012_12_RA18_GMCF3029a.meta__NODE_835_length_4242_cov_15.534989_3	REF065_OUT_Megalodesulfovibrio_gigas_Desulfovi_Q46509	37.0	154	5	154	6	159	2.13e-29	105	156	907
012_12_RA18_GMCF3029a.meta__NODE_835_length_4242_cov_15.534989_3	REF063_OUT_Bos_taurus_Bovine__P80457	34.7	144	7	137	10	153	8.46e-23	86.7	156	1332
012_12_RA18_GMCF3029a.meta__NODE_2233_length_2908_cov_22.943568_1	REF066_OUT_Rhodobacter_capsulatus_Rhodopseudom_O54051	47.3	353	17	368	9	360	6.43e-102	311	368	777
012_12_RA18_GMCF3029a.meta__NODE_2233_length_2908_cov_22.943568_1	REF063_OUT_Bos_taurus_Bovine__P80457	38.5	353	17	368	579	930	1.33e-73	241	368	1332
012_12_RA18_GMCF3029a.meta__NODE_2233_length_2908_cov_22.943568_1	REF034_FII_Actinoallomurus_iriomotensis_A0A9W6W744	27.3	348	28	366	21	364	1.64e-29	112	368	751
012_12_RA18_GMCF3029a.meta__NODE_2233_length_2908_cov_22.943568_1	REF036_FII_Calidithermus_roseus_A0A399EKG8	26.8	362	24	366	27	382	1.81e-28	109	368	764
012_12_RA18_GMCF3029a.meta__NODE_2233_length_2908_cov_22.943568_1	REF065_OUT_Megalodesulfovibrio_gigas_Desulfovi_Q46509	25.4	347	38	366	205	549	4.83e-28	108	368	907
012_12_RA18_GMCF3029a.meta__NODE_2233_length_2908_cov_22.943568_2	REF063_OUT_Bos_taurus_Bovine__P80457	27.1	543	14	498	8	521	1.06e-59	206	530	1332
012_12_RA18_GMCF3029a.meta__NODE_2233_length_2908_cov_22.943568_2	REF065_OUT_Megalodesulfovibrio_gigas_Desulfovi_Q46509	34.6	153	36	185	27	148	1.55e-22	94.4	530	907
012_12_RA18_GMCF3029a.meta__NODE_2599_length_2749_cov_4.949517_2	REF063_OUT_Bos_taurus_Bovine__P80457	29.5	525	9	498	2	521	3.38e-63	216	522	1332
012_12_RA18_GMCF3029a.meta__NODE_2599_length_2749_cov_4.949517_2	REF065_OUT_Megalodesulfovibrio_gigas_Desulfovi_Q46509	37.6	141	31	168	21	148	4.35e-21	89.7	522	907
012_12_RA18_GMCF3029a.meta__NODE_2833_length_2661_cov_3.049885_2	REF063_OUT_Bos_taurus_Bovine__P80457	36.3	833	1	799	262	1078	6.33e-142	446	845	1332
012_12_RA18_GMCF3029a.meta__NODE_2833_length_2661_cov_3.049885_2	REF066_OUT_Rhodobacter_capsulatus_Rhodopseudom_O54051	45.6	533	285	799	6	528	3.41e-131	404	845	777
012_12_RA18_GMCF3029a.meta__NODE_2833_length_2661_cov_3.049885_2	REF064_OUT_Escherichia_coli_strain_K12__Q46799	28.2	536	291	802	5	519	4.27e-44	163	845	752
012_12_RA18_GMCF3029a.meta__NODE_2833_length_2661_cov_3.049885_2	REF046_FII_Amycolatopsis_bartoniae_A0A8H9IQQ2	28.0	490	317	798	41	514	2.35e-39	149	845	752
012_12_RA18_GMCF3029a.meta__NODE_2833_length_2661_cov_3.049885_2	REF065_OUT_Megalodesulfovibrio_gigas_Desulfovi_Q46509	27.2	548	270	795	168	692	7.01e-39	148	845	907
012_12_RA18_GMCF3029a.meta__NODE_3814_length_2342_cov_4.420201_1	REF064_OUT_Escherichia_coli_strain_K12__Q46799	25.3	438	235	607	2	422	6.50e-15	70.9	718	752
012_12_RA18_GMCF3029a.meta__NODE_3814_length_2342_cov_4.420201_1	REF003_FI_Thermomicrobium_roseum_strain_ATCC__B9L450	25.2	313	227	492	7	313	2.00e-14	69.3	718	781
012_12_RA18_GMCF3029a.meta__NODE_3814_length_2342_cov_4.420201_1	REF025_FI_Phaeobacter_gallaeciensis_A0A1B0ZWG3	24.4	311	229	484	17	319	1.93e-11	59.7	718	804
012_12_RA18_GMCF3029a.meta__NODE_3814_length_2342_cov_4.420201_1	REF030_FI_Roseovarius_gaetbuli_A0A1X6ZH08	24.1	315	224	484	13	320	2.55e-11	59.3	718	805
012_12_RA18_GMCF3029a.meta__NODE_3814_length_2342_cov_4.420201_1	REF027_FI_Pseudorhizobium_banfieldiae_L0NNE2	23.1	321	218	484	7	321	4.41e-11	58.5	718	806
012_12_RA18_GMCF3029a.meta__NODE_6378_length_1893_cov_7.136017_1	REF066_OUT_Rhodobacter_capsulatus_Rhodopseudom_O54051	59.7	139	1	139	634	770	2.77e-51	167	149	777
012_12_RA18_GMCF3029a.meta__NODE_6378_length_1893_cov_7.136017_1	REF063_OUT_Bos_taurus_Bovine__P80457	51.4	146	1	140	1165	1310	5.24e-42	141	149	1332
012_12_RA18_GMCF3029a.meta__NODE_7943_length_1729_cov_2.945042_3	REF062_FII_Falsiruegeria_litorea_R37_A0A1Y5S8H3	81.6	158	1	158	628	785	1.01e-94	284	162	787
012_12_RA18_GMCF3029a.meta__NODE_7943_length_1729_cov_2.945042_3	REF048_FII_Ascidiaceihabitans_donghaensis_A0A2R8BD61	78.9	161	1	161	628	788	7.85e-94	281	162	788
012_12_RA18_GMCF3029a.meta__NODE_7943_length_1729_cov_2.945042_3	REF060_FII_Donghicola_eburneus_A0A1M4N221	78.1	160	1	159	628	787	4.86e-91	274	162	788
012_12_RA18_GMCF3029a.meta__NODE_7943_length_1729_cov_2.945042_3	REF045_FII_Albidovulum_aquaemixtae_A0A2R8B4Q9	74.7	158	1	158	629	786	1.79e-85	259	162	788
012_12_RA18_GMCF3029a.meta__NODE_7943_length_1729_cov_2.945042_3	REF054_FII_Cereibacter_sphaeroides_strain_ATCC_Q3J2E6	72.5	160	1	159	630	789	8.18e-82	250	162	790
012_12_RA18_GMCF3029a.meta__NODE_8842_length_1651_cov_3.550752_1	REF057_FII_Rhodococcus_coprophilus_A0A2X4U3L5	24.7	385	48	390	23	403	1.52e-13	65.9	550	808
012_12_RA18_GMCF3029a.meta__NODE_8842_length_1651_cov_3.550752_1	REF064_OUT_Escherichia_coli_strain_K12__Q46799	22.5	391	43	391	1	381	1.93e-13	65.5	550	752
012_12_RA18_GMCF3029a.meta__NODE_8842_length_1651_cov_3.550752_1	REF042_FII_Actinomadura_macrotermitis_A0A7K0C220	26.4	227	177	390	164	389	3.16e-12	61.6	550	798
012_12_RA18_GMCF3029a.meta__NODE_8842_length_1651_cov_3.550752_1	REF026_FI_Polymorphum_gilvum_strain_LMG_25793_F2IW51	25.8	400	53	391	33	416	2.89e-11	58.5	550	806
012_12_RA18_GMCF3029a.meta__NODE_9832_length_1576_cov_2.840237_1	REF036_FII_Calidithermus_roseus_A0A399EKG8	31.4	140	12	145	615	753	2.84e-14	62.0	154	764
012_12_RA18_GMCF3029a.meta__NODE_9832_length_1576_cov_2.840237_1	REF050_FII_Blastochloris_viridis_Rhodopseudomo_A0A0H5BCZ6	31.3	134	19	146	641	773	2.45e-13	59.3	154	788
012_12_RA18_GMCF3029a.meta__NODE_9832_length_1576_cov_2.840237_1	REF041_FII_Actibacterium_lipolyticum_A0A238JRA4	34.1	138	14	142	612	748	3.32e-13	58.9	154	765
012_12_RA18_GMCF3029a.meta__NODE_9832_length_1576_cov_2.840237_1	REF043_FII_Deinococcus_aluminii_A0ABP9XBM4	29.6	142	14	145	636	776	3.90e-12	55.8	154	796
012_12_RA18_GMCF3029a.meta__NODE_9832_length_1576_cov_2.840237_1	REF039_FII_Luteitalea_pratensis_A0A143PSW7	29.9	117	20	133	642	758	2.45e-11	53.5	154	787
012_12_RA18_GMCF3029a.meta__NODE_9859_length_1574_cov_4.319947_1	REF064_OUT_Escherichia_coli_strain_K12__Q46799	34.9	241	10	235	516	742	1.22e-32	118	243	752
012_12_RA18_GMCF3029a.meta__NODE_9859_length_1574_cov_4.319947_1	REF023_FI_Rhodococcus_gordoniae_A0A379LVU4	35.9	251	8	239	552	789	4.25e-32	116	243	797
012_12_RA18_GMCF3029a.meta__NODE_9859_length_1574_cov_4.319947_1	REF019_FI_Mycolicibacterium_chitae_Mycobacter_A0A448IBW4	35.1	259	1	239	544	788	1.07e-31	115	243	796
012_12_RA18_GMCF3029a.meta__NODE_9859_length_1574_cov_4.319947_1	REF002_FI_Mycolicibacterium_smegmatis_strain__A0QQG4	34.0	259	1	239	547	791	1.97e-31	114	243	799
012_12_RA18_GMCF3029a.meta__NODE_9859_length_1574_cov_4.319947_1	REF013_FI_Capillimicrobium_parvum_A0A9E6Y1X1	32.9	252	8	239	562	799	9.16e-31	112	243	807
012_12_RA18_GMCF3029a.meta__NODE_14185_length_1347_cov_3.699690_1	REF066_OUT_Rhodobacter_capsulatus_Rhodopseudom_O54051	39.2	324	1	322	456	774	5.98e-68	219	323	777
012_12_RA18_GMCF3029a.meta__NODE_14185_length_1347_cov_3.699690_1	REF063_OUT_Bos_taurus_Bovine__P80457	38.9	321	1	314	1006	1305	5.59e-61	203	323	1332
012_12_RA18_GMCF3029a.meta__NODE_14185_length_1347_cov_3.699690_1	REF044_FII_Sulfoacidibacillus_ferrooxidans_A0A9X1V6V7	28.5	305	16	314	482	773	5.88e-22	89.4	323	784
012_12_RA18_GMCF3029a.meta__NODE_14185_length_1347_cov_3.699690_1	REF035_FII_Ardenticatena_maritima_A0A0M8K8I5	24.5	314	14	322	486	785	7.19e-19	80.1	323	789
012_12_RA18_GMCF3029a.meta__NODE_14185_length_1347_cov_3.699690_1	REF048_FII_Ascidiaceihabitans_donghaensis_A0A2R8BD61	23.5	323	14	314	487	781	7.57e-18	77.0	323	788
012_12_RA18_GMCF3029a.meta__NODE_14611_length_1331_cov_2.413793_1	REF063_OUT_Bos_taurus_Bovine__P80457	29.3	433	1	362	28	460	1.16e-41	150	437	1332
012_12_RA18_GMCF3029a.meta__NODE_14611_length_1331_cov_2.413793_1	REF065_OUT_Megalodesulfovibrio_gigas_Desulfovi_Q46509	33.6	134	2	128	26	154	1.58e-18	80.9	437	907
012_12_RA18_GMCF3029a.meta__NODE_16363_length_1268_cov_3.044518_1	REF063_OUT_Bos_taurus_Bovine__P80457	39.1	386	2	386	717	1102	4.83e-88	284	422	1332
012_12_RA18_GMCF3029a.meta__NODE_16363_length_1268_cov_3.044518_1	REF066_OUT_Rhodobacter_capsulatus_Rhodopseudom_O54051	36.1	429	2	401	149	567	1.45e-82	262	422	777
012_12_RA18_GMCF3029a.meta__NODE_16363_length_1268_cov_3.044518_1	REF064_OUT_Escherichia_coli_strain_K12__Q46799	27.4	365	2	362	157	514	1.02e-32	123	422	752
012_12_RA18_GMCF3029a.meta__NODE_16363_length_1268_cov_3.044518_1	REF065_OUT_Megalodesulfovibrio_gigas_Desulfovi_Q46509	25.8	376	11	382	350	716	1.77e-24	99.0	422	907
012_12_RA18_GMCF3029a.meta__NODE_16363_length_1268_cov_3.044518_1	REF049_FII_Gandjariella_thermophila_A0A4D4J4W8	25.9	386	29	402	182	555	2.19e-23	95.5	422	752
012_12_RA18_GMCF3029a.meta__NODE_16396_length_1267_cov_3.018977_2	REF052_FII_Bradyrhizobium_ivorense_A0A508SVN1	32.2	261	8	253	515	773	1.79e-26	100	259	779
012_12_RA18_GMCF3029a.meta__NODE_16396_length_1267_cov_3.018977_2	REF036_FII_Calidithermus_roseus_A0A399EKG8	33.2	265	8	257	497	759	6.02e-26	99.4	259	764
012_12_RA18_GMCF3029a.meta__NODE_16396_length_1267_cov_3.018977_2	REF055_FII_Pseudonocardia_asaccharolytica_DSM__A0A511CWW9	31.8	255	9	249	493	741	3.11e-24	94.4	259	757
012_12_RA18_GMCF3029a.meta__NODE_16396_length_1267_cov_3.018977_2	REF044_FII_Sulfoacidibacillus_ferrooxidans_A0A9X1V6V7	29.4	279	1	258	502	778	7.82e-24	93.2	259	784
012_12_RA18_GMCF3029a.meta__NODE_16396_length_1267_cov_3.018977_2	REF039_FII_Luteitalea_pratensis_A0A143PSW7	29.9	254	1	238	509	760	1.06e-23	92.8	259	787
012_12_RA18_GMCF3029a.meta__NODE_16608_length_1260_cov_3.782573_2	REF054_FII_Cereibacter_sphaeroides_strain_ATCC_Q3J2E6	70.7	133	2	134	290	422	5.15e-63	198	134	790
012_12_RA18_GMCF3029a.meta__NODE_16608_length_1260_cov_3.782573_2	REF045_FII_Albidovulum_aquaemixtae_A0A2R8B4Q9	68.4	133	2	134	289	421	9.71e-63	197	134	788
012_12_RA18_GMCF3029a.meta__NODE_16608_length_1260_cov_3.782573_2	REF060_FII_Donghicola_eburneus_A0A1M4N221	69.2	133	2	134	290	420	9.34e-61	192	134	788
012_12_RA18_GMCF3029a.meta__NODE_16608_length_1260_cov_3.782573_2	REF062_FII_Falsiruegeria_litorea_R37_A0A1Y5S8H3	66.9	133	2	134	290	420	3.09e-57	182	134	787
012_12_RA18_GMCF3029a.meta__NODE_16608_length_1260_cov_3.782573_2	REF048_FII_Ascidiaceihabitans_donghaensis_A0A2R8BD61	63.9	133	2	134	290	420	4.30e-57	182	134	788
012_12_RA18_GMCF3029a.meta__NODE_17554_length_1232_cov_4.665251_1	REF065_OUT_Megalodesulfovibrio_gigas_Desulfovi_Q46509	44.3	131	28	155	23	152	2.57e-28	104	204	907
012_12_RA18_GMCF3029a.meta__NODE_17554_length_1232_cov_4.665251_1	REF063_OUT_Bos_taurus_Bovine__P80457	38.0	158	7	153	4	161	5.88e-27	100	204	1332
012_12_RA18_GMCF3029a.meta__NODE_18801_length_1199_cov_4.427448_2	REF065_OUT_Megalodesulfovibrio_gigas_Desulfovi_Q46509	36.4	151	4	150	6	156	2.63e-25	93.6	151	907
012_12_RA18_GMCF3029a.meta__NODE_18801_length_1199_cov_4.427448_2	REF063_OUT_Bos_taurus_Bovine__P80457	35.5	152	6	144	10	161	1.16e-21	83.2	151	1332
012_12_RA18_GMCF3029a.meta__NODE_20436_length_1159_cov_7.259058_1	REF035_FII_Ardenticatena_maritima_A0A0M8K8I5	27.6	293	101	343	6	293	2.07e-14	67.4	385	789
012_12_RA18_GMCF3029a.meta__NODE_20436_length_1159_cov_7.259058_1	REF003_FI_Thermomicrobium_roseum_strain_ATCC__B9L450	23.9	285	101	343	7	288	2.65e-13	63.9	385	781
012_12_RA18_GMCF3029a.meta__NODE_20436_length_1159_cov_7.259058_1	REF064_OUT_Escherichia_coli_strain_K12__Q46799	28.2	170	173	336	103	269	1.43e-12	61.6	385	752
012_12_RA18_GMCF3029a.meta__NODE_20436_length_1159_cov_7.259058_1	REF014_FI_Deinococcus_caeni_A0ABP9UI58	25.1	247	99	307	14	260	1.93e-12	61.2	385	792
012_12_RA18_GMCF3029a.meta__NODE_20436_length_1159_cov_7.259058_1	REF006_FI_Ktedonobacter_racemifer_DSM_44963_D6TQ73	23.2	311	103	363	11	321	2.56e-12	60.8	385	789
012_12_RA18_GMCF3029a.meta__NODE_21372_length_1138_cov_6.036934_1	REF065_OUT_Megalodesulfovibrio_gigas_Desulfovi_Q46509	45.8	48	3	50	2	49	9.65e-11	47.4	50	907
012_12_RA18_GMCF3029a.meta__NODE_22376_length_1117_cov_2.559322_2	REF036_FII_Calidithermus_roseus_A0A399EKG8	31.8	277	24	281	14	290	1.34e-30	113	281	764
012_12_RA18_GMCF3029a.meta__NODE_22376_length_1117_cov_2.559322_2	REF059_FII_Streptomonospora_litoralis_A0A4P6PZM8	29.5	285	24	280	13	295	6.77e-27	102	281	800
012_12_RA18_GMCF3029a.meta__NODE_22376_length_1117_cov_2.559322_2	REF042_FII_Actinomadura_macrotermitis_A0A7K0C220	32.0	266	24	267	4	269	4.16e-26	100	281	798
012_12_RA18_GMCF3029a.meta__NODE_22376_length_1117_cov_2.559322_2	REF034_FII_Actinoallomurus_iriomotensis_A0A9W6W744	30.5	266	23	275	3	267	1.37e-25	99.0	281	751
012_12_RA18_GMCF3029a.meta__NODE_22376_length_1117_cov_2.559322_2	REF054_FII_Cereibacter_sphaeroides_strain_ATCC_Q3J2E6	27.5	276	37	277	20	291	4.67e-25	97.4	281	790
012_12_RA18_GMCF3029a.meta__NODE_22551_length_1113_cov_4.766541_1	REF040_FII_Nitrolancea_hollandica_Lb_I4ED45	27.3	355	10	330	206	559	1.99e-28	108	341	784
012_12_RA18_GMCF3029a.meta__NODE_22551_length_1113_cov_4.766541_1	REF064_OUT_Escherichia_coli_strain_K12__Q46799	29.2	346	29	341	211	543	3.55e-28	108	341	752
012_12_RA18_GMCF3029a.meta__NODE_22551_length_1113_cov_4.766541_1	REF065_OUT_Megalodesulfovibrio_gigas_Desulfovi_Q46509	29.3	328	9	316	375	699	4.25e-27	105	341	907
012_12_RA18_GMCF3029a.meta__NODE_22551_length_1113_cov_4.766541_1	REF057_FII_Rhodococcus_coprophilus_A0A2X4U3L5	28.4	352	19	335	223	573	8.04e-26	101	341	808
012_12_RA18_GMCF3029a.meta__NODE_22551_length_1113_cov_4.766541_1	REF051_FII_Modestobacter_italicus_strain_DSM_4_I4F486	28.4	352	14	341	202	553	3.48e-25	99.4	341	763
012_12_RA18_GMCF3029a.meta__NODE_24105_length_1082_cov_2.655307_1	REF063_OUT_Bos_taurus_Bovine__P80457	25.8	194	92	280	335	524	9.56e-13	61.2	296	1332
012_12_RA18_GMCF3029a.meta__NODE_26061_length_1045_cov_10.531313_2	REF066_OUT_Rhodobacter_capsulatus_Rhodopseudom_O54051	58.1	289	1	289	484	770	1.53e-106	320	299	777
012_12_RA18_GMCF3029a.meta__NODE_26061_length_1045_cov_10.531313_2	REF063_OUT_Bos_taurus_Bovine__P80457	44.6	296	1	290	1034	1310	2.10e-66	218	299	1332
012_12_RA18_GMCF3029a.meta__NODE_26061_length_1045_cov_10.531313_2	REF058_FII_Cupriavidus_laharis_A0ABM8XSX1	29.0	297	6	289	509	786	8.47e-23	91.3	299	791
012_12_RA18_GMCF3029a.meta__NODE_26061_length_1045_cov_10.531313_2	REF035_FII_Ardenticatena_maritima_A0A0M8K8I5	28.8	306	1	293	501	785	1.14e-22	90.9	299	789
012_12_RA18_GMCF3029a.meta__NODE_26061_length_1045_cov_10.531313_2	REF052_FII_Bradyrhizobium_ivorense_A0A508SVN1	29.9	288	6	289	506	777	3.06e-21	86.7	299	779
012_12_RA18_GMCF3029a.meta__NODE_26348_length_1040_cov_22.463959_2	REF066_OUT_Rhodobacter_capsulatus_Rhodopseudom_O54051	55.2	134	1	134	643	774	9.78e-47	154	140	777
012_12_RA18_GMCF3029a.meta__NODE_26348_length_1040_cov_22.463959_2	REF063_OUT_Bos_taurus_Bovine__P80457	50.0	138	1	132	1174	1311	9.88e-40	134	140	1332
012_12_RA18_GMCF3029a.meta__NODE_27068_length_1029_cov_3.599589_3	REF064_OUT_Escherichia_coli_strain_K12__Q46799	31.3	115	80	187	623	737	2.05e-11	55.1	199	752
012_12_RA18_GMCF3029a.meta__NODE_27638_length_1020_cov_4.693264_1	REF066_OUT_Rhodobacter_capsulatus_Rhodopseudom_O54051	65.5	29	1	29	1	29	8.30e-12	49.3	31	777
012_12_RA18_GMCF3029a.meta__NODE_27638_length_1020_cov_4.693264_2	REF063_OUT_Bos_taurus_Bovine__P80457	27.0	270	5	258	219	484	1.44e-14	67.0	309	1332
012_12_RA18_GMCF3029a.meta__NODE_30657_length_977_cov_2.907809_1	REF066_OUT_Rhodobacter_capsulatus_Rhodopseudom_O54051	24.7	231	97	322	142	366	3.65e-11	56.6	325	777
012_12_RA18_GMCF3029a.meta__NODE_31032_length_972_cov_3.760087_1	REF062_FII_Falsiruegeria_litorea_R37_A0A1Y5S8H3	49.4	257	5	257	529	785	8.87e-75	236	265	787
012_12_RA18_GMCF3029a.meta__NODE_31032_length_972_cov_3.760087_1	REF060_FII_Donghicola_eburneus_A0A1M4N221	48.6	259	5	258	529	787	9.00e-75	236	265	788
012_12_RA18_GMCF3029a.meta__NODE_31032_length_972_cov_3.760087_1	REF048_FII_Ascidiaceihabitans_donghaensis_A0A2R8BD61	47.7	262	3	260	527	788	9.19e-74	233	265	788
012_12_RA18_GMCF3029a.meta__NODE_31032_length_972_cov_3.760087_1	REF050_FII_Blastochloris_viridis_Rhodopseudomo_A0A0H5BCZ6	48.1	262	3	263	526	784	1.28e-73	233	265	788
012_12_RA18_GMCF3029a.meta__NODE_31032_length_972_cov_3.760087_1	REF033_FII_Acidiphilium_multivorum_strain_DSM__F0J165	44.4	261	2	261	535	795	4.14e-73	231	265	801
012_12_RA18_GMCF3029a.meta__NODE_31914_length_960_cov_5.949171_1	REF066_OUT_Rhodobacter_capsulatus_Rhodopseudom_O54051	48.3	317	3	319	190	498	6.37e-97	296	319	777
012_12_RA18_GMCF3029a.meta__NODE_31914_length_960_cov_5.949171_1	REF063_OUT_Bos_taurus_Bovine__P80457	41.2	313	8	319	765	1048	3.28e-71	232	319	1332
012_12_RA18_GMCF3029a.meta__NODE_31914_length_960_cov_5.949171_1	REF064_OUT_Escherichia_coli_strain_K12__Q46799	27.2	313	8	319	204	484	2.02e-23	93.6	319	752
012_12_RA18_GMCF3029a.meta__NODE_31914_length_960_cov_5.949171_1	REF065_OUT_Megalodesulfovibrio_gigas_Desulfovi_Q46509	26.2	298	17	314	397	658	6.23e-21	86.3	319	907
012_12_RA18_GMCF3029a.meta__NODE_31914_length_960_cov_5.949171_1	REF059_FII_Streptomonospora_litoralis_A0A4P6PZM8	29.0	183	8	189	225	406	6.80e-19	80.1	319	800
012_12_RA18_GMCF3029a.meta__NODE_32606_length_952_cov_2.333333_2	REF065_OUT_Megalodesulfovibrio_gigas_Desulfovi_Q46509	37.1	151	5	151	6	156	1.41e-27	100	152	907
012_12_RA18_GMCF3029a.meta__NODE_32606_length_952_cov_2.333333_2	REF063_OUT_Bos_taurus_Bovine__P80457	34.4	157	7	149	10	165	2.64e-20	79.3	152	1332
012_12_RA18_GMCF3029a.meta__NODE_33693_length_939_cov_2.188914_2	REF065_OUT_Megalodesulfovibrio_gigas_Desulfovi_Q46509	43.8	64	4	67	6	69	3.51e-14	58.2	70	907
012_12_RA18_GMCF3029a.meta__NODE_34090_length_934_cov_2.564278_2	REF065_OUT_Megalodesulfovibrio_gigas_Desulfovi_Q46509	39.9	158	1	155	1	157	7.59e-30	107	162	907
012_12_RA18_GMCF3029a.meta__NODE_34090_length_934_cov_2.564278_2	REF063_OUT_Bos_taurus_Bovine__P80457	39.6	164	8	160	10	173	2.37e-28	102	162	1332
012_12_RA18_GMCF3029a.meta__NODE_35266_length_921_cov_2.075058_1	REF014_FI_Deinococcus_caeni_A0ABP9UI58	26.5	253	100	306	18	260	1.73e-11	57.4	306	792
012_12_RA18_GMCF3029a.meta__NODE_35357_length_919_cov_9.503472_1	REF066_OUT_Rhodobacter_capsulatus_Rhodopseudom_O54051	47.9	292	23	306	164	454	3.99e-86	267	306	777
012_12_RA18_GMCF3029a.meta__NODE_35357_length_919_cov_9.503472_1	REF063_OUT_Bos_taurus_Bovine__P80457	36.5	307	2	306	711	1004	1.78e-57	192	306	1332
012_12_RA18_GMCF3029a.meta__NODE_35357_length_919_cov_9.503472_1	REF065_OUT_Megalodesulfovibrio_gigas_Desulfovi_Q46509	27.4	303	2	303	334	618	5.62e-26	100	306	907
012_12_RA18_GMCF3029a.meta__NODE_35357_length_919_cov_9.503472_1	REF064_OUT_Escherichia_coli_strain_K12__Q46799	28.4	229	8	235	157	383	2.13e-23	93.2	306	752
012_12_RA18_GMCF3029a.meta__NODE_35357_length_919_cov_9.503472_1	REF059_FII_Streptomonospora_litoralis_A0A4P6PZM8	25.2	250	55	303	225	464	3.26e-18	77.8	306	800
012_12_RA18_GMCF3029a.meta__NODE_36933_length_903_cov_2.459906_1	REF066_OUT_Rhodobacter_capsulatus_Rhodopseudom_O54051	56.4	179	1	179	20	197	1.18e-58	191	231	777
012_12_RA18_GMCF3029a.meta__NODE_36933_length_903_cov_2.459906_1	REF063_OUT_Bos_taurus_Bovine__P80457	34.9	212	1	208	590	796	6.69e-23	89.7	231	1332
012_12_RA18_GMCF3029a.meta__NODE_36933_length_903_cov_2.459906_1	REF049_FII_Gandjariella_thermophila_A0A4D4J4W8	36.6	123	3	123	23	143	6.95e-17	72.0	231	752
012_12_RA18_GMCF3029a.meta__NODE_36933_length_903_cov_2.459906_1	REF034_FII_Actinoallomurus_iriomotensis_A0A9W6W744	32.4	136	1	132	21	154	1.91e-15	67.8	231	751
012_12_RA18_GMCF3029a.meta__NODE_36933_length_903_cov_2.459906_1	REF065_OUT_Megalodesulfovibrio_gigas_Desulfovi_Q46509	29.2	185	10	176	204	387	1.21e-14	65.5	231	907
012_12_RA18_GMCF3029a.meta__NODE_36933_length_903_cov_2.459906_2	REF063_OUT_Bos_taurus_Bovine__P80457	51.7	60	21	76	99	158	9.10e-17	68.2	127	1332
012_12_RA18_GMCF3029a.meta__NODE_36933_length_903_cov_2.459906_2	REF065_OUT_Megalodesulfovibrio_gigas_Desulfovi_Q46509	38.7	75	12	77	74	148	1.32e-12	56.2	127	907
012_12_RA18_GMCF3029a.meta__NODE_38564_length_887_cov_2.423077_1	REF063_OUT_Bos_taurus_Bovine__P80457	25.8	353	2	295	14	365	3.02e-30	113	295	1332
012_12_RA18_GMCF3029a.meta__NODE_38564_length_887_cov_2.423077_1	REF065_OUT_Megalodesulfovibrio_gigas_Desulfovi_Q46509	32.5	154	14	164	23	167	1.64e-21	87.4	295	907
012_12_RA18_GMCF3029a.meta__NODE_39545_length_877_cov_3.401460_2	REF065_OUT_Megalodesulfovibrio_gigas_Desulfovi_Q46509	38.8	152	5	151	6	157	4.54e-28	101	155	907
012_12_RA18_GMCF3029a.meta__NODE_39545_length_877_cov_3.401460_2	REF063_OUT_Bos_taurus_Bovine__P80457	30.6	147	7	139	10	156	4.15e-16	67.4	155	1332
012_12_RA18_GMCF3029a.meta__NODE_39981_length_873_cov_3.146699_1	REF066_OUT_Rhodobacter_capsulatus_Rhodopseudom_O54051	60.2	236	1	236	1	235	6.73e-91	277	236	777
012_12_RA18_GMCF3029a.meta__NODE_39981_length_873_cov_3.146699_1	REF063_OUT_Bos_taurus_Bovine__P80457	36.6	235	2	235	572	804	2.78e-40	140	236	1332
012_12_RA18_GMCF3029a.meta__NODE_39981_length_873_cov_3.146699_1	REF049_FII_Gandjariella_thermophila_A0A4D4J4W8	29.5	224	16	232	17	238	6.51e-21	84.0	236	752
012_12_RA18_GMCF3029a.meta__NODE_39981_length_873_cov_3.146699_1	REF034_FII_Actinoallomurus_iriomotensis_A0A9W6W744	30.3	221	20	232	21	238	2.97e-20	82.0	236	751
012_12_RA18_GMCF3029a.meta__NODE_39981_length_873_cov_3.146699_1	REF042_FII_Actinomadura_macrotermitis_A0A7K0C220	29.7	236	16	232	17	248	3.02e-20	82.0	236	798
012_12_RA18_GMCF3029a.meta__NODE_40561_length_868_cov_2.055351_2	REF065_OUT_Megalodesulfovibrio_gigas_Desulfovi_Q46509	39.9	148	3	147	6	153	4.22e-30	107	154	907
012_12_RA18_GMCF3029a.meta__NODE_40561_length_868_cov_2.055351_2	REF063_OUT_Bos_taurus_Bovine__P80457	37.0	146	13	147	19	164	3.47e-26	96.3	154	1332
012_12_RA18_GMCF3029a.meta__NODE_41085_length_863_cov_4.691832_1	REF047_FII_Meiothermus_granaticius_NBRC_107808_A0A399F9R8	29.1	127	123	243	631	756	1.00e-11	57.4	261	789
012_12_RA18_GMCF3029a.meta__NODE_41085_length_863_cov_4.691832_1	REF043_FII_Deinococcus_aluminii_A0ABP9XBM4	29.1	127	123	243	634	759	1.80e-11	56.6	261	796
012_12_RA18_GMCF3029a.meta__NODE_42745_length_849_cov_2.204030_1	REF059_FII_Streptomonospora_litoralis_A0A4P6PZM8	47.6	288	1	282	31	310	3.77e-74	235	282	800
012_12_RA18_GMCF3029a.meta__NODE_42745_length_849_cov_2.204030_1	REF061_FII_Streptomyces_smaragdinus_A0A7K0CAR3	46.1	282	1	281	23	299	4.63e-74	234	282	791
012_12_RA18_GMCF3029a.meta__NODE_42745_length_849_cov_2.204030_1	REF042_FII_Actinomadura_macrotermitis_A0A7K0C220	44.5	283	1	282	22	297	1.40e-72	231	282	798
012_12_RA18_GMCF3029a.meta__NODE_42745_length_849_cov_2.204030_1	REF057_FII_Rhodococcus_coprophilus_A0A2X4U3L5	41.8	285	1	281	31	310	5.92e-67	216	282	808
012_12_RA18_GMCF3029a.meta__NODE_42745_length_849_cov_2.204030_1	REF053_FII_Nocardioides_aquaticus_A0ABX8EDS7	42.2	289	1	282	32	315	1.35e-64	209	282	828
012_12_RA18_GMCF3029a.meta__NODE_43493_length_843_cov_1.854061_1	REF037_FII_Fibrella_aestuarina_BUZ_2_I0KFJ2	62.2	262	3	262	10	270	2.87e-115	342	262	796
012_12_RA18_GMCF3029a.meta__NODE_43493_length_843_cov_1.854061_1	REF062_FII_Falsiruegeria_litorea_R37_A0A1Y5S8H3	56.8	259	5	262	7	264	1.64e-99	301	262	787
012_12_RA18_GMCF3029a.meta__NODE_43493_length_843_cov_1.854061_1	REF033_FII_Acidiphilium_multivorum_strain_DSM__F0J165	57.9	259	5	262	14	271	9.10e-98	296	262	801
012_12_RA18_GMCF3029a.meta__NODE_43493_length_843_cov_1.854061_1	REF035_FII_Ardenticatena_maritima_A0A0M8K8I5	56.7	263	2	262	5	261	1.98e-97	295	262	789
012_12_RA18_GMCF3029a.meta__NODE_43493_length_843_cov_1.854061_1	REF060_FII_Donghicola_eburneus_A0A1M4N221	55.6	259	5	262	7	264	2.23e-95	290	262	788
012_12_RA18_GMCF3029a.meta__NODE_43932_length_839_cov_2.479592_1	REF066_OUT_Rhodobacter_capsulatus_Rhodopseudom_O54051	56.3	208	53	260	565	770	9.37e-74	233	270	777
012_12_RA18_GMCF3029a.meta__NODE_43932_length_839_cov_2.479592_1	REF063_OUT_Bos_taurus_Bovine__P80457	50.7	205	69	266	1112	1315	5.64e-54	181	270	1332
012_12_RA18_GMCF3029a.meta__NODE_43932_length_839_cov_2.479592_1	REF035_FII_Ardenticatena_maritima_A0A0M8K8I5	31.4	159	108	264	634	785	1.12e-16	72.4	270	789
012_12_RA18_GMCF3029a.meta__NODE_43932_length_839_cov_2.479592_1	REF052_FII_Bradyrhizobium_ivorense_A0A508SVN1	31.3	214	53	260	582	777	3.97e-15	67.8	270	779
012_12_RA18_GMCF3029a.meta__NODE_43932_length_839_cov_2.479592_1	REF041_FII_Actibacterium_lipolyticum_A0A238JRA4	28.0	157	113	268	615	765	1.02e-13	63.5	270	765
012_12_RA18_GMCF3029a.meta__NODE_44770_length_832_cov_3.833977_2	REF065_OUT_Megalodesulfovibrio_gigas_Desulfovi_Q46509	38.0	121	5	123	6	126	4.58e-23	86.3	130	907
012_12_RA18_GMCF3029a.meta__NODE_44770_length_832_cov_3.833977_2	REF063_OUT_Bos_taurus_Bovine__P80457	34.3	137	7	130	10	146	3.33e-18	72.4	130	1332
012_12_RA18_GMCF3029a.meta__NODE_46992_length_816_cov_8.348226_1	REF066_OUT_Rhodobacter_capsulatus_Rhodopseudom_O54051	47.1	240	22	260	8	246	2.61e-61	199	261	777
012_12_RA18_GMCF3029a.meta__NODE_46992_length_816_cov_8.348226_1	REF063_OUT_Bos_taurus_Bovine__P80457	38.6	241	22	261	578	817	4.41e-46	157	261	1332
012_12_RA18_GMCF3029a.meta__NODE_46992_length_816_cov_8.348226_1	REF065_OUT_Megalodesulfovibrio_gigas_Desulfovi_Q46509	28.8	250	21	250	180	429	8.96e-21	84.3	261	907
012_12_RA18_GMCF3029a.meta__NODE_46992_length_816_cov_8.348226_1	REF058_FII_Cupriavidus_laharis_A0ABM8XSX1	29.5	244	30	245	23	262	6.45e-18	75.9	261	791
012_12_RA18_GMCF3029a.meta__NODE_46992_length_816_cov_8.348226_1	REF037_FII_Fibrella_aestuarina_BUZ_2_I0KFJ2	32.0	244	30	245	25	266	6.47e-18	75.9	261	796
012_12_RA18_GMCF3029a.meta__NODE_48231_length_808_cov_2.397078_1	REF066_OUT_Rhodobacter_capsulatus_Rhodopseudom_O54051	47.3	131	4	134	3	133	1.38e-31	110	137	777
012_12_RA18_GMCF3029a.meta__NODE_48231_length_808_cov_2.397078_1	REF025_FI_Phaeobacter_gallaeciensis_A0A1B0ZWG3	42.6	108	19	123	32	138	2.34e-14	61.6	137	804
012_12_RA18_GMCF3029a.meta__NODE_48231_length_808_cov_2.397078_1	REF031_FI_Ruegeria_arenilitoris_A0A238KMA5	36.6	123	4	123	18	139	9.56e-13	57.0	137	805
012_12_RA18_GMCF3029a.meta__NODE_48231_length_808_cov_2.397078_1	REF036_FII_Calidithermus_roseus_A0A399EKG8	36.4	110	17	121	27	135	1.29e-12	56.6	137	764
012_12_RA18_GMCF3029a.meta__NODE_48231_length_808_cov_2.397078_1	REF034_FII_Actinoallomurus_iriomotensis_A0A9W6W744	32.0	125	1	123	1	123	1.76e-12	56.2	137	751
012_12_RA18_GMCF3029a.meta__NODE_49578_length_799_cov_2.391129_1	REF063_OUT_Bos_taurus_Bovine__P80457	25.6	211	54	248	250	460	9.40e-16	69.7	266	1332
012_12_RA18_GMCF3029a.meta__NODE_51274_length_788_cov_2.514325_1	REF065_OUT_Megalodesulfovibrio_gigas_Desulfovi_Q46509	40.4	151	5	151	6	156	1.90e-33	117	155	907
012_12_RA18_GMCF3029a.meta__NODE_51274_length_788_cov_2.514325_1	REF063_OUT_Bos_taurus_Bovine__P80457	34.4	163	1	150	4	166	5.06e-24	90.1	155	1332
012_12_RA18_GMCF3029a.meta__NODE_52305_length_782_cov_1.971114_1	REF003_FI_Thermomicrobium_roseum_strain_ATCC__B9L450	33.7	172	80	234	587	752	3.85e-13	61.6	260	781
012_12_RA18_GMCF3029a.meta__NODE_52305_length_782_cov_1.971114_1	REF004_FI_Thermogemmatispora_tikiterensis_A0A328VRJ9	29.3	246	19	234	522	761	4.09e-12	58.5	260	791
012_12_RA18_GMCF3029a.meta__NODE_52305_length_782_cov_1.971114_1	REF064_OUT_Escherichia_coli_strain_K12__Q46799	32.0	122	136	250	622	743	5.42e-12	58.2	260	752
012_12_RA18_GMCF3029a.meta__NODE_52305_length_782_cov_1.971114_1	REF038_FII_Kyrpidia_spormannii_A0A2K8N8V7	36.1	108	134	234	647	753	1.77e-11	56.6	260	780
012_12_RA18_GMCF3029a.meta__NODE_52305_length_782_cov_1.971114_1	REF040_FII_Nitrolancea_hollandica_Lb_I4ED45	30.2	172	80	234	589	756	1.77e-11	56.6	260	784
012_12_RA18_GMCF3029a.meta__NODE_54243_length_770_cov_4.537063_1	REF065_OUT_Megalodesulfovibrio_gigas_Desulfovi_Q46509	39.1	115	52	162	39	153	1.16e-22	86.7	167	907
012_12_RA18_GMCF3029a.meta__NODE_54243_length_770_cov_4.537063_1	REF063_OUT_Bos_taurus_Bovine__P80457	34.9	146	24	154	11	156	1.21e-22	86.7	167	1332
012_12_RA18_GMCF3029a.meta__NODE_54387_length_769_cov_23.050420_1	REF066_OUT_Rhodobacter_capsulatus_Rhodopseudom_O54051	46.2	273	1	255	343	607	1.15e-71	227	256	777
012_12_RA18_GMCF3029a.meta__NODE_54387_length_769_cov_23.050420_1	REF063_OUT_Bos_taurus_Bovine__P80457	36.9	255	1	255	913	1138	2.38e-45	155	256	1332
012_12_RA18_GMCF3029a.meta__NODE_54387_length_769_cov_23.050420_1	REF064_OUT_Escherichia_coli_strain_K12__Q46799	30.3	152	1	152	351	498	9.21e-12	57.4	256	752
012_12_RA18_GMCF3029a.meta__NODE_54784_length_767_cov_3.185393_2	REF041_FII_Actibacterium_lipolyticum_A0A238JRA4	43.5	69	3	70	56	124	3.55e-12	53.1	84	765
012_12_RA18_GMCF3029a.meta__NODE_55091_length_765_cov_5.379268_2	REF065_OUT_Megalodesulfovibrio_gigas_Desulfovi_Q46509	39.6	144	6	145	6	149	1.91e-31	111	154	907
012_12_RA18_GMCF3029a.meta__NODE_55091_length_765_cov_5.379268_2	REF063_OUT_Bos_taurus_Bovine__P80457	37.8	156	8	150	10	165	9.67e-29	103	154	1332
012_12_RA18_GMCF3029a.meta__NODE_55271_length_764_cov_4.218618_1	REF063_OUT_Bos_taurus_Bovine__P80457	28.7	293	2	246	145	434	2.55e-30	112	254	1332
012_12_RA18_GMCF3029a.meta__NODE_55520_length_763_cov_2.912429_1	REF057_FII_Rhodococcus_coprophilus_A0A2X4U3L5	30.3	155	85	236	181	334	3.96e-11	55.5	254	808
012_12_RA18_GMCF3029a.meta__NODE_55835_length_761_cov_3.317280_2	REF064_OUT_Escherichia_coli_strain_K12__Q46799	42.8	138	13	144	605	742	5.35e-33	115	159	752
012_12_RA18_GMCF3029a.meta__NODE_55835_length_761_cov_3.317280_2	REF061_FII_Streptomyces_smaragdinus_A0A7K0CAR3	39.7	146	11	148	631	776	6.72e-30	107	159	791
012_12_RA18_GMCF3029a.meta__NODE_55835_length_761_cov_3.317280_2	REF056_FII_Comamonas_aquatilis_A0ACE2T5A2	39.6	149	14	153	647	795	9.17e-30	106	159	795
012_12_RA18_GMCF3029a.meta__NODE_55835_length_761_cov_3.317280_2	REF042_FII_Actinomadura_macrotermitis_A0A7K0C220	40.0	155	11	157	628	782	9.17e-30	106	159	798
012_12_RA18_GMCF3029a.meta__NODE_55835_length_761_cov_3.317280_2	REF065_OUT_Megalodesulfovibrio_gigas_Desulfovi_Q46509	40.7	150	3	150	758	907	1.51e-28	103	159	907
012_12_RA18_GMCF3029a.meta__NODE_56963_length_755_cov_2.327143_2	REF041_FII_Actibacterium_lipolyticum_A0A238JRA4	78.3	83	1	83	648	730	3.60e-41	135	83	765
012_12_RA18_GMCF3029a.meta__NODE_56963_length_755_cov_2.327143_2	REF054_FII_Cereibacter_sphaeroides_strain_ATCC_Q3J2E6	66.3	86	1	83	675	758	2.47e-30	104	83	790
012_12_RA18_GMCF3029a.meta__NODE_56963_length_755_cov_2.327143_2	REF052_FII_Bradyrhizobium_ivorense_A0A508SVN1	61.4	83	1	83	671	753	3.37e-30	104	83	779
012_12_RA18_GMCF3029a.meta__NODE_56963_length_755_cov_2.327143_2	REF045_FII_Albidovulum_aquaemixtae_A0A2R8B4Q9	63.1	84	1	83	674	757	1.17e-29	102	83	788
012_12_RA18_GMCF3029a.meta__NODE_56963_length_755_cov_2.327143_2	REF056_FII_Comamonas_aquatilis_A0ACE2T5A2	63.1	84	1	83	680	763	1.17e-29	102	83	795
012_12_RA18_GMCF3029a.meta__NODE_58378_length_748_cov_1.948052_1	REF065_OUT_Megalodesulfovibrio_gigas_Desulfovi_Q46509	51.1	45	5	49	6	50	6.11e-13	53.5	49	907
012_12_RA18_GMCF3029a.meta__NODE_60452_length_737_cov_2.378299_1	REF044_FII_Sulfoacidibacillus_ferrooxidans_A0A9X1V6V7	32.4	216	12	217	83	295	1.93e-20	82.0	218	784
012_12_RA18_GMCF3029a.meta__NODE_60452_length_737_cov_2.378299_1	REF059_FII_Streptomonospora_litoralis_A0A4P6PZM8	29.9	211	17	217	100	305	6.57e-20	80.5	218	800
012_12_RA18_GMCF3029a.meta__NODE_60452_length_737_cov_2.378299_1	REF036_FII_Calidithermus_roseus_A0A399EKG8	28.8	205	16	217	96	299	1.20e-19	79.7	218	764
012_12_RA18_GMCF3029a.meta__NODE_60452_length_737_cov_2.378299_1	REF063_OUT_Bos_taurus_Bovine__P80457	27.4	212	5	212	642	841	2.75e-18	75.9	218	1332
012_12_RA18_GMCF3029a.meta__NODE_60452_length_737_cov_2.378299_1	REF065_OUT_Megalodesulfovibrio_gigas_Desulfovi_Q46509	27.0	204	17	217	266	467	1.19e-17	73.9	218	907
012_12_RA18_GMCF3029a.meta__NODE_62094_length_729_cov_1.694362_1	REF063_OUT_Bos_taurus_Bovine__P80457	43.7	151	2	141	8	158	1.39e-32	118	243	1332
012_12_RA18_GMCF3029a.meta__NODE_62094_length_729_cov_1.694362_1	REF065_OUT_Megalodesulfovibrio_gigas_Desulfovi_Q46509	42.8	152	4	147	8	153	3.64e-27	102	243	907
012_12_RA18_GMCF3029a.meta__NODE_64064_length_719_cov_4.120482_1	REF041_FII_Actibacterium_lipolyticum_A0A238JRA4	38.5	156	26	178	608	763	4.22e-33	117	179	765
012_12_RA18_GMCF3029a.meta__NODE_64064_length_719_cov_4.120482_1	REF042_FII_Actinomadura_macrotermitis_A0A7K0C220	43.2	146	34	176	632	777	3.72e-32	114	179	798
012_12_RA18_GMCF3029a.meta__NODE_64064_length_719_cov_4.120482_1	REF044_FII_Sulfoacidibacillus_ferrooxidans_A0A9X1V6V7	39.6	159	19	174	621	779	9.36e-32	113	179	784
012_12_RA18_GMCF3029a.meta__NODE_64064_length_719_cov_4.120482_1	REF038_FII_Kyrpidia_spormannii_A0A2K8N8V7	41.7	144	32	172	632	775	3.22e-31	111	179	780
012_12_RA18_GMCF3029a.meta__NODE_64064_length_719_cov_4.120482_1	REF057_FII_Rhodococcus_coprophilus_A0A2X4U3L5	39.5	157	25	178	636	792	4.42e-31	111	179	808
012_12_RA18_GMCF3029a.meta__NODE_64298_length_718_cov_4.446456_1	REF063_OUT_Bos_taurus_Bovine__P80457	27.1	306	1	237	100	395	2.05e-22	88.6	239	1332
012_12_RA18_GMCF3029a.meta__NODE_64982_length_715_cov_5.269697_1	REF064_OUT_Escherichia_coli_strain_K12__Q46799	29.4	170	60	223	103	269	8.01e-14	63.2	238	752
012_12_RA18_GMCF3029a.meta__NODE_65054_length_715_cov_2.910606_2	REF041_FII_Actibacterium_lipolyticum_A0A238JRA4	71.4	63	1	63	702	764	1.50e-27	95.9	65	765
012_12_RA18_GMCF3029a.meta__NODE_65054_length_715_cov_2.910606_2	REF043_FII_Deinococcus_aluminii_A0ABP9XBM4	54.5	55	4	57	729	783	1.40e-16	64.7	65	796
012_12_RA18_GMCF3029a.meta__NODE_65054_length_715_cov_2.910606_2	REF002_FI_Mycolicibacterium_smegmatis_strain__A0QQG4	57.9	57	4	60	739	795	1.91e-16	64.3	65	799
012_12_RA18_GMCF3029a.meta__NODE_65054_length_715_cov_2.910606_2	REF046_FII_Amycolatopsis_bartoniae_A0A8H9IQQ2	54.2	59	4	62	693	751	4.88e-16	63.2	65	752
012_12_RA18_GMCF3029a.meta__NODE_65054_length_715_cov_2.910606_2	REF055_FII_Pseudonocardia_asaccharolytica_DSM__A0A511CWW9	54.1	61	4	64	697	757	6.67e-16	62.8	65	757
012_12_RA18_GMCF3029a.meta__NODE_66962_length_707_cov_2.207055_2	REF066_OUT_Rhodobacter_capsulatus_Rhodopseudom_O54051	39.4	165	1	165	607	770	2.23e-37	129	172	777
012_12_RA18_GMCF3029a.meta__NODE_66962_length_707_cov_2.207055_2	REF063_OUT_Bos_taurus_Bovine__P80457	40.3	159	10	161	1147	1305	6.67e-33	116	172	1332
012_12_RA18_GMCF3029a.meta__NODE_66962_length_707_cov_2.207055_2	REF042_FII_Actinomadura_macrotermitis_A0A7K0C220	31.3	150	18	165	630	773	3.37e-12	56.6	172	798
012_12_RA18_GMCF3029a.meta__NODE_66962_length_707_cov_2.207055_2	REF065_OUT_Megalodesulfovibrio_gigas_Desulfovi_Q46509	29.9	164	2	165	752	905	1.57e-11	54.7	172	907
012_12_RA18_GMCF3029a.meta__NODE_66962_length_707_cov_2.207055_2	REF052_FII_Bradyrhizobium_ivorense_A0A508SVN1	29.5	149	19	166	638	778	3.84e-11	53.5	172	779
012_12_RA18_GMCF3029a.meta__NODE_67062_length_706_cov_3.858679_2	REF064_OUT_Escherichia_coli_strain_K12__Q46799	29.9	134	30	156	608	738	2.73e-12	56.6	164	752
012_12_RA18_GMCF3029a.meta__NODE_70914_length_690_cov_3.291339_1	REF063_OUT_Bos_taurus_Bovine__P80457	31.5	143	9	147	327	469	3.61e-12	57.8	213	1332
012_12_RA18_GMCF3029a.meta__NODE_73166_length_681_cov_4.182109_1	REF066_OUT_Rhodobacter_capsulatus_Rhodopseudom_O54051	47.0	236	3	225	190	425	7.97e-67	213	226	777
012_12_RA18_GMCF3029a.meta__NODE_73166_length_681_cov_4.182109_1	REF063_OUT_Bos_taurus_Bovine__P80457	41.5	183	8	190	765	947	1.06e-42	146	226	1332
012_12_RA18_GMCF3029a.meta__NODE_73166_length_681_cov_4.182109_1	REF065_OUT_Megalodesulfovibrio_gigas_Desulfovi_Q46509	30.2	205	17	221	397	592	4.48e-20	81.3	226	907
012_12_RA18_GMCF3029a.meta__NODE_73166_length_681_cov_4.182109_1	REF064_OUT_Escherichia_coli_strain_K12__Q46799	33.0	185	8	188	204	383	1.07e-19	80.1	226	752
012_12_RA18_GMCF3029a.meta__NODE_73166_length_681_cov_4.182109_1	REF038_FII_Kyrpidia_spormannii_A0A2K8N8V7	29.6	186	8	189	215	397	1.87e-17	73.6	226	780
012_12_RA18_GMCF3029a.meta__NODE_74099_length_678_cov_2.329053_2	REF065_OUT_Megalodesulfovibrio_gigas_Desulfovi_Q46509	37.7	106	6	109	6	111	1.28e-19	75.5	109	907
012_12_RA18_GMCF3029a.meta__NODE_74099_length_678_cov_2.329053_2	REF063_OUT_Bos_taurus_Bovine__P80457	37.4	107	14	108	17	123	1.02e-17	70.1	109	1332
012_12_RA18_GMCF3029a.meta__NODE_81356_length_653_cov_1.638796_1	REF064_OUT_Escherichia_coli_strain_K12__Q46799	26.9	119	9	120	620	737	9.03e-11	50.8	124	752
012_12_RA18_GMCF3029a.meta__NODE_84162_length_644_cov_1.950764_1	REF066_OUT_Rhodobacter_capsulatus_Rhodopseudom_O54051	47.9	144	2	132	362	505	7.10e-38	128	132	777
012_12_RA18_GMCF3029a.meta__NODE_84162_length_644_cov_1.950764_1	REF063_OUT_Bos_taurus_Bovine__P80457	44.1	127	5	131	935	1054	3.21e-29	103	132	1332
012_12_RA18_GMCF3029a.meta__NODE_85347_length_640_cov_3.147009_1	REF064_OUT_Escherichia_coli_strain_K12__Q46799	37.9	190	28	208	340	517	4.92e-23	89.4	212	752
012_12_RA18_GMCF3029a.meta__NODE_85347_length_640_cov_3.147009_1	REF065_OUT_Megalodesulfovibrio_gigas_Desulfovi_Q46509	31.0	197	17	208	512	698	1.03e-17	73.9	212	907
012_12_RA18_GMCF3029a.meta__NODE_85347_length_640_cov_3.147009_1	REF035_FII_Ardenticatena_maritima_A0A0M8K8I5	29.9	211	11	208	344	547	1.13e-16	70.9	212	789
012_12_RA18_GMCF3029a.meta__NODE_85347_length_640_cov_3.147009_1	REF057_FII_Rhodococcus_coprophilus_A0A2X4U3L5	29.9	211	20	208	355	553	5.20e-16	68.9	212	808
012_12_RA18_GMCF3029a.meta__NODE_85347_length_640_cov_3.147009_1	REF042_FII_Actinomadura_macrotermitis_A0A7K0C220	32.1	209	17	208	338	539	1.29e-15	67.8	212	798
012_12_RA18_GMCF3029a.meta__NODE_88925_length_630_cov_1.758261_2	REF065_OUT_Megalodesulfovibrio_gigas_Desulfovi_Q46509	45.1	153	3	151	6	158	4.29e-35	121	153	907
012_12_RA18_GMCF3029a.meta__NODE_88925_length_630_cov_1.758261_2	REF063_OUT_Bos_taurus_Bovine__P80457	36.1	155	5	146	10	164	1.94e-22	85.5	153	1332
012_12_RA18_GMCF3029a.meta__NODE_89636_length_628_cov_2.027923_2	REF063_OUT_Bos_taurus_Bovine__P80457	35.8	95	1	93	72	166	6.80e-19	72.8	95	1332
012_12_RA18_GMCF3029a.meta__NODE_89636_length_628_cov_2.027923_2	REF065_OUT_Megalodesulfovibrio_gigas_Desulfovi_Q46509	41.2	85	10	91	69	153	1.25e-18	72.0	95	907
012_12_RA18_GMCF3029a.meta__NODE_90023_length_627_cov_1.737762_1	REF041_FII_Actibacterium_lipolyticum_A0A238JRA4	68.3	208	1	208	482	689	1.05e-94	285	208	765
012_12_RA18_GMCF3029a.meta__NODE_90023_length_627_cov_1.737762_1	REF054_FII_Cereibacter_sphaeroides_strain_ATCC_Q3J2E6	44.9	214	1	208	503	716	4.49e-49	163	208	790
012_12_RA18_GMCF3029a.meta__NODE_90023_length_627_cov_1.737762_1	REF033_FII_Acidiphilium_multivorum_strain_DSM__F0J165	40.8	218	1	208	510	723	1.11e-47	159	208	801
012_12_RA18_GMCF3029a.meta__NODE_90023_length_627_cov_1.737762_1	REF058_FII_Cupriavidus_laharis_A0ABM8XSX1	41.9	215	1	208	503	717	1.65e-45	153	208	791
012_12_RA18_GMCF3029a.meta__NODE_90023_length_627_cov_1.737762_1	REF056_FII_Comamonas_aquatilis_A0ACE2T5A2	41.6	219	1	208	508	722	2.29e-45	153	208	795
012_12_RA18_GMCF3029a.meta__NODE_91053_length_624_cov_2.066784_1	REF066_OUT_Rhodobacter_capsulatus_Rhodopseudom_O54051	71.6	208	1	208	505	712	3.05e-101	303	208	777
012_12_RA18_GMCF3029a.meta__NODE_91053_length_624_cov_2.066784_1	REF063_OUT_Bos_taurus_Bovine__P80457	45.9	207	2	208	1056	1243	8.58e-48	160	208	1332
012_12_RA18_GMCF3029a.meta__NODE_91053_length_624_cov_2.066784_1	REF056_FII_Comamonas_aquatilis_A0ACE2T5A2	31.6	212	1	201	530	728	5.84e-19	77.4	208	795
012_12_RA18_GMCF3029a.meta__NODE_91053_length_624_cov_2.066784_1	REF054_FII_Cereibacter_sphaeroides_strain_ATCC_Q3J2E6	30.3	211	1	201	525	722	9.05e-18	73.9	208	790
012_12_RA18_GMCF3029a.meta__NODE_91053_length_624_cov_2.066784_1	REF058_FII_Cupriavidus_laharis_A0ABM8XSX1	29.7	212	1	201	525	723	9.05e-18	73.9	208	791
012_12_RA18_GMCF3029a.meta__NODE_91488_length_623_cov_1.751761_1	REF066_OUT_Rhodobacter_capsulatus_Rhodopseudom_O54051	70.3	111	3	113	215	325	6.33e-53	170	118	777
012_12_RA18_GMCF3029a.meta__NODE_91488_length_623_cov_1.751761_1	REF063_OUT_Bos_taurus_Bovine__P80457	41.3	109	5	113	787	895	2.11e-25	92.4	118	1332
012_12_RA18_GMCF3029a.meta__NODE_95130_length_613_cov_1.747312_1	REF066_OUT_Rhodobacter_capsulatus_Rhodopseudom_O54051	61.1	203	2	204	1	202	7.01e-80	246	204	777
012_12_RA18_GMCF3029a.meta__NODE_95130_length_613_cov_1.747312_1	REF063_OUT_Bos_taurus_Bovine__P80457	31.6	196	6	200	575	768	2.01e-24	93.2	204	1332
012_12_RA18_GMCF3029a.meta__NODE_95130_length_613_cov_1.747312_1	REF049_FII_Gandjariella_thermophila_A0A4D4J4W8	31.2	125	23	143	23	143	1.62e-14	64.3	204	752
012_12_RA18_GMCF3029a.meta__NODE_95130_length_613_cov_1.747312_1	REF064_OUT_Escherichia_coli_strain_K12__Q46799	26.7	202	17	201	9	208	1.62e-14	64.3	204	752
012_12_RA18_GMCF3029a.meta__NODE_95130_length_613_cov_1.747312_1	REF038_FII_Kyrpidia_spormannii_A0A2K8N8V7	32.3	133	14	134	15	144	1.36e-13	61.6	204	780
012_12_RA18_GMCF3029a.meta__NODE_97747_length_606_cov_2.863884_1	REF066_OUT_Rhodobacter_capsulatus_Rhodopseudom_O54051	65.5	200	2	201	215	414	6.33e-92	278	201	777
012_12_RA18_GMCF3029a.meta__NODE_97747_length_606_cov_2.863884_1	REF063_OUT_Bos_taurus_Bovine__P80457	44.5	164	1	164	784	947	2.52e-41	141	201	1332
012_12_RA18_GMCF3029a.meta__NODE_97747_length_606_cov_2.863884_1	REF034_FII_Actinoallomurus_iriomotensis_A0A9W6W744	32.5	163	4	166	224	385	7.68e-20	79.7	201	751
012_12_RA18_GMCF3029a.meta__NODE_97747_length_606_cov_2.863884_1	REF039_FII_Luteitalea_pratensis_A0A143PSW7	32.9	164	3	165	249	411	2.64e-19	78.2	201	787
012_12_RA18_GMCF3029a.meta__NODE_97747_length_606_cov_2.863884_1	REF038_FII_Kyrpidia_spormannii_A0A2K8N8V7	29.7	202	2	194	235	411	5.58e-18	74.3	201	780
012_12_RA18_GMCF3029a.meta__NODE_98537_length_604_cov_3.151184_1	REF063_OUT_Bos_taurus_Bovine__P80457	54.9	82	3	83	79	158	2.83e-23	89.7	200	1332
012_12_RA18_GMCF3029a.meta__NODE_98537_length_604_cov_3.151184_1	REF065_OUT_Megalodesulfovibrio_gigas_Desulfovi_Q46509	37.3	83	6	88	70	152	5.15e-14	62.8	200	907
012_12_RA18_GMCF3029a.meta__NODE_101599_length_597_cov_2.273063_2	REF065_OUT_Megalodesulfovibrio_gigas_Desulfovi_Q46509	48.1	106	3	106	6	111	1.16e-29	103	106	907
012_12_RA18_GMCF3029a.meta__NODE_101599_length_597_cov_2.273063_2	REF063_OUT_Bos_taurus_Bovine__P80457	35.1	114	5	105	10	123	3.37e-15	62.8	106	1332
012_12_RA18_GMCF3029a.meta__NODE_102195_length_596_cov_1.587800_1	REF063_OUT_Bos_taurus_Bovine__P80457	47.6	143	15	156	21	158	1.72e-39	136	198	1332
012_12_RA18_GMCF3029a.meta__NODE_102195_length_596_cov_1.587800_1	REF065_OUT_Megalodesulfovibrio_gigas_Desulfovi_Q46509	34.2	161	4	157	7	148	1.37e-25	96.3	198	907
012_12_RA18_GMCF3029a.meta__NODE_102469_length_595_cov_2.203704_1	REF060_FII_Donghicola_eburneus_A0A1M4N221	72.3	195	1	195	411	605	4.04e-95	286	198	788
012_12_RA18_GMCF3029a.meta__NODE_102469_length_595_cov_2.203704_1	REF062_FII_Falsiruegeria_litorea_R37_A0A1Y5S8H3	71.3	195	1	195	411	605	1.09e-94	285	198	787
012_12_RA18_GMCF3029a.meta__NODE_102469_length_595_cov_2.203704_1	REF048_FII_Ascidiaceihabitans_donghaensis_A0A2R8BD61	71.8	195	1	195	411	605	3.08e-94	284	198	788
012_12_RA18_GMCF3029a.meta__NODE_102469_length_595_cov_2.203704_1	REF054_FII_Cereibacter_sphaeroides_strain_ATCC_Q3J2E6	68.5	197	1	197	413	609	6.31e-94	283	198	790
012_12_RA18_GMCF3029a.meta__NODE_102469_length_595_cov_2.203704_1	REF045_FII_Albidovulum_aquaemixtae_A0A2R8B4Q9	63.1	195	1	195	412	606	2.13e-83	256	198	788
012_12_RA18_GMCF3029a.meta__NODE_102903_length_594_cov_2.269017_1	REF066_OUT_Rhodobacter_capsulatus_Rhodopseudom_O54051	68.1	47	1	47	729	775	1.12e-15	61.2	48	777
012_12_RA18_GMCF3029a.meta__NODE_103644_length_592_cov_3.350093_1	REF063_OUT_Bos_taurus_Bovine__P80457	26.3	167	38	193	223	389	5.44e-18	74.3	197	1332
012_12_RA18_GMCF3029a.meta__NODE_105634_length_588_cov_2.153846_1	REF048_FII_Ascidiaceihabitans_donghaensis_A0A2R8BD61	82.0	50	25	74	1	50	9.18e-26	91.3	74	788
012_12_RA18_GMCF3029a.meta__NODE_105634_length_588_cov_2.153846_1	REF062_FII_Falsiruegeria_litorea_R37_A0A1Y5S8H3	82.0	50	25	74	1	50	2.34e-25	90.1	74	787
012_12_RA18_GMCF3029a.meta__NODE_105634_length_588_cov_2.153846_1	REF060_FII_Donghicola_eburneus_A0A1M4N221	78.0	50	25	74	1	50	9.83e-24	85.5	74	788
012_12_RA18_GMCF3029a.meta__NODE_105634_length_588_cov_2.153846_1	REF045_FII_Albidovulum_aquaemixtae_A0A2R8B4Q9	74.0	50	25	74	1	50	5.65e-22	80.5	74	788
012_12_RA18_GMCF3029a.meta__NODE_105634_length_588_cov_2.153846_1	REF054_FII_Cereibacter_sphaeroides_strain_ATCC_Q3J2E6	68.0	50	25	74	1	50	2.38e-20	75.9	74	790
012_12_RA18_GMCF3029a.meta__NODE_105634_length_588_cov_2.153846_2	REF063_OUT_Bos_taurus_Bovine__P80457	57.4	47	1	47	112	158	1.52e-17	67.4	64	1332
012_12_RA18_GMCF3029a.meta__NODE_105634_length_588_cov_2.153846_2	REF065_OUT_Megalodesulfovibrio_gigas_Desulfovi_Q46509	47.3	55	1	53	99	153	1.07e-14	59.3	64	907
012_12_RA18_GMCF3029a.meta__NODE_108248_length_582_cov_5.165085_1	REF036_FII_Calidithermus_roseus_A0A399EKG8	31.5	130	17	139	625	753	1.52e-13	59.7	148	764
012_12_RA18_GMCF3029a.meta__NODE_108248_length_582_cov_5.165085_1	REF050_FII_Blastochloris_viridis_Rhodopseudomo_A0A0H5BCZ6	30.3	132	17	140	642	773	4.50e-12	55.5	148	788
012_12_RA18_GMCF3029a.meta__NODE_108248_length_582_cov_5.165085_1	REF039_FII_Luteitalea_pratensis_A0A143PSW7	29.5	112	19	127	647	758	3.86e-11	52.8	148	787
012_12_RA18_GMCF3029a.meta__NODE_108248_length_582_cov_5.165085_1	REF064_OUT_Escherichia_coli_strain_K12__Q46799	30.4	115	29	136	623	737	5.23e-11	52.4	148	752
012_12_RA18_GMCF3029a.meta__NODE_108838_length_581_cov_3.045627_1	REF037_FII_Fibrella_aestuarina_BUZ_2_I0KFJ2	68.9	193	1	193	150	342	8.68e-93	280	193	796
012_12_RA18_GMCF3029a.meta__NODE_108838_length_581_cov_3.045627_1	REF045_FII_Albidovulum_aquaemixtae_A0A2R8B4Q9	59.7	191	4	193	145	335	1.60e-77	240	193	788
012_12_RA18_GMCF3029a.meta__NODE_108838_length_581_cov_3.045627_1	REF033_FII_Acidiphilium_multivorum_strain_DSM__F0J165	60.1	193	1	193	152	343	7.53e-76	236	193	801
012_12_RA18_GMCF3029a.meta__NODE_108838_length_581_cov_3.045627_1	REF060_FII_Donghicola_eburneus_A0A1M4N221	56.8	192	3	193	145	336	8.74e-76	235	193	788
012_12_RA18_GMCF3029a.meta__NODE_108838_length_581_cov_3.045627_1	REF062_FII_Falsiruegeria_litorea_R37_A0A1Y5S8H3	54.7	192	3	193	145	336	9.08e-74	230	193	787
012_12_RA18_GMCF3029a.meta__NODE_109733_length_579_cov_3.503817_1	REF066_OUT_Rhodobacter_capsulatus_Rhodopseudom_O54051	61.1	190	4	193	444	633	2.33e-68	215	193	777
012_12_RA18_GMCF3029a.meta__NODE_109733_length_579_cov_3.503817_1	REF063_OUT_Bos_taurus_Bovine__P80457	42.9	189	5	193	995	1164	2.26e-40	138	193	1332
012_12_RA18_GMCF3029a.meta__NODE_112497_length_574_cov_1.951830_1	REF041_FII_Actibacterium_lipolyticum_A0A238JRA4	65.8	190	2	191	512	701	5.60e-84	256	191	765
012_12_RA18_GMCF3029a.meta__NODE_112497_length_574_cov_1.951830_1	REF054_FII_Cereibacter_sphaeroides_strain_ATCC_Q3J2E6	43.2	192	2	185	533	722	4.34e-42	143	191	790
012_12_RA18_GMCF3029a.meta__NODE_112497_length_574_cov_1.951830_1	REF056_FII_Comamonas_aquatilis_A0ACE2T5A2	42.9	191	2	185	538	728	9.90e-41	139	191	795
012_12_RA18_GMCF3029a.meta__NODE_112497_length_574_cov_1.951830_1	REF058_FII_Cupriavidus_laharis_A0ABM8XSX1	41.9	191	2	185	533	723	1.84e-40	138	191	791
012_12_RA18_GMCF3029a.meta__NODE_112497_length_574_cov_1.951830_1	REF060_FII_Donghicola_eburneus_A0A1M4N221	40.6	192	2	186	531	721	8.67e-40	136	191	788
012_12_RA18_GMCF3029a.meta__NODE_113088_length_573_cov_1.494208_1	REF041_FII_Actibacterium_lipolyticum_A0A238JRA4	56.8	190	1	190	77	266	1.79e-68	215	190	765
012_12_RA18_GMCF3029a.meta__NODE_113088_length_573_cov_1.494208_1	REF056_FII_Comamonas_aquatilis_A0ACE2T5A2	42.0	193	7	190	89	281	1.06e-36	127	190	795
012_12_RA18_GMCF3029a.meta__NODE_113088_length_573_cov_1.494208_1	REF058_FII_Cupriavidus_laharis_A0ABM8XSX1	38.9	190	7	190	87	276	5.94e-35	122	190	791
012_12_RA18_GMCF3029a.meta__NODE_113088_length_573_cov_1.494208_1	REF054_FII_Cereibacter_sphaeroides_strain_ATCC_Q3J2E6	40.4	193	7	190	82	274	2.05e-34	121	190	790
012_12_RA18_GMCF3029a.meta__NODE_113088_length_573_cov_1.494208_1	REF050_FII_Blastochloris_viridis_Rhodopseudomo_A0A0H5BCZ6	39.4	188	7	182	83	265	9.60e-34	119	190	788
012_12_RA18_GMCF3029a.meta__NODE_113926_length_571_cov_2.317829_1	REF066_OUT_Rhodobacter_capsulatus_Rhodopseudom_O54051	42.4	243	1	185	333	575	2.24e-49	163	190	777
012_12_RA18_GMCF3029a.meta__NODE_113926_length_571_cov_2.317829_1	REF063_OUT_Bos_taurus_Bovine__P80457	33.8	210	1	164	903	1104	4.53e-24	91.7	190	1332
012_12_RA18_GMCF3029a.meta__NODE_115444_length_568_cov_2.491228_1	REF063_OUT_Bos_taurus_Bovine__P80457	35.1	74	5	77	337	410	8.17e-12	52.4	89	1332
012_12_RA18_GMCF3029a.meta__NODE_115492_length_568_cov_2.327485_1	REF021_FI_Pseudonocardia_autotrophica_Amycola_A0A1Y2N3L2	34.1	170	2	156	484	650	1.00e-21	84.7	188	794
012_12_RA18_GMCF3029a.meta__NODE_115492_length_568_cov_2.327485_1	REF012_FI_Bacillus_methanolicus_strain_MGA3_A_I3E8H4	31.1	183	2	182	481	649	1.17e-20	81.6	188	783
012_12_RA18_GMCF3029a.meta__NODE_115492_length_568_cov_2.327485_1	REF014_FI_Deinococcus_caeni_A0ABP9UI58	32.6	181	2	182	487	655	1.59e-20	81.3	188	792
012_12_RA18_GMCF3029a.meta__NODE_115492_length_568_cov_2.327485_1	REF002_FI_Mycolicibacterium_smegmatis_strain__A0QQG4	39.5	129	2	130	494	619	1.86e-19	78.2	188	799
012_12_RA18_GMCF3029a.meta__NODE_115492_length_568_cov_2.327485_1	REF006_FI_Ktedonobacter_racemifer_DSM_44963_D6TQ73	38.0	129	2	130	486	611	8.59e-19	76.3	188	789
012_12_RA18_GMCF3029a.meta__NODE_115735_length_568_cov_1.471735_1	REF066_OUT_Rhodobacter_capsulatus_Rhodopseudom_O54051	31.3	160	18	177	51	199	2.66e-12	57.4	188	777
012_12_RA18_GMCF3029a.meta__NODE_116125_length_567_cov_2.093750_2	REF065_OUT_Megalodesulfovibrio_gigas_Desulfovi_Q46509	45.9	74	8	80	6	79	3.29e-18	70.1	80	907
012_12_RA18_GMCF3029a.meta__NODE_116125_length_567_cov_2.093750_2	REF063_OUT_Bos_taurus_Bovine__P80457	35.2	91	1	80	1	91	2.54e-13	56.2	80	1332
012_12_RA18_GMCF3029a.meta__NODE_117050_length_565_cov_2.476471_1	REF014_FI_Deinococcus_caeni_A0ABP9UI58	29.3	184	6	186	578	740	6.81e-14	62.0	187	792
012_12_RA18_GMCF3029a.meta__NODE_117050_length_565_cov_2.476471_1	REF061_FII_Streptomyces_smaragdinus_A0A7K0CAR3	29.9	177	10	186	567	734	9.23e-14	61.6	187	791
012_12_RA18_GMCF3029a.meta__NODE_117050_length_565_cov_2.476471_1	REF035_FII_Ardenticatena_maritima_A0A0M8K8I5	30.9	178	10	186	572	739	5.72e-13	59.3	187	789
012_12_RA18_GMCF3029a.meta__NODE_117050_length_565_cov_2.476471_1	REF040_FII_Nitrolancea_hollandica_Lb_I4ED45	28.3	184	3	186	562	736	1.05e-12	58.5	187	784
012_12_RA18_GMCF3029a.meta__NODE_117050_length_565_cov_2.476471_1	REF004_FI_Thermogemmatispora_tikiterensis_A0A328VRJ9	27.7	184	3	186	569	741	2.61e-12	57.4	187	791
012_12_RA18_GMCF3029a.meta__NODE_118280_length_563_cov_1.602362_1	REF065_OUT_Megalodesulfovibrio_gigas_Desulfovi_Q46509	38.8	147	4	145	6	152	2.25e-30	107	145	907
012_12_RA18_GMCF3029a.meta__NODE_118280_length_563_cov_1.602362_1	REF063_OUT_Bos_taurus_Bovine__P80457	30.7	153	6	144	10	162	3.89e-20	78.6	145	1332
012_12_RA18_GMCF3029a.meta__NODE_118401_length_562_cov_4.731755_1	REF063_OUT_Bos_taurus_Bovine__P80457	29.1	158	42	186	224	380	1.01e-17	73.2	186	1332
012_12_RA18_GMCF3029a.meta__NODE_119275_length_561_cov_1.950593_1	REF050_FII_Blastochloris_viridis_Rhodopseudomo_A0A0H5BCZ6	40.5	185	4	186	125	305	4.16e-38	131	186	788
012_12_RA18_GMCF3029a.meta__NODE_119275_length_561_cov_1.950593_1	REF062_FII_Falsiruegeria_litorea_R37_A0A1Y5S8H3	36.4	187	4	186	124	306	7.32e-33	116	186	787
012_12_RA18_GMCF3029a.meta__NODE_119275_length_561_cov_1.950593_1	REF043_FII_Deinococcus_aluminii_A0ABP9XBM4	37.4	187	2	186	121	303	7.34e-33	116	186	796
012_12_RA18_GMCF3029a.meta__NODE_119275_length_561_cov_1.950593_1	REF047_FII_Meiothermus_granaticius_NBRC_107808_A0A399F9R8	36.2	185	4	186	120	300	1.61e-31	112	186	789
012_12_RA18_GMCF3029a.meta__NODE_119275_length_561_cov_1.950593_1	REF058_FII_Cupriavidus_laharis_A0ABM8XSX1	37.3	185	4	186	129	308	2.98e-31	112	186	791
012_12_RA18_GMCF3029a.meta__NODE_119489_length_560_cov_6.184158_2	REF066_OUT_Rhodobacter_capsulatus_Rhodopseudom_O54051	46.9	130	11	140	8	137	6.90e-32	112	161	777
012_12_RA18_GMCF3029a.meta__NODE_119489_length_560_cov_6.184158_2	REF063_OUT_Bos_taurus_Bovine__P80457	39.7	141	11	151	578	717	6.19e-24	90.1	161	1332
012_12_RA18_GMCF3029a.meta__NODE_119489_length_560_cov_6.184158_2	REF058_FII_Cupriavidus_laharis_A0ABM8XSX1	37.7	138	19	142	23	159	2.12e-19	77.0	161	791
012_12_RA18_GMCF3029a.meta__NODE_119489_length_560_cov_6.184158_2	REF034_FII_Actinoallomurus_iriomotensis_A0A9W6W744	36.0	125	23	145	21	143	1.34e-18	74.7	161	751
012_12_RA18_GMCF3029a.meta__NODE_119489_length_560_cov_6.184158_2	REF050_FII_Blastochloris_viridis_Rhodopseudomo_A0A0H5BCZ6	35.3	139	19	143	19	156	2.50e-18	73.9	161	788
012_12_RA18_GMCF3029a.meta__NODE_119542_length_560_cov_3.746535_1	REF057_FII_Rhodococcus_coprophilus_A0A2X4U3L5	30.3	188	7	181	217	403	7.60e-13	58.9	186	808
012_12_RA18_GMCF3029a.meta__NODE_119542_length_560_cov_3.746535_1	REF042_FII_Actinomadura_macrotermitis_A0A7K0C220	28.0	186	9	181	205	389	7.15e-11	53.1	186	798
012_12_RA18_GMCF3029a.meta__NODE_120268_length_559_cov_2.402778_1	REF027_FI_Pseudorhizobium_banfieldiae_L0NNE2	29.9	177	14	185	99	275	9.23e-22	84.7	185	806
012_12_RA18_GMCF3029a.meta__NODE_120268_length_559_cov_2.402778_1	REF038_FII_Kyrpidia_spormannii_A0A2K8N8V7	30.6	170	18	185	97	255	1.25e-21	84.3	185	780
012_12_RA18_GMCF3029a.meta__NODE_120268_length_559_cov_2.402778_1	REF040_FII_Nitrolancea_hollandica_Lb_I4ED45	31.3	166	18	181	99	254	1.25e-21	84.3	185	784
012_12_RA18_GMCF3029a.meta__NODE_120268_length_559_cov_2.402778_1	REF011_FI_Actibacterium_lipolyticum_A0A238JPJ5	32.6	178	17	185	102	275	1.26e-21	84.3	185	806
012_12_RA18_GMCF3029a.meta__NODE_120268_length_559_cov_2.402778_1	REF025_FI_Phaeobacter_gallaeciensis_A0A1B0ZWG3	32.4	173	17	185	101	273	4.29e-21	82.8	185	804
012_12_RA18_GMCF3029a.meta__NODE_123790_length_553_cov_1.915663_1	REF033_FII_Acidiphilium_multivorum_strain_DSM__F0J165	59.3	86	4	89	171	250	2.68e-33	113	91	801
012_12_RA18_GMCF3029a.meta__NODE_123790_length_553_cov_1.915663_1	REF045_FII_Albidovulum_aquaemixtae_A0A2R8B4Q9	54.9	91	1	89	158	242	1.84e-30	105	91	788
012_12_RA18_GMCF3029a.meta__NODE_123790_length_553_cov_1.915663_1	REF062_FII_Falsiruegeria_litorea_R37_A0A1Y5S8H3	57.3	89	3	89	161	243	4.67e-30	104	91	787
012_12_RA18_GMCF3029a.meta__NODE_123790_length_553_cov_1.915663_1	REF060_FII_Donghicola_eburneus_A0A1M4N221	57.3	89	3	89	161	243	8.70e-30	103	91	788
012_12_RA18_GMCF3029a.meta__NODE_123790_length_553_cov_1.915663_1	REF056_FII_Comamonas_aquatilis_A0ACE2T5A2	51.7	87	4	90	171	251	4.12e-29	101	91	795
012_12_RA18_GMCF3029a.meta__NODE_123790_length_553_cov_1.915663_2	REF033_FII_Acidiphilium_multivorum_strain_DSM__F0J165	79.5	117	1	117	227	343	1.76e-63	199	121	801
012_12_RA18_GMCF3029a.meta__NODE_123790_length_553_cov_1.915663_2	REF060_FII_Donghicola_eburneus_A0A1M4N221	79.5	117	1	117	220	336	7.67e-61	192	121	788
012_12_RA18_GMCF3029a.meta__NODE_123790_length_553_cov_1.915663_2	REF045_FII_Albidovulum_aquaemixtae_A0A2R8B4Q9	76.1	117	1	117	219	335	3.67e-58	184	121	788
012_12_RA18_GMCF3029a.meta__NODE_123790_length_553_cov_1.915663_2	REF062_FII_Falsiruegeria_litorea_R37_A0A1Y5S8H3	76.1	117	1	117	220	336	5.03e-58	184	121	787
012_12_RA18_GMCF3029a.meta__NODE_123790_length_553_cov_1.915663_2	REF048_FII_Ascidiaceihabitans_donghaensis_A0A2R8BD61	76.1	117	1	117	220	336	2.56e-57	182	121	788
012_12_RA18_GMCF3029a.meta__NODE_127982_length_546_cov_1.761711_1	REF052_FII_Bradyrhizobium_ivorense_A0A508SVN1	75.1	181	1	181	363	543	1.23e-95	287	181	779
012_12_RA18_GMCF3029a.meta__NODE_127982_length_546_cov_1.761711_1	REF050_FII_Blastochloris_viridis_Rhodopseudomo_A0A0H5BCZ6	70.6	180	2	181	364	543	2.30e-88	268	181	788
012_12_RA18_GMCF3029a.meta__NODE_127982_length_546_cov_1.761711_1	REF058_FII_Cupriavidus_laharis_A0ABM8XSX1	65.2	181	1	181	366	546	2.57e-80	247	181	791
012_12_RA18_GMCF3029a.meta__NODE_127982_length_546_cov_1.761711_1	REF033_FII_Acidiphilium_multivorum_strain_DSM__F0J165	61.7	183	1	181	371	553	2.37e-77	239	181	801
012_12_RA18_GMCF3029a.meta__NODE_127982_length_546_cov_1.761711_1	REF062_FII_Falsiruegeria_litorea_R37_A0A1Y5S8H3	63.5	181	1	181	364	544	5.25e-77	238	181	787
012_12_RA18_GMCF3029a.meta__NODE_129987_length_542_cov_4.484600_1	REF066_OUT_Rhodobacter_capsulatus_Rhodopseudom_O54051	58.9	180	1	180	452	631	5.23e-62	197	180	777
012_12_RA18_GMCF3029a.meta__NODE_129987_length_542_cov_4.484600_1	REF063_OUT_Bos_taurus_Bovine__P80457	43.3	180	1	180	1002	1162	5.86e-39	134	180	1332
012_12_RA18_GMCF3029a.meta__NODE_130159_length_542_cov_2.681725_2	REF065_OUT_Megalodesulfovibrio_gigas_Desulfovi_Q46509	41.9	74	6	78	6	79	7.45e-15	60.5	78	907
012_12_RA18_GMCF3029a.meta__NODE_130159_length_542_cov_2.681725_2	REF063_OUT_Bos_taurus_Bovine__P80457	41.5	82	8	78	10	91	1.71e-13	56.6	78	1332
012_12_RA18_GMCF3029a.meta__NODE_131418_length_540_cov_2.385567_1	REF064_OUT_Escherichia_coli_strain_K12__Q46799	35.8	179	3	180	205	383	1.30e-31	112	180	752
012_12_RA18_GMCF3029a.meta__NODE_131418_length_540_cov_2.385567_1	REF065_OUT_Megalodesulfovibrio_gigas_Desulfovi_Q46509	33.9	168	13	180	399	566	3.04e-28	103	180	907
012_12_RA18_GMCF3029a.meta__NODE_131418_length_540_cov_2.385567_1	REF059_FII_Streptomonospora_litoralis_A0A4P6PZM8	37.2	183	3	180	226	405	1.03e-27	101	180	800
012_12_RA18_GMCF3029a.meta__NODE_131418_length_540_cov_2.385567_1	REF040_FII_Nitrolancea_hollandica_Lb_I4ED45	35.5	186	2	180	217	399	1.94e-25	95.1	180	784
012_12_RA18_GMCF3029a.meta__NODE_131418_length_540_cov_2.385567_1	REF061_FII_Streptomyces_smaragdinus_A0A7K0CAR3	36.6	183	3	180	216	395	1.23e-24	92.8	180	791
012_12_RA18_GMCF3029a.meta__NODE_131906_length_539_cov_2.909091_1	REF063_OUT_Bos_taurus_Bovine__P80457	39.2	158	1	157	11	158	1.62e-30	109	179	1332
012_12_RA18_GMCF3029a.meta__NODE_131906_length_539_cov_2.909091_1	REF065_OUT_Megalodesulfovibrio_gigas_Desulfovi_Q46509	34.2	146	20	162	27	152	6.78e-21	82.0	179	907
012_12_RA18_GMCF3029a.meta__NODE_135069_length_534_cov_2.916493_1	REF036_FII_Calidithermus_roseus_A0A399EKG8	30.4	125	17	135	626	750	3.55e-11	52.8	145	764
012_12_RA18_GMCF3029a.meta__NODE_138467_length_529_cov_2.402954_1	REF065_OUT_Megalodesulfovibrio_gigas_Desulfovi_Q46509	43.5	131	7	134	21	150	6.06e-31	109	143	907
012_12_RA18_GMCF3029a.meta__NODE_138467_length_529_cov_2.402954_1	REF063_OUT_Bos_taurus_Bovine__P80457	35.6	132	9	130	26	157	5.23e-25	92.4	143	1332
012_12_RA18_GMCF3029a.meta__NODE_138800_length_529_cov_1.436709_2	REF041_FII_Actibacterium_lipolyticum_A0A238JRA4	66.0	53	1	53	711	763	1.15e-21	78.6	54	765
012_12_RA18_GMCF3029a.meta__NODE_138800_length_529_cov_1.436709_2	REF056_FII_Comamonas_aquatilis_A0ACE2T5A2	53.2	47	1	47	744	790	1.46e-15	61.2	54	795
012_12_RA18_GMCF3029a.meta__NODE_138800_length_529_cov_1.436709_2	REF053_FII_Nocardioides_aquaticus_A0ABX8EDS7	60.0	45	1	45	744	788	2.72e-15	60.5	54	828
012_12_RA18_GMCF3029a.meta__NODE_138800_length_529_cov_1.436709_2	REF058_FII_Cupriavidus_laharis_A0ABM8XSX1	53.2	47	1	47	740	786	3.72e-15	60.1	54	791
012_12_RA18_GMCF3029a.meta__NODE_138800_length_529_cov_1.436709_2	REF051_FII_Modestobacter_italicus_strain_DSM_4_I4F486	60.0	45	1	45	705	749	1.78e-14	58.2	54	763
012_12_RA18_GMCF3029a.meta__NODE_141585_length_524_cov_5.771855_1	REF065_OUT_Megalodesulfovibrio_gigas_Desulfovi_Q46509	41.6	77	1	74	78	154	9.43e-16	63.2	81	907
012_12_RA18_GMCF3029a.meta__NODE_141585_length_524_cov_5.771855_1	REF063_OUT_Bos_taurus_Bovine__P80457	37.7	77	1	76	90	166	5.53e-14	58.2	81	1332
012_12_RA18_GMCF3029a.meta__NODE_141653_length_524_cov_3.332623_1	REF063_OUT_Bos_taurus_Bovine__P80457	45.3	75	3	76	332	400	2.52e-14	58.9	77	1332
012_12_RA18_GMCF3029a.meta__NODE_142793_length_523_cov_1.570513_1	REF066_OUT_Rhodobacter_capsulatus_Rhodopseudom_O54051	45.6	68	3	70	686	753	1.01e-14	60.5	86	777
012_12_RA18_GMCF3029a.meta__NODE_142793_length_523_cov_1.570513_1	REF063_OUT_Bos_taurus_Bovine__P80457	44.6	65	2	66	1216	1280	1.93e-14	59.7	86	1332
012_12_RA18_GMCF3029a.meta__NODE_142809_length_523_cov_1.542735_1	REF066_OUT_Rhodobacter_capsulatus_Rhodopseudom_O54051	55.0	109	3	111	523	631	2.32e-33	114	111	777
012_12_RA18_GMCF3029a.meta__NODE_142809_length_523_cov_1.542735_1	REF063_OUT_Bos_taurus_Bovine__P80457	34.9	109	3	111	1073	1162	4.54e-11	51.2	111	1332
012_12_RA18_GMCF3029a.meta__NODE_142809_length_523_cov_1.542735_2	REF066_OUT_Rhodobacter_capsulatus_Rhodopseudom_O54051	43.3	60	1	60	50	109	4.73e-12	51.6	60	777
012_12_RA18_GMCF3029a.meta__NODE_143817_length_521_cov_2.680258_1	REF065_OUT_Megalodesulfovibrio_gigas_Desulfovi_Q46509	38.5	96	4	95	58	153	5.10e-20	76.3	101	907
012_12_RA18_GMCF3029a.meta__NODE_143817_length_521_cov_2.680258_1	REF063_OUT_Bos_taurus_Bovine__P80457	35.7	98	2	97	69	166	4.06e-18	70.9	101	1332
012_12_RA18_GMCF3029a.meta__NODE_144048_length_521_cov_1.965665_1	REF066_OUT_Rhodobacter_capsulatus_Rhodopseudom_O54051	45.4	174	1	173	14	187	1.47e-41	140	173	777
012_12_RA18_GMCF3029a.meta__NODE_144048_length_521_cov_1.965665_1	REF063_OUT_Bos_taurus_Bovine__P80457	28.4	169	4	171	587	753	2.38e-19	77.4	173	1332
012_12_RA18_GMCF3029a.meta__NODE_144048_length_521_cov_1.965665_1	REF025_FI_Phaeobacter_gallaeciensis_A0A1B0ZWG3	39.8	108	5	109	32	138	8.85e-14	61.2	173	804
012_12_RA18_GMCF3029a.meta__NODE_144048_length_521_cov_1.965665_1	REF065_OUT_Megalodesulfovibrio_gigas_Desulfovi_Q46509	28.3	191	1	169	187	375	4.15e-13	59.3	173	907
012_12_RA18_GMCF3029a.meta__NODE_144048_length_521_cov_1.965665_1	REF001_FI_Hydrogenophaga_pseudoflava_Pseudomo_P19913	38.2	110	3	109	31	139	1.88e-12	57.4	173	803
012_12_RA18_GMCF3029a.meta__NODE_145322_length_519_cov_2.476293_1	REF066_OUT_Rhodobacter_capsulatus_Rhodopseudom_O54051	42.6	61	2	62	175	234	1.51e-12	53.9	78	777
012_12_RA18_GMCF3029a.meta__NODE_145322_length_519_cov_2.476293_1	REF063_OUT_Bos_taurus_Bovine__P80457	44.6	65	2	65	743	807	2.86e-12	53.1	78	1332
012_12_RA18_GMCF3029a.meta__NODE_145934_length_518_cov_2.948164_1	REF066_OUT_Rhodobacter_capsulatus_Rhodopseudom_O54051	44.7	170	3	172	310	471	7.59e-42	141	172	777
012_12_RA18_GMCF3029a.meta__NODE_145934_length_518_cov_2.948164_1	REF063_OUT_Bos_taurus_Bovine__P80457	34.5	171	3	172	880	1021	1.20e-23	89.7	172	1332
012_12_RA18_GMCF3029a.meta__NODE_145934_length_518_cov_2.948164_1	REF049_FII_Gandjariella_thermophila_A0A4D4J4W8	38.6	83	12	91	326	408	2.82e-11	53.9	172	752
012_12_RA18_GMCF3029a.meta__NODE_145934_length_518_cov_2.948164_1	REF046_FII_Amycolatopsis_bartoniae_A0A8H9IQQ2	37.3	83	12	91	326	408	9.51e-11	52.4	172	752
012_12_RA18_GMCF3029a.meta__NODE_147058_length_517_cov_1.629870_1	REF066_OUT_Rhodobacter_capsulatus_Rhodopseudom_O54051	43.9	189	1	171	230	418	1.29e-43	146	172	777
012_12_RA18_GMCF3029a.meta__NODE_147058_length_517_cov_1.629870_1	REF063_OUT_Bos_taurus_Bovine__P80457	41.2	148	1	148	800	947	2.00e-31	112	172	1332
012_12_RA18_GMCF3029a.meta__NODE_147058_length_517_cov_1.629870_1	REF064_OUT_Escherichia_coli_strain_K12__Q46799	32.3	127	23	146	260	383	3.41e-14	62.4	172	752
012_12_RA18_GMCF3029a.meta__NODE_147058_length_517_cov_1.629870_1	REF038_FII_Kyrpidia_spormannii_A0A2K8N8V7	30.9	152	9	151	252	401	1.58e-13	60.5	172	780
012_12_RA18_GMCF3029a.meta__NODE_147058_length_517_cov_1.629870_1	REF037_FII_Fibrella_aestuarina_BUZ_2_I0KFJ2	29.5	132	20	147	283	412	1.59e-13	60.5	172	796
012_12_RA18_GMCF3029a.meta__NODE_147220_length_516_cov_7.689805_1	REF063_OUT_Bos_taurus_Bovine__P80457	30.0	203	1	170	113	307	5.46e-23	87.8	171	1332
012_12_RA18_GMCF3029a.meta__NODE_149080_length_514_cov_2.047930_1	REF066_OUT_Rhodobacter_capsulatus_Rhodopseudom_O54051	61.2	170	1	170	492	661	3.45e-60	192	170	777
012_12_RA18_GMCF3029a.meta__NODE_149080_length_514_cov_2.047930_1	REF063_OUT_Bos_taurus_Bovine__P80457	40.0	170	1	170	1042	1192	1.63e-30	109	170	1332
012_12_RA18_GMCF3029a.meta__NODE_149080_length_514_cov_2.047930_1	REF049_FII_Gandjariella_thermophila_A0A4D4J4W8	33.1	172	1	166	479	635	5.85e-12	55.8	170	752
012_12_RA18_GMCF3029a.meta__NODE_152578_length_509_cov_2.649780_1	REF065_OUT_Megalodesulfovibrio_gigas_Desulfovi_Q46509	47.5	122	1	119	32	153	2.70e-32	112	126	907
012_12_RA18_GMCF3029a.meta__NODE_152578_length_509_cov_2.649780_1	REF063_OUT_Bos_taurus_Bovine__P80457	36.2	130	1	119	35	164	1.41e-22	84.7	126	1332
012_12_RA18_GMCF3029a.meta__NODE_154567_length_507_cov_1.438053_1	REF059_FII_Streptomonospora_litoralis_A0A4P6PZM8	35.6	90	37	125	204	293	1.40e-11	54.7	168	800
012_12_RA18_GMCF3029a.meta__NODE_154567_length_507_cov_1.438053_1	REF053_FII_Nocardioides_aquaticus_A0ABX8EDS7	35.2	88	37	123	209	295	6.47e-11	52.8	168	828
012_12_RA18_GMCF3029a.meta__NODE_154737_length_506_cov_3.607539_1	REF062_FII_Falsiruegeria_litorea_R37_A0A1Y5S8H3	83.4	151	1	151	636	786	5.94e-89	268	156	787
012_12_RA18_GMCF3029a.meta__NODE_154737_length_506_cov_3.607539_1	REF048_FII_Ascidiaceihabitans_donghaensis_A0A2R8BD61	82.1	151	1	151	636	786	3.46e-87	264	156	788
012_12_RA18_GMCF3029a.meta__NODE_154737_length_506_cov_3.607539_1	REF045_FII_Albidovulum_aquaemixtae_A0A2R8B4Q9	80.8	151	1	151	637	787	7.55e-85	258	156	788
012_12_RA18_GMCF3029a.meta__NODE_154737_length_506_cov_3.607539_1	REF060_FII_Donghicola_eburneus_A0A1M4N221	80.8	151	1	150	636	786	4.05e-84	256	156	788
012_12_RA18_GMCF3029a.meta__NODE_154737_length_506_cov_3.607539_1	REF054_FII_Cereibacter_sphaeroides_strain_ATCC_Q3J2E6	76.2	151	1	150	638	788	2.86e-77	238	156	790
012_12_RA18_GMCF3029a.meta__NODE_157102_length_503_cov_3.111607_2	REF066_OUT_Rhodobacter_capsulatus_Rhodopseudom_O54051	46.6	103	22	124	8	110	8.47e-26	94.0	128	777
012_12_RA18_GMCF3029a.meta__NODE_157102_length_503_cov_3.111607_2	REF063_OUT_Bos_taurus_Bovine__P80457	36.8	117	9	125	565	680	5.78e-18	71.6	128	1332
012_12_RA18_GMCF3029a.meta__NODE_157102_length_503_cov_3.111607_2	REF058_FII_Cupriavidus_laharis_A0ABM8XSX1	37.6	109	30	124	23	130	1.54e-13	58.9	128	791
012_12_RA18_GMCF3029a.meta__NODE_157102_length_503_cov_3.111607_2	REF051_FII_Modestobacter_italicus_strain_DSM_4_I4F486	37.9	103	28	122	15	117	7.22e-13	57.0	128	763
012_12_RA18_GMCF3029a.meta__NODE_157102_length_503_cov_3.111607_2	REF033_FII_Acidiphilium_multivorum_strain_DSM__F0J165	36.7	109	30	124	27	134	7.25e-13	57.0	128	801
012_12_RA18_GMCF3029a.sc__NODE_1900_length_3632_cov_3.671792_3	REF065_OUT_Megalodesulfovibrio_gigas_Desulfovi_Q46509	35.9	153	5	153	6	158	4.39e-28	101	154	907
012_12_RA18_GMCF3029a.sc__NODE_1900_length_3632_cov_3.671792_3	REF063_OUT_Bos_taurus_Bovine__P80457	35.4	147	7	140	10	156	1.47e-22	85.9	154	1332
012_12_RA18_GMCF3029a.sc__NODE_1900_length_3632_cov_3.671792_4	REF012_FI_Bacillus_methanolicus_strain_MGA3_A_I3E8H4	23.4	427	204	583	17	437	9.34e-13	63.5	606	783
012_12_RA18_GMCF3029a.sc__NODE_1900_length_3632_cov_3.671792_4	REF035_FII_Ardenticatena_maritima_A0A0M8K8I5	22.3	449	196	588	7	443	7.68e-11	57.4	606	789
012_12_RA18_GMCF3029a.sc__NODE_2306_length_3341_cov_12.778150_2	REF065_OUT_Megalodesulfovibrio_gigas_Desulfovi_Q46509	37.0	154	5	154	6	159	2.13e-29	105	156	907
012_12_RA18_GMCF3029a.sc__NODE_2306_length_3341_cov_12.778150_2	REF063_OUT_Bos_taurus_Bovine__P80457	34.7	144	7	137	10	153	8.46e-23	86.7	156	1332
012_12_RA18_GMCF3029a.sc__NODE_2306_length_3341_cov_12.778150_3	REF014_FI_Deinococcus_caeni_A0ABP9UI58	23.6	402	187	551	13	404	1.33e-15	73.2	732	792
012_12_RA18_GMCF3029a.sc__NODE_2306_length_3341_cov_12.778150_3	REF003_FI_Thermomicrobium_roseum_strain_ATCC__B9L450	22.8	404	198	551	13	396	2.44e-13	65.9	732	781
012_12_RA18_GMCF3029a.sc__NODE_2306_length_3341_cov_12.778150_3	REF035_FII_Ardenticatena_maritima_A0A0M8K8I5	23.7	409	189	551	4	399	8.68e-12	60.8	732	789
012_12_RA18_GMCF3029a.sc__NODE_2306_length_3341_cov_12.778150_3	REF064_OUT_Escherichia_coli_strain_K12__Q46799	27.8	133	598	723	608	737	3.35e-11	58.9	732	752
012_12_RA18_GMCF3029a.sc__NODE_3567_length_2800_cov_4.974863_2	REF063_OUT_Bos_taurus_Bovine__P80457	29.5	525	9	498	2	521	8.38e-63	215	522	1332
012_12_RA18_GMCF3029a.sc__NODE_3567_length_2800_cov_4.974863_2	REF065_OUT_Megalodesulfovibrio_gigas_Desulfovi_Q46509	36.9	141	31	168	21	148	1.34e-20	88.2	522	907
012_12_RA18_GMCF3029a.sc__NODE_4048_length_2661_cov_3.047966_2	REF063_OUT_Bos_taurus_Bovine__P80457	36.3	833	1	799	262	1078	6.33e-142	446	845	1332
012_12_RA18_GMCF3029a.sc__NODE_4048_length_2661_cov_3.047966_2	REF066_OUT_Rhodobacter_capsulatus_Rhodopseudom_O54051	45.6	533	285	799	6	528	3.41e-131	404	845	777
012_12_RA18_GMCF3029a.sc__NODE_4048_length_2661_cov_3.047966_2	REF064_OUT_Escherichia_coli_strain_K12__Q46799	28.2	536	291	802	5	519	4.27e-44	163	845	752
012_12_RA18_GMCF3029a.sc__NODE_4048_length_2661_cov_3.047966_2	REF046_FII_Amycolatopsis_bartoniae_A0A8H9IQQ2	28.0	490	317	798	41	514	2.35e-39	149	845	752
012_12_RA18_GMCF3029a.sc__NODE_4048_length_2661_cov_3.047966_2	REF065_OUT_Megalodesulfovibrio_gigas_Desulfovi_Q46509	27.2	548	270	795	168	692	7.01e-39	148	845	907
012_12_RA18_GMCF3029a.sc__NODE_4788_length_2472_cov_4.363674_1	REF064_OUT_Escherichia_coli_strain_K12__Q46799	25.3	438	235	607	2	422	6.50e-15	70.9	718	752
012_12_RA18_GMCF3029a.sc__NODE_4788_length_2472_cov_4.363674_1	REF003_FI_Thermomicrobium_roseum_strain_ATCC__B9L450	25.2	313	227	492	7	313	2.00e-14	69.3	718	781
012_12_RA18_GMCF3029a.sc__NODE_4788_length_2472_cov_4.363674_1	REF025_FI_Phaeobacter_gallaeciensis_A0A1B0ZWG3	24.4	311	229	484	17	319	1.93e-11	59.7	718	804
012_12_RA18_GMCF3029a.sc__NODE_4788_length_2472_cov_4.363674_1	REF030_FI_Roseovarius_gaetbuli_A0A1X6ZH08	24.1	315	224	484	13	320	2.55e-11	59.3	718	805
012_12_RA18_GMCF3029a.sc__NODE_4788_length_2472_cov_4.363674_1	REF027_FI_Pseudorhizobium_banfieldiae_L0NNE2	23.1	321	218	484	7	321	4.41e-11	58.5	718	806
012_12_RA18_GMCF3029a.sc__NODE_4788_length_2472_cov_4.363674_2	REF065_OUT_Megalodesulfovibrio_gigas_Desulfovi_Q46509	39.8	83	18	97	72	154	2.72e-14	60.1	104	907
012_12_RA18_GMCF3029a.sc__NODE_4788_length_2472_cov_4.363674_2	REF063_OUT_Bos_taurus_Bovine__P80457	37.8	82	19	99	85	166	1.32e-13	58.2	104	1332
012_12_RA18_GMCF3029a.sc__NODE_5868_length_2261_cov_10.977788_1	REF065_OUT_Megalodesulfovibrio_gigas_Desulfovi_Q46509	44.4	117	3	117	6	122	8.60e-31	107	119	907
012_12_RA18_GMCF3029a.sc__NODE_5868_length_2261_cov_10.977788_1	REF063_OUT_Bos_taurus_Bovine__P80457	35.7	126	5	117	10	135	2.27e-18	72.4	119	1332
012_12_RA18_GMCF3029a.sc__NODE_5988_length_2244_cov_3.844221_1	REF064_OUT_Escherichia_coli_strain_K12__Q46799	35.2	472	23	470	297	742	1.85e-62	209	478	752
012_12_RA18_GMCF3029a.sc__NODE_5988_length_2244_cov_3.844221_1	REF035_FII_Ardenticatena_maritima_A0A0M8K8I5	31.7	486	26	474	317	781	1.32e-47	168	478	789
012_12_RA18_GMCF3029a.sc__NODE_5988_length_2244_cov_3.844221_1	REF059_FII_Streptomonospora_litoralis_A0A4P6PZM8	31.8	462	51	476	347	788	1.40e-45	162	478	800
012_12_RA18_GMCF3029a.sc__NODE_5988_length_2244_cov_3.844221_1	REF065_OUT_Megalodesulfovibrio_gigas_Desulfovi_Q46509	30.9	453	32	474	489	905	3.49e-45	162	478	907
012_12_RA18_GMCF3029a.sc__NODE_5988_length_2244_cov_3.844221_1	REF061_FII_Streptomyces_smaragdinus_A0A7K0CAR3	30.5	452	53	474	339	776	2.11e-44	159	478	791
012_12_RA18_GMCF3029a.sc__NODE_7838_length_1997_cov_2.039135_3	REF065_OUT_Megalodesulfovibrio_gigas_Desulfovi_Q46509	43.5	115	1	114	1	114	3.30e-25	91.7	114	907
012_12_RA18_GMCF3029a.sc__NODE_7838_length_1997_cov_2.039135_3	REF063_OUT_Bos_taurus_Bovine__P80457	35.6	118	8	114	10	127	9.48e-16	64.7	114	1332
012_12_RA18_GMCF3029a.sc__NODE_8264_length_1951_cov_7.296941_1	REF066_OUT_Rhodobacter_capsulatus_Rhodopseudom_O54051	60.8	158	1	158	615	770	4.59e-62	197	168	777
012_12_RA18_GMCF3029a.sc__NODE_8264_length_1951_cov_7.296941_1	REF063_OUT_Bos_taurus_Bovine__P80457	52.4	164	2	159	1147	1310	7.92e-49	161	168	1332
012_12_RA18_GMCF3029a.sc__NODE_8264_length_1951_cov_7.296941_1	REF035_FII_Ardenticatena_maritima_A0A0M8K8I5	32.0	147	6	147	634	774	1.44e-15	66.2	168	789
012_12_RA18_GMCF3029a.sc__NODE_8264_length_1951_cov_7.296941_1	REF065_OUT_Megalodesulfovibrio_gigas_Desulfovi_Q46509	28.5	158	2	158	760	905	1.98e-13	60.1	168	907
012_12_RA18_GMCF3029a.sc__NODE_8264_length_1951_cov_7.296941_1	REF041_FII_Actibacterium_lipolyticum_A0A238JRA4	34.6	81	11	91	615	695	1.64e-12	57.4	168	765
012_12_RA18_GMCF3029a.sc__NODE_8900_length_1893_cov_4.102829_3	REF065_OUT_Megalodesulfovibrio_gigas_Desulfovi_Q46509	36.4	151	4	150	6	156	2.63e-25	93.6	151	907
012_12_RA18_GMCF3029a.sc__NODE_8900_length_1893_cov_4.102829_3	REF063_OUT_Bos_taurus_Bovine__P80457	35.5	152	6	144	10	161	1.16e-21	83.2	151	1332
012_12_RA18_GMCF3029a.sc__NODE_8935_length_1891_cov_1.788126_1	REF063_OUT_Bos_taurus_Bovine__P80457	28.2	464	3	429	72	533	4.47e-49	173	454	1332
012_12_RA18_GMCF3029a.sc__NODE_8935_length_1891_cov_1.788126_1	REF065_OUT_Megalodesulfovibrio_gigas_Desulfovi_Q46509	40.0	95	1	92	57	151	2.47e-19	83.6	454	907
012_12_RA18_GMCF3029a.sc__NODE_8935_length_1891_cov_1.788126_2	REF066_OUT_Rhodobacter_capsulatus_Rhodopseudom_O54051	47.1	155	21	174	4	158	1.10e-35	124	177	777
012_12_RA18_GMCF3029a.sc__NODE_8935_length_1891_cov_1.788126_2	REF063_OUT_Bos_taurus_Bovine__P80457	38.2	152	25	176	578	728	1.84e-27	100	177	1332
012_12_RA18_GMCF3029a.sc__NODE_8935_length_1891_cov_1.788126_2	REF050_FII_Blastochloris_viridis_Rhodopseudomo_A0A0H5BCZ6	36.1	133	33	151	19	150	1.36e-19	78.2	177	788
012_12_RA18_GMCF3029a.sc__NODE_8935_length_1891_cov_1.788126_2	REF058_FII_Cupriavidus_laharis_A0ABM8XSX1	36.0	136	35	156	25	159	3.98e-18	73.9	177	791
012_12_RA18_GMCF3029a.sc__NODE_8935_length_1891_cov_1.788126_2	REF034_FII_Actinoallomurus_iriomotensis_A0A9W6W744	37.4	139	37	169	21	156	1.83e-17	72.0	177	751
012_12_RA18_GMCF3029a.sc__NODE_9720_length_1823_cov_2.850113_3	REF036_FII_Calidithermus_roseus_A0A399EKG8	31.4	140	94	227	615	753	1.90e-13	62.0	236	764
012_12_RA18_GMCF3029a.sc__NODE_9720_length_1823_cov_2.850113_3	REF050_FII_Blastochloris_viridis_Rhodopseudomo_A0A0H5BCZ6	31.3	134	101	228	641	773	1.54e-12	59.3	236	788
012_12_RA18_GMCF3029a.sc__NODE_9720_length_1823_cov_2.850113_3	REF041_FII_Actibacterium_lipolyticum_A0A238JRA4	34.1	138	96	224	612	748	2.06e-12	58.9	236	765
012_12_RA18_GMCF3029a.sc__NODE_9720_length_1823_cov_2.850113_3	REF043_FII_Deinococcus_aluminii_A0ABP9XBM4	29.6	142	96	227	636	776	2.24e-11	55.8	236	796
012_12_RA18_GMCF3029a.sc__NODE_11431_length_1702_cov_3.003036_1	REF066_OUT_Rhodobacter_capsulatus_Rhodopseudom_O54051	59.6	109	1	109	1	109	5.03e-40	133	109	777
012_12_RA18_GMCF3029a.sc__NODE_11431_length_1702_cov_3.003036_1	REF049_FII_Gandjariella_thermophila_A0A4D4J4W8	39.8	93	16	106	17	106	5.98e-14	59.3	109	752
012_12_RA18_GMCF3029a.sc__NODE_11431_length_1702_cov_3.003036_1	REF063_OUT_Bos_taurus_Bovine__P80457	35.3	102	2	103	572	672	8.44e-14	58.9	109	1332
012_12_RA18_GMCF3029a.sc__NODE_11431_length_1702_cov_3.003036_1	REF038_FII_Kyrpidia_spormannii_A0A2K8N8V7	34.9	106	16	109	18	120	1.52e-13	58.2	109	780
012_12_RA18_GMCF3029a.sc__NODE_11431_length_1702_cov_3.003036_1	REF036_FII_Calidithermus_roseus_A0A399EKG8	34.3	99	16	109	27	124	2.21e-11	52.0	109	764
012_12_RA18_GMCF3029a.sc__NODE_11431_length_1702_cov_3.003036_2	REF063_OUT_Bos_taurus_Bovine__P80457	30.8	455	1	384	6	460	1.35e-50	177	459	1332
012_12_RA18_GMCF3029a.sc__NODE_11431_length_1702_cov_3.003036_2	REF065_OUT_Megalodesulfovibrio_gigas_Desulfovi_Q46509	38.0	137	21	150	23	154	3.66e-23	95.5	459	907
012_12_RA18_GMCF3029a.sc__NODE_13975_length_1558_cov_4.013307_1	REF066_OUT_Rhodobacter_capsulatus_Rhodopseudom_O54051	36.8	182	17	198	395	567	3.27e-33	119	219	777
012_12_RA18_GMCF3029a.sc__NODE_13975_length_1558_cov_4.013307_1	REF063_OUT_Bos_taurus_Bovine__P80457	36.1	183	1	183	920	1102	4.94e-33	118	219	1332
012_12_RA18_GMCF3029a.sc__NODE_13975_length_1558_cov_4.013307_2	REF063_OUT_Bos_taurus_Bovine__P80457	43.8	128	7	127	1178	1305	6.06e-28	100	136	1332
012_12_RA18_GMCF3029a.sc__NODE_13975_length_1558_cov_4.013307_2	REF066_OUT_Rhodobacter_capsulatus_Rhodopseudom_O54051	37.2	129	7	135	647	774	7.90e-28	100	136	777
012_12_RA18_GMCF3029a.sc__NODE_14752_length_1522_cov_2.741650_1	REF035_FII_Ardenticatena_maritima_A0A0M8K8I5	25.3	292	78	321	6	293	7.28e-14	66.6	506	789
012_12_RA18_GMCF3029a.sc__NODE_14752_length_1522_cov_2.741650_1	REF064_OUT_Escherichia_coli_strain_K12__Q46799	25.5	443	86	460	2	422	1.24e-13	65.9	506	752
012_12_RA18_GMCF3029a.sc__NODE_14752_length_1522_cov_2.741650_1	REF003_FI_Thermomicrobium_roseum_strain_ATCC__B9L450	25.2	286	78	321	7	288	2.03e-12	62.0	506	781
012_12_RA18_GMCF3029a.sc__NODE_14752_length_1522_cov_2.741650_1	REF039_FII_Luteitalea_pratensis_A0A143PSW7	26.0	419	78	434	9	409	2.04e-12	62.0	506	787
012_12_RA18_GMCF3029a.sc__NODE_14752_length_1522_cov_2.741650_1	REF047_FII_Meiothermus_granaticius_NBRC_107808_A0A399F9R8	25.7	292	78	321	4	290	3.55e-12	61.2	506	789
012_12_RA18_GMCF3029a.sc__NODE_18129_length_1397_cov_3.230253_1	REF036_FII_Calidithermus_roseus_A0A399EKG8	30.7	153	120	265	603	753	2.04e-12	59.7	274	764
012_12_RA18_GMCF3029a.sc__NODE_18185_length_1395_cov_3.590299_2	REF045_FII_Albidovulum_aquaemixtae_A0A2R8B4Q9	66.3	178	2	179	289	466	5.68e-82	251	179	788
012_12_RA18_GMCF3029a.sc__NODE_18185_length_1395_cov_3.590299_2	REF060_FII_Donghicola_eburneus_A0A1M4N221	68.0	178	2	179	290	465	8.30e-81	248	179	788
012_12_RA18_GMCF3029a.sc__NODE_18185_length_1395_cov_3.590299_2	REF054_FII_Cereibacter_sphaeroides_strain_ATCC_Q3J2E6	65.7	178	2	179	290	467	4.74e-79	243	179	790
012_12_RA18_GMCF3029a.sc__NODE_18185_length_1395_cov_3.590299_2	REF062_FII_Falsiruegeria_litorea_R37_A0A1Y5S8H3	65.7	178	2	179	290	465	6.78e-77	238	179	787
012_12_RA18_GMCF3029a.sc__NODE_18185_length_1395_cov_3.590299_2	REF048_FII_Ascidiaceihabitans_donghaensis_A0A2R8BD61	62.4	178	2	179	290	465	5.23e-75	233	179	788
012_12_RA18_GMCF3029a.sc__NODE_19488_length_1355_cov_4.950769_1	REF057_FII_Rhodococcus_coprophilus_A0A2X4U3L5	25.7	381	101	436	23	396	3.24e-15	70.5	442	808
012_12_RA18_GMCF3029a.sc__NODE_19488_length_1355_cov_4.950769_1	REF026_FI_Polymorphum_gilvum_strain_LMG_25793_F2IW51	23.9	381	81	418	6	375	6.70e-13	63.2	442	806
012_12_RA18_GMCF3029a.sc__NODE_19488_length_1355_cov_4.950769_1	REF029_FI_Roseibium_aggregatum_A0A0M6Y0E4	25.4	354	106	418	33	375	8.87e-13	62.8	442	806
012_12_RA18_GMCF3029a.sc__NODE_19488_length_1355_cov_4.950769_1	REF039_FII_Luteitalea_pratensis_A0A143PSW7	31.1	148	230	372	178	324	8.21e-12	59.7	442	787
012_12_RA18_GMCF3029a.sc__NODE_19488_length_1355_cov_4.950769_1	REF061_FII_Streptomyces_smaragdinus_A0A7K0CAR3	24.7	385	89	436	3	385	1.90e-11	58.5	442	791
012_12_RA18_GMCF3029a.sc__NODE_22549_length_1278_cov_8.732625_1	REF066_OUT_Rhodobacter_capsulatus_Rhodopseudom_O54051	48.5	429	6	425	74	501	2.67e-127	379	425	777
012_12_RA18_GMCF3029a.sc__NODE_22549_length_1278_cov_8.732625_1	REF063_OUT_Bos_taurus_Bovine__P80457	40.3	427	1	425	639	1051	2.12e-92	296	425	1332
012_12_RA18_GMCF3029a.sc__NODE_22549_length_1278_cov_8.732625_1	REF065_OUT_Megalodesulfovibrio_gigas_Desulfovi_Q46509	28.0	411	14	415	266	656	1.43e-34	129	425	907
012_12_RA18_GMCF3029a.sc__NODE_22549_length_1278_cov_8.732625_1	REF064_OUT_Escherichia_coli_strain_K12__Q46799	26.5	412	23	425	93	487	9.84e-34	126	425	752
012_12_RA18_GMCF3029a.sc__NODE_22549_length_1278_cov_8.732625_1	REF046_FII_Amycolatopsis_bartoniae_A0A8H9IQQ2	24.1	431	3	425	75	488	2.87e-25	101	425	752
012_12_RA18_GMCF3029a.sc__NODE_23019_length_1267_cov_3.018977_2	REF052_FII_Bradyrhizobium_ivorense_A0A508SVN1	32.2	261	8	253	515	773	1.79e-26	100	259	779
012_12_RA18_GMCF3029a.sc__NODE_23019_length_1267_cov_3.018977_2	REF036_FII_Calidithermus_roseus_A0A399EKG8	33.2	265	8	257	497	759	6.02e-26	99.4	259	764
012_12_RA18_GMCF3029a.sc__NODE_23019_length_1267_cov_3.018977_2	REF055_FII_Pseudonocardia_asaccharolytica_DSM__A0A511CWW9	31.8	255	9	249	493	741	3.11e-24	94.4	259	757
012_12_RA18_GMCF3029a.sc__NODE_23019_length_1267_cov_3.018977_2	REF044_FII_Sulfoacidibacillus_ferrooxidans_A0A9X1V6V7	29.4	279	1	258	502	778	7.82e-24	93.2	259	784
012_12_RA18_GMCF3029a.sc__NODE_23019_length_1267_cov_3.018977_2	REF039_FII_Luteitalea_pratensis_A0A143PSW7	29.9	254	1	238	509	760	1.06e-23	92.8	259	787
012_12_RA18_GMCF3029a.sc__NODE_23045_length_1266_cov_5.449216_1	REF066_OUT_Rhodobacter_capsulatus_Rhodopseudom_O54051	46.7	422	1	421	89	501	2.29e-120	361	421	777
012_12_RA18_GMCF3029a.sc__NODE_23045_length_1266_cov_5.449216_1	REF063_OUT_Bos_taurus_Bovine__P80457	40.1	421	3	421	660	1051	4.08e-90	290	421	1332
012_12_RA18_GMCF3029a.sc__NODE_23045_length_1266_cov_5.449216_1	REF064_OUT_Escherichia_coli_strain_K12__Q46799	25.8	427	3	421	93	487	1.67e-33	125	421	752
012_12_RA18_GMCF3029a.sc__NODE_23045_length_1266_cov_5.449216_1	REF065_OUT_Megalodesulfovibrio_gigas_Desulfovi_Q46509	26.3	414	7	411	279	656	4.30e-30	115	421	907
012_12_RA18_GMCF3029a.sc__NODE_23045_length_1266_cov_5.449216_1	REF037_FII_Fibrella_aestuarina_BUZ_2_I0KFJ2	26.6	448	3	421	113	531	7.15e-23	94.0	421	796
012_12_RA18_GMCF3029a.sc__NODE_23125_length_1265_cov_2.283471_2	REF063_OUT_Bos_taurus_Bovine__P80457	32.9	158	16	156	3	158	9.98e-21	81.3	170	1332
012_12_RA18_GMCF3029a.sc__NODE_23125_length_1265_cov_2.283471_2	REF065_OUT_Megalodesulfovibrio_gigas_Desulfovi_Q46509	35.2	125	42	160	27	151	4.47e-20	79.3	170	907
012_12_RA18_GMCF3029a.sc__NODE_25103_length_1222_cov_4.004284_1	REF065_OUT_Megalodesulfovibrio_gigas_Desulfovi_Q46509	44.1	136	28	160	23	157	6.69e-30	108	186	907
012_12_RA18_GMCF3029a.sc__NODE_25103_length_1222_cov_4.004284_1	REF063_OUT_Bos_taurus_Bovine__P80457	38.0	158	7	153	4	161	2.46e-27	100	186	1332
012_12_RA18_GMCF3029a.sc__NODE_25425_length_1215_cov_3.584483_1	REF035_FII_Ardenticatena_maritima_A0A0M8K8I5	25.7	222	223	396	6	224	1.56e-11	58.5	404	789
012_12_RA18_GMCF3029a.sc__NODE_25957_length_1205_cov_1.570435_2	REF030_FI_Roseovarius_gaetbuli_A0A1X6ZH08	88.6	105	1	105	451	555	8.06e-58	187	197	805
012_12_RA18_GMCF3029a.sc__NODE_25957_length_1205_cov_1.570435_2	REF011_FI_Actibacterium_lipolyticum_A0A238JPJ5	86.5	104	2	105	453	556	5.04e-55	179	197	806
012_12_RA18_GMCF3029a.sc__NODE_25957_length_1205_cov_1.570435_2	REF031_FI_Ruegeria_arenilitoris_A0A238KMA5	81.0	105	1	105	451	555	2.49e-54	177	197	805
012_12_RA18_GMCF3029a.sc__NODE_25957_length_1205_cov_1.570435_2	REF027_FI_Pseudorhizobium_banfieldiae_L0NNE2	81.0	105	1	105	452	556	4.75e-54	177	197	806
012_12_RA18_GMCF3029a.sc__NODE_25957_length_1205_cov_1.570435_2	REF015_FI_Antarctobacter_heliothermus_A0A222E7I6	79.8	104	2	105	452	555	9.14e-50	165	197	805
012_12_RA18_GMCF3029a.sc__NODE_26457_length_1195_cov_22.061404_2	REF066_OUT_Rhodobacter_capsulatus_Rhodopseudom_O54051	57.1	184	3	186	593	774	1.15e-69	219	192	777
012_12_RA18_GMCF3029a.sc__NODE_26457_length_1195_cov_22.061404_2	REF063_OUT_Bos_taurus_Bovine__P80457	49.5	190	1	184	1122	1311	1.07e-55	182	192	1332
012_12_RA18_GMCF3029a.sc__NODE_26457_length_1195_cov_22.061404_2	REF065_OUT_Megalodesulfovibrio_gigas_Desulfovi_Q46509	30.7	166	18	182	752	905	2.32e-14	63.5	192	907
012_12_RA18_GMCF3029a.sc__NODE_26457_length_1195_cov_22.061404_2	REF044_FII_Sulfoacidibacillus_ferrooxidans_A0A9X1V6V7	30.3	178	24	191	619	783	3.49e-13	60.1	192	784
012_12_RA18_GMCF3029a.sc__NODE_26457_length_1195_cov_22.061404_2	REF035_FII_Ardenticatena_maritima_A0A0M8K8I5	28.9	152	32	181	636	784	1.18e-12	58.5	192	789
012_12_RA18_GMCF3029a.sc__NODE_27535_length_1177_cov_2.442959_1	REF066_OUT_Rhodobacter_capsulatus_Rhodopseudom_O54051	64.1	153	1	153	618	767	2.99e-60	194	201	777
012_12_RA18_GMCF3029a.sc__NODE_27535_length_1177_cov_2.442959_1	REF063_OUT_Bos_taurus_Bovine__P80457	56.8	162	2	156	1150	1309	8.84e-50	166	201	1332
012_12_RA18_GMCF3029a.sc__NODE_27535_length_1177_cov_2.442959_1	REF035_FII_Ardenticatena_maritima_A0A0M8K8I5	33.3	144	3	145	634	774	5.59e-18	74.3	201	789
012_12_RA18_GMCF3029a.sc__NODE_27535_length_1177_cov_2.442959_1	REF061_FII_Streptomyces_smaragdinus_A0A7K0CAR3	32.0	172	3	171	629	791	1.40e-17	73.2	201	791
012_12_RA18_GMCF3029a.sc__NODE_27535_length_1177_cov_2.442959_1	REF042_FII_Actinomadura_macrotermitis_A0A7K0C220	34.2	155	3	154	626	771	6.43e-17	71.2	201	798
012_12_RA18_GMCF3029a.sc__NODE_28953_length_1152_cov_3.576117_1	REF066_OUT_Rhodobacter_capsulatus_Rhodopseudom_O54051	60.8	329	4	332	444	770	1.69e-129	382	342	777
012_12_RA18_GMCF3029a.sc__NODE_28953_length_1152_cov_3.576117_1	REF063_OUT_Bos_taurus_Bovine__P80457	46.0	335	5	333	995	1310	5.93e-85	272	342	1332
012_12_RA18_GMCF3029a.sc__NODE_28953_length_1152_cov_3.576117_1	REF035_FII_Ardenticatena_maritima_A0A0M8K8I5	28.4	324	26	336	479	785	1.84e-22	91.3	342	789
012_12_RA18_GMCF3029a.sc__NODE_28953_length_1152_cov_3.576117_1	REF058_FII_Cupriavidus_laharis_A0ABM8XSX1	28.6	318	31	340	491	791	6.03e-22	89.7	342	791
012_12_RA18_GMCF3029a.sc__NODE_28953_length_1152_cov_3.576117_1	REF040_FII_Nitrolancea_hollandica_Lb_I4ED45	28.0	307	29	334	483	780	5.01e-20	84.0	342	784
012_12_RA18_GMCF3029a.sc__NODE_29834_length_1138_cov_6.066482_1	REF065_OUT_Megalodesulfovibrio_gigas_Desulfovi_Q46509	45.8	48	3	50	2	49	9.65e-11	47.4	50	907
012_12_RA18_GMCF3029a.sc__NODE_30797_length_1123_cov_5.586142_1	REF066_OUT_Rhodobacter_capsulatus_Rhodopseudom_O54051	46.7	377	3	373	109	471	1.97e-102	313	373	777
012_12_RA18_GMCF3029a.sc__NODE_30797_length_1123_cov_5.586142_1	REF063_OUT_Bos_taurus_Bovine__P80457	37.3	373	3	373	678	1021	8.84e-70	230	373	1332
012_12_RA18_GMCF3029a.sc__NODE_30797_length_1123_cov_5.586142_1	REF065_OUT_Megalodesulfovibrio_gigas_Desulfovi_Q46509	26.2	378	3	371	293	636	1.49e-25	101	373	907
012_12_RA18_GMCF3029a.sc__NODE_30797_length_1123_cov_5.586142_1	REF064_OUT_Escherichia_coli_strain_K12__Q46799	27.1	277	1	269	109	383	7.98e-25	99.0	373	752
012_12_RA18_GMCF3029a.sc__NODE_30797_length_1123_cov_5.586142_1	REF059_FII_Streptomonospora_litoralis_A0A4P6PZM8	27.3	231	89	308	225	454	1.05e-18	80.5	373	800
012_12_RA18_GMCF3029a.sc__NODE_31124_length_1118_cov_3.961430_1	REF066_OUT_Rhodobacter_capsulatus_Rhodopseudom_O54051	51.2	383	3	372	190	572	2.24e-120	359	372	777
012_12_RA18_GMCF3029a.sc__NODE_31124_length_1118_cov_3.961430_1	REF063_OUT_Bos_taurus_Bovine__P80457	40.9	357	8	364	765	1114	2.39e-79	258	372	1332
012_12_RA18_GMCF3029a.sc__NODE_31124_length_1118_cov_3.961430_1	REF064_OUT_Escherichia_coli_strain_K12__Q46799	31.1	318	8	321	204	507	5.85e-29	111	372	752
012_12_RA18_GMCF3029a.sc__NODE_31124_length_1118_cov_3.961430_1	REF036_FII_Calidithermus_roseus_A0A399EKG8	27.0	371	3	368	214	567	3.47e-24	97.1	372	764
012_12_RA18_GMCF3029a.sc__NODE_31124_length_1118_cov_3.961430_1	REF040_FII_Nitrolancea_hollandica_Lb_I4ED45	25.6	383	2	368	212	582	4.73e-24	96.7	372	784
012_12_RA18_GMCF3029a.sc__NODE_31185_length_1117_cov_4.258945_2	REF063_OUT_Bos_taurus_Bovine__P80457	26.4	345	13	296	142	484	7.00e-17	74.7	347	1332
012_12_RA18_GMCF3029a.sc__NODE_31225_length_1117_cov_2.559322_2	REF036_FII_Calidithermus_roseus_A0A399EKG8	31.8	277	24	281	14	290	1.34e-30	113	281	764
012_12_RA18_GMCF3029a.sc__NODE_31225_length_1117_cov_2.559322_2	REF059_FII_Streptomonospora_litoralis_A0A4P6PZM8	29.5	285	24	280	13	295	6.77e-27	102	281	800
012_12_RA18_GMCF3029a.sc__NODE_31225_length_1117_cov_2.559322_2	REF042_FII_Actinomadura_macrotermitis_A0A7K0C220	32.0	266	24	267	4	269	4.16e-26	100	281	798
012_12_RA18_GMCF3029a.sc__NODE_31225_length_1117_cov_2.559322_2	REF034_FII_Actinoallomurus_iriomotensis_A0A9W6W744	30.5	266	23	275	3	267	1.37e-25	99.0	281	751
012_12_RA18_GMCF3029a.sc__NODE_31225_length_1117_cov_2.559322_2	REF054_FII_Cereibacter_sphaeroides_strain_ATCC_Q3J2E6	27.5	276	37	277	20	291	4.67e-25	97.4	281	790
012_12_RA18_GMCF3029a.sc__NODE_31245_length_1117_cov_1.719397_1	REF066_OUT_Rhodobacter_capsulatus_Rhodopseudom_O54051	45.3	64	2	65	624	687	2.78e-15	62.4	93	777
012_12_RA18_GMCF3029a.sc__NODE_31245_length_1117_cov_1.719397_1	REF063_OUT_Bos_taurus_Bovine__P80457	44.4	63	2	64	1155	1217	1.35e-14	60.5	93	1332
012_12_RA18_GMCF3029a.sc__NODE_31245_length_1117_cov_1.719397_2	REF066_OUT_Rhodobacter_capsulatus_Rhodopseudom_O54051	45.7	184	1	184	448	629	4.55e-45	151	193	777
012_12_RA18_GMCF3029a.sc__NODE_31245_length_1117_cov_1.719397_2	REF063_OUT_Bos_taurus_Bovine__P80457	41.8	182	1	182	998	1158	1.12e-35	125	193	1332
012_12_RA18_GMCF3029a.sc__NODE_31245_length_1117_cov_1.719397_2	REF038_FII_Kyrpidia_spormannii_A0A2K8N8V7	34.3	108	22	129	480	587	1.35e-11	55.5	193	780
012_12_RA18_GMCF3029a.sc__NODE_31245_length_1117_cov_1.719397_2	REF049_FII_Gandjariella_thermophila_A0A4D4J4W8	32.7	98	24	121	458	555	2.45e-11	54.7	193	752
012_12_RA18_GMCF3029a.sc__NODE_31245_length_1117_cov_1.719397_2	REF062_FII_Falsiruegeria_litorea_R37_A0A1Y5S8H3	34.5	113	22	132	487	599	2.47e-11	54.7	193	787
012_12_RA18_GMCF3029a.sc__NODE_31245_length_1117_cov_1.719397_3	REF063_OUT_Bos_taurus_Bovine__P80457	46.4	56	6	61	1225	1280	4.93e-13	55.5	81	1332
012_12_RA18_GMCF3029a.sc__NODE_31245_length_1117_cov_1.719397_3	REF066_OUT_Rhodobacter_capsulatus_Rhodopseudom_O54051	43.1	65	1	65	689	753	1.24e-12	54.3	81	777
012_12_RA18_GMCF3029a.sc__NODE_31475_length_1113_cov_4.766541_1	REF040_FII_Nitrolancea_hollandica_Lb_I4ED45	27.3	355	10	330	206	559	1.99e-28	108	341	784
012_12_RA18_GMCF3029a.sc__NODE_31475_length_1113_cov_4.766541_1	REF064_OUT_Escherichia_coli_strain_K12__Q46799	29.2	346	29	341	211	543	3.55e-28	108	341	752
012_12_RA18_GMCF3029a.sc__NODE_31475_length_1113_cov_4.766541_1	REF065_OUT_Megalodesulfovibrio_gigas_Desulfovi_Q46509	29.3	328	9	316	375	699	4.25e-27	105	341	907
012_12_RA18_GMCF3029a.sc__NODE_31475_length_1113_cov_4.766541_1	REF057_FII_Rhodococcus_coprophilus_A0A2X4U3L5	28.4	352	19	335	223	573	8.04e-26	101	341	808
012_12_RA18_GMCF3029a.sc__NODE_31475_length_1113_cov_4.766541_1	REF051_FII_Modestobacter_italicus_strain_DSM_4_I4F486	28.4	352	14	341	202	553	3.48e-25	99.4	341	763
012_12_RA18_GMCF3029a.sc__NODE_31529_length_1112_cov_24.348155_1	REF066_OUT_Rhodobacter_capsulatus_Rhodopseudom_O54051	47.3	353	19	370	9	360	4.91e-102	311	370	777
012_12_RA18_GMCF3029a.sc__NODE_31529_length_1112_cov_24.348155_1	REF063_OUT_Bos_taurus_Bovine__P80457	38.5	353	19	370	579	930	1.04e-73	241	370	1332
012_12_RA18_GMCF3029a.sc__NODE_31529_length_1112_cov_24.348155_1	REF034_FII_Actinoallomurus_iriomotensis_A0A9W6W744	27.4	358	20	368	12	364	1.27e-29	113	370	751
012_12_RA18_GMCF3029a.sc__NODE_31529_length_1112_cov_24.348155_1	REF036_FII_Calidithermus_roseus_A0A399EKG8	26.8	362	26	368	27	382	1.88e-28	109	370	764
012_12_RA18_GMCF3029a.sc__NODE_31529_length_1112_cov_24.348155_1	REF065_OUT_Megalodesulfovibrio_gigas_Desulfovi_Q46509	25.4	347	40	368	205	549	5.01e-28	108	370	907
012_12_RA18_GMCF3029a.sc__NODE_32135_length_1104_cov_1.572927_1	REF060_FII_Donghicola_eburneus_A0A1M4N221	57.1	312	7	304	82	388	3.88e-111	335	367	788
012_12_RA18_GMCF3029a.sc__NODE_32135_length_1104_cov_1.572927_1	REF048_FII_Ascidiaceihabitans_donghaensis_A0A2R8BD61	59.4	293	21	304	96	388	2.32e-109	331	367	788
012_12_RA18_GMCF3029a.sc__NODE_32135_length_1104_cov_1.572927_1	REF062_FII_Falsiruegeria_litorea_R37_A0A1Y5S8H3	51.6	341	7	330	82	416	1.35e-107	326	367	787
012_12_RA18_GMCF3029a.sc__NODE_32135_length_1104_cov_1.572927_1	REF045_FII_Albidovulum_aquaemixtae_A0A2R8B4Q9	48.6	362	7	351	82	438	1.55e-101	310	367	788
012_12_RA18_GMCF3029a.sc__NODE_32135_length_1104_cov_1.572927_1	REF054_FII_Cereibacter_sphaeroides_strain_ATCC_Q3J2E6	48.1	366	7	359	82	447	8.22e-97	298	367	790
012_12_RA18_GMCF3029a.sc__NODE_33093_length_1090_cov_5.081159_2	REF065_OUT_Megalodesulfovibrio_gigas_Desulfovi_Q46509	39.6	144	6	145	6	149	1.91e-31	111	154	907
012_12_RA18_GMCF3029a.sc__NODE_33093_length_1090_cov_5.081159_2	REF063_OUT_Bos_taurus_Bovine__P80457	37.8	156	8	150	10	165	9.67e-29	103	154	1332
012_12_RA18_GMCF3029a.sc__NODE_33331_length_1087_cov_3.501938_1	REF033_FII_Acidiphilium_multivorum_strain_DSM__F0J165	46.0	300	2	300	496	795	6.18e-91	280	304	801
012_12_RA18_GMCF3029a.sc__NODE_33331_length_1087_cov_3.501938_1	REF060_FII_Donghicola_eburneus_A0A1M4N221	48.8	301	2	297	487	787	6.79e-91	280	304	788
012_12_RA18_GMCF3029a.sc__NODE_33331_length_1087_cov_3.501938_1	REF062_FII_Falsiruegeria_litorea_R37_A0A1Y5S8H3	48.8	299	2	296	487	785	2.57e-90	278	304	787
012_12_RA18_GMCF3029a.sc__NODE_33331_length_1087_cov_3.501938_1	REF050_FII_Blastochloris_viridis_Rhodopseudomo_A0A0H5BCZ6	48.3	302	2	302	486	784	3.88e-89	275	304	788
012_12_RA18_GMCF3029a.sc__NODE_33331_length_1087_cov_3.501938_1	REF056_FII_Comamonas_aquatilis_A0ACE2T5A2	48.8	299	3	299	495	793	4.41e-89	275	304	795
012_12_RA18_GMCF3029a.sc__NODE_33749_length_1082_cov_2.655307_2	REF063_OUT_Bos_taurus_Bovine__P80457	25.8	194	92	280	335	524	9.56e-13	61.2	296	1332
012_12_RA18_GMCF3029a.sc__NODE_34112_length_1078_cov_1.143695_1	REF004_FI_Thermogemmatispora_tikiterensis_A0A328VRJ9	27.8	212	10	201	230	440	2.10e-16	70.9	240	791
012_12_RA18_GMCF3029a.sc__NODE_34112_length_1078_cov_1.143695_1	REF005_FI_Thermogemmatispora_aurantia_A0A5J4K876	27.8	212	10	201	230	440	2.10e-16	70.9	240	791
012_12_RA18_GMCF3029a.sc__NODE_34112_length_1078_cov_1.143695_1	REF012_FI_Bacillus_methanolicus_strain_MGA3_A_I3E8H4	27.8	209	12	201	226	433	1.71e-15	68.2	240	783
012_12_RA18_GMCF3029a.sc__NODE_34112_length_1078_cov_1.143695_1	REF006_FI_Ktedonobacter_racemifer_DSM_44963_D6TQ73	26.4	208	12	197	231	434	2.32e-15	67.8	240	789
012_12_RA18_GMCF3029a.sc__NODE_34112_length_1078_cov_1.143695_1	REF013_FI_Capillimicrobium_parvum_A0A9E6Y1X1	24.2	211	10	197	228	434	1.90e-14	65.1	240	807
012_12_RA18_GMCF3029a.sc__NODE_35886_length_1055_cov_2.771000_2	REF065_OUT_Megalodesulfovibrio_gigas_Desulfovi_Q46509	38.8	152	5	151	6	157	4.54e-28	101	155	907
012_12_RA18_GMCF3029a.sc__NODE_35886_length_1055_cov_2.771000_2	REF063_OUT_Bos_taurus_Bovine__P80457	30.6	147	7	139	10	156	4.15e-16	67.4	155	1332
012_12_RA18_GMCF3029a.sc__NODE_36482_length_1047_cov_6.879032_1	REF066_OUT_Rhodobacter_capsulatus_Rhodopseudom_O54051	46.8	348	2	348	30	376	1.10e-98	302	348	777
012_12_RA18_GMCF3029a.sc__NODE_36482_length_1047_cov_6.879032_1	REF063_OUT_Bos_taurus_Bovine__P80457	39.3	338	12	347	610	945	3.46e-69	228	348	1332
012_12_RA18_GMCF3029a.sc__NODE_36482_length_1047_cov_6.879032_1	REF065_OUT_Megalodesulfovibrio_gigas_Desulfovi_Q46509	28.0	364	2	347	205	566	3.92e-35	129	348	907
012_12_RA18_GMCF3029a.sc__NODE_36482_length_1047_cov_6.879032_1	REF064_OUT_Escherichia_coli_strain_K12__Q46799	27.4	365	1	347	21	383	4.94e-32	119	348	752
012_12_RA18_GMCF3029a.sc__NODE_36482_length_1047_cov_6.879032_1	REF034_FII_Actinoallomurus_iriomotensis_A0A9W6W744	27.7	358	1	348	32	382	7.44e-31	116	348	751
012_12_RA18_GMCF3029a.sc__NODE_36666_length_1045_cov_2.825253_2	REF064_OUT_Escherichia_coli_strain_K12__Q46799	42.8	138	27	158	605	742	8.67e-33	115	173	752
012_12_RA18_GMCF3029a.sc__NODE_36666_length_1045_cov_2.825253_2	REF056_FII_Comamonas_aquatilis_A0ACE2T5A2	38.0	171	7	167	625	795	1.24e-30	109	173	795
012_12_RA18_GMCF3029a.sc__NODE_36666_length_1045_cov_2.825253_2	REF061_FII_Streptomyces_smaragdinus_A0A7K0CAR3	39.7	146	25	162	631	776	1.08e-29	107	173	791
012_12_RA18_GMCF3029a.sc__NODE_36666_length_1045_cov_2.825253_2	REF042_FII_Actinomadura_macrotermitis_A0A7K0C220	37.9	174	7	171	609	782	1.08e-29	107	173	798
012_12_RA18_GMCF3029a.sc__NODE_36666_length_1045_cov_2.825253_2	REF065_OUT_Megalodesulfovibrio_gigas_Desulfovi_Q46509	40.7	150	17	164	758	907	2.42e-28	103	173	907
012_12_RA18_GMCF3029a.sc__NODE_37686_length_1033_cov_2.882413_1	REF065_OUT_Megalodesulfovibrio_gigas_Desulfovi_Q46509	39.2	79	8	84	72	150	6.22e-13	62.4	344	907
012_12_RA18_GMCF3029a.sc__NODE_37686_length_1033_cov_2.882413_1	REF063_OUT_Bos_taurus_Bovine__P80457	30.8	130	9	132	85	214	6.79e-13	62.4	344	1332
012_12_RA18_GMCF3029a.sc__NODE_38025_length_1029_cov_3.596509_3	REF064_OUT_Escherichia_coli_strain_K12__Q46799	31.3	115	80	187	623	737	2.05e-11	55.1	199	752
012_12_RA18_GMCF3029a.sc__NODE_38087_length_1029_cov_1.727926_1	REF063_OUT_Bos_taurus_Bovine__P80457	40.4	344	1	343	579	921	2.21e-76	248	343	1332
012_12_RA18_GMCF3029a.sc__NODE_38087_length_1029_cov_1.727926_1	REF066_OUT_Rhodobacter_capsulatus_Rhodopseudom_O54051	38.7	336	7	341	15	349	4.24e-69	223	343	777
012_12_RA18_GMCF3029a.sc__NODE_38087_length_1029_cov_1.727926_1	REF064_OUT_Escherichia_coli_strain_K12__Q46799	31.0	365	2	343	3	359	6.84e-38	136	343	752
012_12_RA18_GMCF3029a.sc__NODE_38087_length_1029_cov_1.727926_1	REF065_OUT_Megalodesulfovibrio_gigas_Desulfovi_Q46509	28.3	357	8	343	189	542	6.80e-37	134	343	907
012_12_RA18_GMCF3029a.sc__NODE_38087_length_1029_cov_1.727926_1	REF035_FII_Ardenticatena_maritima_A0A0M8K8I5	28.5	368	8	343	21	378	4.58e-32	119	343	789
012_12_RA18_GMCF3029a.sc__NODE_39533_length_1013_cov_5.351775_1	REF063_OUT_Bos_taurus_Bovine__P80457	30.6	373	2	326	69	434	8.24e-49	168	337	1332
012_12_RA18_GMCF3029a.sc__NODE_39533_length_1013_cov_5.351775_1	REF065_OUT_Megalodesulfovibrio_gigas_Desulfovi_Q46509	36.1	97	1	96	55	148	1.39e-13	64.3	337	907
012_12_RA18_GMCF3029a.sc__NODE_41345_length_995_cov_2.422340_1	REF066_OUT_Rhodobacter_capsulatus_Rhodopseudom_O54051	48.3	389	1	331	333	721	1.92e-113	340	331	777
012_12_RA18_GMCF3029a.sc__NODE_41345_length_995_cov_2.422340_1	REF063_OUT_Bos_taurus_Bovine__P80457	37.8	368	1	322	903	1243	8.32e-64	211	331	1332
012_12_RA18_GMCF3029a.sc__NODE_41345_length_995_cov_2.422340_1	REF038_FII_Kyrpidia_spormannii_A0A2K8N8V7	24.1	369	1	315	354	713	1.52e-17	76.3	331	780
012_12_RA18_GMCF3029a.sc__NODE_41345_length_995_cov_2.422340_1	REF049_FII_Gandjariella_thermophila_A0A4D4J4W8	24.9	357	1	315	340	683	6.45e-17	74.3	331	752
012_12_RA18_GMCF3029a.sc__NODE_41345_length_995_cov_2.422340_1	REF039_FII_Luteitalea_pratensis_A0A143PSW7	24.9	370	1	315	366	720	1.58e-16	73.2	331	787
012_12_RA18_GMCF3029a.sc__NODE_41494_length_993_cov_3.847548_1	REF063_OUT_Bos_taurus_Bovine__P80457	30.5	370	5	326	26	389	1.26e-50	173	330	1332
012_12_RA18_GMCF3029a.sc__NODE_41494_length_993_cov_3.847548_1	REF065_OUT_Megalodesulfovibrio_gigas_Desulfovi_Q46509	35.7	143	6	140	19	148	1.44e-19	82.4	330	907
012_12_RA18_GMCF3029a.sc__NODE_42093_length_988_cov_1.807074_1	REF003_FI_Thermomicrobium_roseum_strain_ATCC__B9L450	34.6	312	1	300	489	780	3.90e-34	124	308	781
012_12_RA18_GMCF3029a.sc__NODE_42093_length_988_cov_1.807074_1	REF004_FI_Thermogemmatispora_tikiterensis_A0A328VRJ9	31.6	301	1	298	498	787	9.36e-32	117	308	791
012_12_RA18_GMCF3029a.sc__NODE_42093_length_988_cov_1.807074_1	REF021_FI_Pseudonocardia_autotrophica_Amycola_A0A1Y2N3L2	32.5	302	1	295	494	780	9.38e-32	117	308	794
012_12_RA18_GMCF3029a.sc__NODE_42093_length_988_cov_1.807074_1	REF017_FI_Meiothermus_granaticius_NBRC_107808_A0A399F476	31.4	303	1	298	506	795	1.27e-31	117	308	799
012_12_RA18_GMCF3029a.sc__NODE_42093_length_988_cov_1.807074_1	REF005_FI_Thermogemmatispora_aurantia_A0A5J4K876	31.6	301	1	298	498	787	1.72e-31	117	308	791
012_12_RA18_GMCF3029a.sc__NODE_42534_length_984_cov_2.030140_1	REF065_OUT_Megalodesulfovibrio_gigas_Desulfovi_Q46509	50.6	89	2	89	35	122	2.09e-26	94.0	91	907
012_12_RA18_GMCF3029a.sc__NODE_42534_length_984_cov_2.030140_1	REF063_OUT_Bos_taurus_Bovine__P80457	36.7	98	2	89	38	135	2.45e-17	68.2	91	1332
012_12_RA18_GMCF3029a.sc__NODE_44345_length_967_cov_2.605263_1	REF035_FII_Ardenticatena_maritima_A0A0M8K8I5	24.1	316	49	319	7	318	7.81e-17	73.9	322	789
012_12_RA18_GMCF3029a.sc__NODE_44345_length_967_cov_2.605263_1	REF050_FII_Blastochloris_viridis_Rhodopseudomo_A0A0H5BCZ6	33.6	125	198	320	200	321	1.45e-15	70.1	322	788
012_12_RA18_GMCF3029a.sc__NODE_44345_length_967_cov_2.605263_1	REF058_FII_Cupriavidus_laharis_A0ABM8XSX1	25.8	306	64	319	26	323	8.33e-15	67.8	322	791
012_12_RA18_GMCF3029a.sc__NODE_44345_length_967_cov_2.605263_1	REF038_FII_Kyrpidia_spormannii_A0A2K8N8V7	24.4	270	62	289	17	282	6.37e-12	58.9	322	780
012_12_RA18_GMCF3029a.sc__NODE_44345_length_967_cov_2.605263_1	REF044_FII_Sulfoacidibacillus_ferrooxidans_A0A9X1V6V7	24.1	303	62	320	17	313	6.38e-12	58.9	322	784
012_12_RA18_GMCF3029a.sc__NODE_44741_length_964_cov_1.995600_2	REF065_OUT_Megalodesulfovibrio_gigas_Desulfovi_Q46509	37.7	106	6	109	6	111	1.28e-19	75.5	109	907
012_12_RA18_GMCF3029a.sc__NODE_44741_length_964_cov_1.995600_2	REF063_OUT_Bos_taurus_Bovine__P80457	37.4	107	14	108	17	123	1.02e-17	70.1	109	1332
012_12_RA18_GMCF3029a.sc__NODE_45102_length_961_cov_1.683223_1	REF037_FII_Fibrella_aestuarina_BUZ_2_I0KFJ2	64.3	300	3	300	10	308	3.54e-141	410	301	796
012_12_RA18_GMCF3029a.sc__NODE_45102_length_961_cov_1.683223_1	REF035_FII_Ardenticatena_maritima_A0A0M8K8I5	57.9	302	2	301	5	300	3.07e-121	359	301	789
012_12_RA18_GMCF3029a.sc__NODE_45102_length_961_cov_1.683223_1	REF062_FII_Falsiruegeria_litorea_R37_A0A1Y5S8H3	57.9	297	5	300	7	302	8.19e-121	358	301	787
012_12_RA18_GMCF3029a.sc__NODE_45102_length_961_cov_1.683223_1	REF033_FII_Acidiphilium_multivorum_strain_DSM__F0J165	58.1	298	5	301	14	310	6.35e-120	356	301	801
012_12_RA18_GMCF3029a.sc__NODE_45102_length_961_cov_1.683223_1	REF060_FII_Donghicola_eburneus_A0A1M4N221	56.6	297	5	300	7	302	6.19e-117	348	301	788
012_12_RA18_GMCF3029a.sc__NODE_45706_length_956_cov_1.642619_2	REF066_OUT_Rhodobacter_capsulatus_Rhodopseudom_O54051	66.5	167	1	167	160	325	2.28e-77	238	172	777
012_12_RA18_GMCF3029a.sc__NODE_45706_length_956_cov_1.642619_2	REF063_OUT_Bos_taurus_Bovine__P80457	40.0	165	4	167	731	895	1.80e-37	129	172	1332
012_12_RA18_GMCF3029a.sc__NODE_45706_length_956_cov_1.642619_2	REF064_OUT_Escherichia_coli_strain_K12__Q46799	25.0	140	1	140	168	306	8.33e-12	55.5	172	752
012_12_RA18_GMCF3029a.sc__NODE_46193_length_951_cov_5.856027_2	REF036_FII_Calidithermus_roseus_A0A399EKG8	31.5	130	17	139	625	753	1.52e-13	59.7	148	764
012_12_RA18_GMCF3029a.sc__NODE_46193_length_951_cov_5.856027_2	REF050_FII_Blastochloris_viridis_Rhodopseudomo_A0A0H5BCZ6	30.3	132	17	140	642	773	4.50e-12	55.5	148	788
012_12_RA18_GMCF3029a.sc__NODE_46193_length_951_cov_5.856027_2	REF039_FII_Luteitalea_pratensis_A0A143PSW7	29.5	112	19	127	647	758	3.86e-11	52.8	148	787
012_12_RA18_GMCF3029a.sc__NODE_46193_length_951_cov_5.856027_2	REF064_OUT_Escherichia_coli_strain_K12__Q46799	30.4	115	29	136	623	737	5.23e-11	52.4	148	752
012_12_RA18_GMCF3029a.sc__NODE_47277_length_943_cov_1.777027_1	REF034_FII_Actinoallomurus_iriomotensis_A0A9W6W744	40.8	71	1	68	681	751	3.99e-13	56.6	101	751
012_12_RA18_GMCF3029a.sc__NODE_47277_length_943_cov_1.777027_1	REF064_OUT_Escherichia_coli_strain_K12__Q46799	35.9	64	1	64	686	749	3.13e-11	51.2	101	752
012_12_RA18_GMCF3029a.sc__NODE_47277_length_943_cov_1.777027_1	REF049_FII_Gandjariella_thermophila_A0A4D4J4W8	37.3	67	1	64	682	748	5.84e-11	50.4	101	752
012_12_RA18_GMCF3029a.sc__NODE_47277_length_943_cov_1.777027_1	REF036_FII_Calidithermus_roseus_A0A399EKG8	48.0	50	17	66	715	764	5.85e-11	50.4	101	764
012_12_RA18_GMCF3029a.sc__NODE_47277_length_943_cov_1.777027_1	REF065_OUT_Megalodesulfovibrio_gigas_Desulfovi_Q46509	42.4	59	3	61	847	905	5.91e-11	50.4	101	907
012_12_RA18_GMCF3029a.sc__NODE_47772_length_939_cov_2.188914_2	REF065_OUT_Megalodesulfovibrio_gigas_Desulfovi_Q46509	43.8	64	4	67	6	69	3.51e-14	58.2	70	907
012_12_RA18_GMCF3029a.sc__NODE_47942_length_938_cov_1.259343_1	REF066_OUT_Rhodobacter_capsulatus_Rhodopseudom_O54051	54.0	200	1	186	340	539	1.78e-64	206	221	777
012_12_RA18_GMCF3029a.sc__NODE_47942_length_938_cov_1.259343_1	REF063_OUT_Bos_taurus_Bovine__P80457	44.1	186	1	186	910	1089	3.71e-39	136	221	1332
012_12_RA18_GMCF3029a.sc__NODE_47942_length_938_cov_1.259343_1	REF049_FII_Gandjariella_thermophila_A0A4D4J4W8	32.1	184	1	184	347	524	7.95e-19	77.4	221	752
012_12_RA18_GMCF3029a.sc__NODE_47942_length_938_cov_1.259343_1	REF046_FII_Amycolatopsis_bartoniae_A0A8H9IQQ2	27.6	192	1	192	347	532	2.34e-14	64.3	221	752
012_12_RA18_GMCF3029a.sc__NODE_47942_length_938_cov_1.259343_1	REF042_FII_Actinomadura_macrotermitis_A0A7K0C220	30.3	175	1	166	357	528	3.20e-14	63.9	221	798
012_12_RA18_GMCF3029a.sc__NODE_48392_length_934_cov_2.564278_2	REF065_OUT_Megalodesulfovibrio_gigas_Desulfovi_Q46509	39.9	158	1	155	1	157	7.59e-30	107	162	907
012_12_RA18_GMCF3029a.sc__NODE_48392_length_934_cov_2.564278_2	REF063_OUT_Bos_taurus_Bovine__P80457	39.6	164	8	160	10	173	2.37e-28	102	162	1332
012_12_RA18_GMCF3029a.sc__NODE_48481_length_933_cov_8.003417_1	REF063_OUT_Bos_taurus_Bovine__P80457	43.5	168	14	179	8	158	1.19e-38	135	248	1332
012_12_RA18_GMCF3029a.sc__NODE_48481_length_933_cov_8.003417_1	REF065_OUT_Megalodesulfovibrio_gigas_Desulfovi_Q46509	34.5	148	36	180	27	148	1.00e-24	95.5	248	907
012_12_RA18_GMCF3029a.sc__NODE_48821_length_931_cov_2.893836_2	REF063_OUT_Bos_taurus_Bovine__P80457	44.2	154	27	170	5	158	4.43e-36	127	221	1332
012_12_RA18_GMCF3029a.sc__NODE_48821_length_931_cov_2.893836_2	REF065_OUT_Megalodesulfovibrio_gigas_Desulfovi_Q46509	39.4	137	42	171	17	148	3.11e-26	99.0	221	907
012_12_RA18_GMCF3029a.sc__NODE_51052_length_913_cov_4.756410_1	REF063_OUT_Bos_taurus_Bovine__P80457	44.5	155	15	167	8	158	2.12e-42	145	219	1332
012_12_RA18_GMCF3029a.sc__NODE_51052_length_913_cov_4.756410_1	REF065_OUT_Megalodesulfovibrio_gigas_Desulfovi_Q46509	40.3	139	35	168	25	148	4.64e-25	95.5	219	907
012_12_RA18_GMCF3029a.sc__NODE_51835_length_908_cov_2.007034_1	REF065_OUT_Megalodesulfovibrio_gigas_Desulfovi_Q46509	39.9	148	3	147	6	153	4.22e-30	107	154	907
012_12_RA18_GMCF3029a.sc__NODE_51835_length_908_cov_2.007034_1	REF063_OUT_Bos_taurus_Bovine__P80457	37.0	146	13	147	19	164	3.47e-26	96.3	154	1332
012_12_RA18_GMCF3029a.sc__NODE_52054_length_906_cov_3.336075_1	REF065_OUT_Megalodesulfovibrio_gigas_Desulfovi_Q46509	39.8	103	6	103	52	154	1.11e-20	78.6	110	907
012_12_RA18_GMCF3029a.sc__NODE_52054_length_906_cov_3.336075_1	REF063_OUT_Bos_taurus_Bovine__P80457	40.2	82	25	105	85	166	4.42e-16	65.5	110	1332
012_12_RA18_GMCF3029a.sc__NODE_52711_length_901_cov_9.893617_2	REF066_OUT_Rhodobacter_capsulatus_Rhodopseudom_O54051	55.6	241	1	241	532	770	5.15e-88	270	251	777
012_12_RA18_GMCF3029a.sc__NODE_52711_length_901_cov_9.893617_2	REF063_OUT_Bos_taurus_Bovine__P80457	43.9	246	3	242	1084	1310	4.69e-55	183	251	1332
012_12_RA18_GMCF3029a.sc__NODE_52711_length_901_cov_9.893617_2	REF035_FII_Ardenticatena_maritima_A0A0M8K8I5	28.0	257	2	245	550	785	8.66e-19	78.2	251	789
012_12_RA18_GMCF3029a.sc__NODE_52711_length_901_cov_9.893617_2	REF041_FII_Actibacterium_lipolyticum_A0A238JRA4	37.0	81	94	174	615	695	6.00e-13	60.8	251	765
012_12_RA18_GMCF3029a.sc__NODE_53921_length_893_cov_3.545346_2	REF064_OUT_Escherichia_coli_strain_K12__Q46799	31.4	118	11	121	621	738	1.38e-12	56.2	129	752
012_12_RA18_GMCF3029a.sc__NODE_54885_length_887_cov_2.342548_1	REF063_OUT_Bos_taurus_Bovine__P80457	25.8	353	2	295	14	365	3.02e-30	113	295	1332
012_12_RA18_GMCF3029a.sc__NODE_54885_length_887_cov_2.342548_1	REF065_OUT_Megalodesulfovibrio_gigas_Desulfovi_Q46509	32.5	154	14	164	23	167	1.64e-21	87.4	295	907
012_12_RA18_GMCF3029a.sc__NODE_56639_length_876_cov_1.556638_1	REF043_FII_Deinococcus_aluminii_A0ABP9XBM4	36.1	288	5	291	455	739	3.91e-52	175	292	796
012_12_RA18_GMCF3029a.sc__NODE_56639_length_876_cov_1.556638_1	REF035_FII_Ardenticatena_maritima_A0A0M8K8I5	34.9	292	1	291	451	739	5.15e-52	175	292	789
012_12_RA18_GMCF3029a.sc__NODE_56639_length_876_cov_1.556638_1	REF061_FII_Streptomyces_smaragdinus_A0A7K0CAR3	37.8	296	2	291	447	734	5.22e-52	175	292	791
012_12_RA18_GMCF3029a.sc__NODE_56639_length_876_cov_1.556638_1	REF044_FII_Sulfoacidibacillus_ferrooxidans_A0A9X1V6V7	38.1	294	1	291	445	735	1.78e-51	173	292	784
012_12_RA18_GMCF3029a.sc__NODE_56639_length_876_cov_1.556638_1	REF038_FII_Kyrpidia_spormannii_A0A2K8N8V7	36.0	292	1	291	445	733	3.83e-49	167	292	780
012_12_RA18_GMCF3029a.sc__NODE_56831_length_874_cov_20.565324_2	REF063_OUT_Bos_taurus_Bovine__P80457	45.8	120	15	132	8	127	2.18e-32	114	153	1332
012_12_RA18_GMCF3029a.sc__NODE_56831_length_874_cov_20.565324_2	REF065_OUT_Megalodesulfovibrio_gigas_Desulfovi_Q46509	40.0	95	35	128	25	110	1.49e-16	68.6	153	907
012_12_RA18_GMCF3029a.sc__NODE_57023_length_873_cov_3.146699_1	REF066_OUT_Rhodobacter_capsulatus_Rhodopseudom_O54051	60.2	236	1	236	1	235	6.73e-91	277	236	777
012_12_RA18_GMCF3029a.sc__NODE_57023_length_873_cov_3.146699_1	REF063_OUT_Bos_taurus_Bovine__P80457	36.6	235	2	235	572	804	2.78e-40	140	236	1332
012_12_RA18_GMCF3029a.sc__NODE_57023_length_873_cov_3.146699_1	REF049_FII_Gandjariella_thermophila_A0A4D4J4W8	29.5	224	16	232	17	238	6.51e-21	84.0	236	752
012_12_RA18_GMCF3029a.sc__NODE_57023_length_873_cov_3.146699_1	REF034_FII_Actinoallomurus_iriomotensis_A0A9W6W744	30.3	221	20	232	21	238	2.97e-20	82.0	236	751
012_12_RA18_GMCF3029a.sc__NODE_57023_length_873_cov_3.146699_1	REF042_FII_Actinomadura_macrotermitis_A0A7K0C220	29.7	236	16	232	17	248	3.02e-20	82.0	236	798
012_12_RA18_GMCF3029a.sc__NODE_57269_length_872_cov_1.973072_1	REF063_OUT_Bos_taurus_Bovine__P80457	42.4	59	1	59	6	63	5.74e-11	48.9	67	1332
012_12_RA18_GMCF3029a.sc__NODE_58829_length_863_cov_1.756188_1	REF059_FII_Streptomonospora_litoralis_A0A4P6PZM8	28.7	143	79	220	175	317	3.28e-12	59.3	287	800
012_12_RA18_GMCF3029a.sc__NODE_59554_length_859_cov_1.410448_1	REF066_OUT_Rhodobacter_capsulatus_Rhodopseudom_O54051	61.6	203	1	203	1	202	3.31e-81	250	203	777
012_12_RA18_GMCF3029a.sc__NODE_59554_length_859_cov_1.410448_1	REF063_OUT_Bos_taurus_Bovine__P80457	31.1	196	5	199	575	768	2.66e-24	92.8	203	1332
012_12_RA18_GMCF3029a.sc__NODE_59554_length_859_cov_1.410448_1	REF049_FII_Gandjariella_thermophila_A0A4D4J4W8	31.2	125	22	142	23	143	6.38e-15	65.5	203	752
012_12_RA18_GMCF3029a.sc__NODE_59554_length_859_cov_1.410448_1	REF064_OUT_Escherichia_coli_strain_K12__Q46799	26.7	202	16	200	9	208	6.38e-15	65.5	203	752
012_12_RA18_GMCF3029a.sc__NODE_59554_length_859_cov_1.410448_1	REF038_FII_Kyrpidia_spormannii_A0A2K8N8V7	32.3	133	13	133	15	144	7.26e-14	62.4	203	780
012_12_RA18_GMCF3029a.sc__NODE_59683_length_858_cov_1.937733_2	REF064_OUT_Escherichia_coli_strain_K12__Q46799	32.1	106	7	105	636	741	7.02e-15	62.0	110	752
012_12_RA18_GMCF3029a.sc__NODE_59683_length_858_cov_1.937733_2	REF023_FI_Rhodococcus_gordoniae_A0A379LVU4	33.7	92	6	91	676	767	4.27e-11	51.2	110	797
012_12_RA18_GMCF3029a.sc__NODE_60226_length_855_cov_1.660000_1	REF066_OUT_Rhodobacter_capsulatus_Rhodopseudom_O54051	43.5	271	16	284	433	699	3.24e-65	211	285	777
012_12_RA18_GMCF3029a.sc__NODE_60226_length_855_cov_1.660000_1	REF063_OUT_Bos_taurus_Bovine__P80457	41.0	273	12	284	979	1230	2.66e-56	188	285	1332
012_12_RA18_GMCF3029a.sc__NODE_60226_length_855_cov_1.660000_1	REF044_FII_Sulfoacidibacillus_ferrooxidans_A0A9X1V6V7	30.5	236	54	284	482	709	5.74e-21	85.5	285	784
012_12_RA18_GMCF3029a.sc__NODE_60226_length_855_cov_1.660000_1	REF035_FII_Ardenticatena_maritima_A0A0M8K8I5	28.0	236	52	284	486	713	2.81e-19	80.5	285	789
012_12_RA18_GMCF3029a.sc__NODE_60226_length_855_cov_1.660000_1	REF048_FII_Ascidiaceihabitans_donghaensis_A0A2R8BD61	25.8	233	52	284	487	714	5.11e-19	79.7	285	788
012_12_RA18_GMCF3029a.sc__NODE_61213_length_849_cov_2.204030_1	REF059_FII_Streptomonospora_litoralis_A0A4P6PZM8	47.6	288	1	282	31	310	3.77e-74	235	282	800
012_12_RA18_GMCF3029a.sc__NODE_61213_length_849_cov_2.204030_1	REF061_FII_Streptomyces_smaragdinus_A0A7K0CAR3	46.1	282	1	281	23	299	4.63e-74	234	282	791
012_12_RA18_GMCF3029a.sc__NODE_61213_length_849_cov_2.204030_1	REF042_FII_Actinomadura_macrotermitis_A0A7K0C220	44.5	283	1	282	22	297	1.40e-72	231	282	798
012_12_RA18_GMCF3029a.sc__NODE_61213_length_849_cov_2.204030_1	REF057_FII_Rhodococcus_coprophilus_A0A2X4U3L5	41.8	285	1	281	31	310	5.92e-67	216	282	808
012_12_RA18_GMCF3029a.sc__NODE_61213_length_849_cov_2.204030_1	REF053_FII_Nocardioides_aquaticus_A0ABX8EDS7	42.2	289	1	282	32	315	1.35e-64	209	282	828
012_12_RA18_GMCF3029a.sc__NODE_62982_length_839_cov_2.475765_1	REF066_OUT_Rhodobacter_capsulatus_Rhodopseudom_O54051	56.3	208	53	260	565	770	9.37e-74	233	270	777
012_12_RA18_GMCF3029a.sc__NODE_62982_length_839_cov_2.475765_1	REF063_OUT_Bos_taurus_Bovine__P80457	50.7	205	69	266	1112	1315	5.64e-54	181	270	1332
012_12_RA18_GMCF3029a.sc__NODE_62982_length_839_cov_2.475765_1	REF035_FII_Ardenticatena_maritima_A0A0M8K8I5	31.4	159	108	264	634	785	1.12e-16	72.4	270	789
012_12_RA18_GMCF3029a.sc__NODE_62982_length_839_cov_2.475765_1	REF052_FII_Bradyrhizobium_ivorense_A0A508SVN1	31.3	214	53	260	582	777	3.97e-15	67.8	270	779
012_12_RA18_GMCF3029a.sc__NODE_62982_length_839_cov_2.475765_1	REF041_FII_Actibacterium_lipolyticum_A0A238JRA4	28.0	157	113	268	615	765	1.02e-13	63.5	270	765
012_12_RA18_GMCF3029a.sc__NODE_63963_length_834_cov_2.084724_1	REF063_OUT_Bos_taurus_Bovine__P80457	26.6	188	13	160	128	315	2.38e-13	59.7	162	1332
012_12_RA18_GMCF3029a.sc__NODE_63963_length_834_cov_2.084724_2	REF063_OUT_Bos_taurus_Bovine__P80457	35.1	74	5	77	337	410	8.17e-12	52.4	89	1332
012_12_RA18_GMCF3029a.sc__NODE_64655_length_831_cov_1.216495_1	REF065_OUT_Megalodesulfovibrio_gigas_Desulfovi_Q46509	47.2	127	1	124	1	126	5.75e-29	107	226	907
012_12_RA18_GMCF3029a.sc__NODE_64655_length_831_cov_1.216495_1	REF063_OUT_Bos_taurus_Bovine__P80457	36.5	137	8	131	10	146	5.67e-21	84.0	226	1332
012_12_RA18_GMCF3029a.sc__NODE_67345_length_818_cov_1.228047_1	REF065_OUT_Megalodesulfovibrio_gigas_Desulfovi_Q46509	38.0	71	9	78	8	78	2.52e-12	53.5	83	907
012_12_RA18_GMCF3029a.sc__NODE_68077_length_814_cov_2.552042_2	REF065_OUT_Megalodesulfovibrio_gigas_Desulfovi_Q46509	40.8	76	6	80	6	81	8.73e-15	61.6	107	907
012_12_RA18_GMCF3029a.sc__NODE_68077_length_814_cov_2.552042_2	REF063_OUT_Bos_taurus_Bovine__P80457	41.5	82	8	78	10	91	2.73e-13	57.4	107	1332
012_12_RA18_GMCF3029a.sc__NODE_69407_length_808_cov_2.387782_1	REF066_OUT_Rhodobacter_capsulatus_Rhodopseudom_O54051	47.3	131	4	134	3	133	1.38e-31	110	137	777
012_12_RA18_GMCF3029a.sc__NODE_69407_length_808_cov_2.387782_1	REF025_FI_Phaeobacter_gallaeciensis_A0A1B0ZWG3	42.6	108	19	123	32	138	2.34e-14	61.6	137	804
012_12_RA18_GMCF3029a.sc__NODE_69407_length_808_cov_2.387782_1	REF031_FI_Ruegeria_arenilitoris_A0A238KMA5	36.6	123	4	123	18	139	9.56e-13	57.0	137	805
012_12_RA18_GMCF3029a.sc__NODE_69407_length_808_cov_2.387782_1	REF036_FII_Calidithermus_roseus_A0A399EKG8	36.4	110	17	121	27	135	1.29e-12	56.6	137	764
012_12_RA18_GMCF3029a.sc__NODE_69407_length_808_cov_2.387782_1	REF034_FII_Actinoallomurus_iriomotensis_A0A9W6W744	32.0	125	1	123	1	123	1.76e-12	56.2	137	751
012_12_RA18_GMCF3029a.sc__NODE_69458_length_808_cov_1.889774_1	REF066_OUT_Rhodobacter_capsulatus_Rhodopseudom_O54051	52.8	163	24	186	2	164	3.95e-50	165	186	777
012_12_RA18_GMCF3029a.sc__NODE_69458_length_808_cov_1.889774_1	REF063_OUT_Bos_taurus_Bovine__P80457	35.0	137	25	161	573	708	2.97e-18	74.7	186	1332
012_12_RA18_GMCF3029a.sc__NODE_69458_length_808_cov_1.889774_1	REF049_FII_Gandjariella_thermophila_A0A4D4J4W8	34.1	129	38	164	17	143	1.73e-17	72.4	186	752
012_12_RA18_GMCF3029a.sc__NODE_69458_length_808_cov_1.889774_1	REF045_FII_Albidovulum_aquaemixtae_A0A2R8B4Q9	34.1	138	38	163	20	156	5.92e-17	70.9	186	788
012_12_RA18_GMCF3029a.sc__NODE_69458_length_808_cov_1.889774_1	REF042_FII_Actinomadura_macrotermitis_A0A7K0C220	32.9	146	25	159	4	146	1.09e-16	70.1	186	798
012_12_RA18_GMCF3029a.sc__NODE_71380_length_799_cov_2.391129_1	REF063_OUT_Bos_taurus_Bovine__P80457	25.6	211	54	248	250	460	9.40e-16	69.7	266	1332
012_12_RA18_GMCF3029a.sc__NODE_71739_length_797_cov_3.505391_2	REF047_FII_Meiothermus_granaticius_NBRC_107808_A0A399F9R8	27.2	125	5	123	631	754	1.82e-11	53.5	143	789
012_12_RA18_GMCF3029a.sc__NODE_71739_length_797_cov_3.505391_2	REF043_FII_Deinococcus_aluminii_A0ABP9XBM4	27.2	125	5	123	634	757	4.59e-11	52.4	143	796
012_12_RA18_GMCF3029a.sc__NODE_71739_length_797_cov_3.505391_2	REF018_FI_Bradyrhizobium_cosmicum_A0AAI8QEB8	29.0	138	6	134	653	789	8.50e-11	51.6	143	806
012_12_RA18_GMCF3029a.sc__NODE_72562_length_794_cov_1.698241_2	REF066_OUT_Rhodobacter_capsulatus_Rhodopseudom_O54051	55.8	95	1	95	678	770	1.11e-29	103	105	777
012_12_RA18_GMCF3029a.sc__NODE_72562_length_794_cov_1.698241_2	REF063_OUT_Bos_taurus_Bovine__P80457	49.0	100	1	94	1209	1308	2.70e-26	94.4	105	1332
012_12_RA18_GMCF3029a.sc__NODE_73898_length_788_cov_2.514325_1	REF065_OUT_Megalodesulfovibrio_gigas_Desulfovi_Q46509	40.4	151	5	151	6	156	1.90e-33	117	155	907
012_12_RA18_GMCF3029a.sc__NODE_73898_length_788_cov_2.514325_1	REF063_OUT_Bos_taurus_Bovine__P80457	34.4	163	1	150	4	166	5.06e-24	90.1	155	1332
012_12_RA18_GMCF3029a.sc__NODE_74018_length_788_cov_1.354707_1	REF066_OUT_Rhodobacter_capsulatus_Rhodopseudom_O54051	50.8	63	1	63	714	774	7.68e-14	58.2	90	777
012_12_RA18_GMCF3029a.sc__NODE_74518_length_785_cov_3.586301_1	REF066_OUT_Rhodobacter_capsulatus_Rhodopseudom_O54051	43.4	279	1	261	346	616	1.99e-67	216	261	777
012_12_RA18_GMCF3029a.sc__NODE_74518_length_785_cov_3.586301_1	REF063_OUT_Bos_taurus_Bovine__P80457	36.4	261	1	261	916	1147	1.78e-42	147	261	1332
012_12_RA18_GMCF3029a.sc__NODE_75233_length_782_cov_4.561210_1	REF063_OUT_Bos_taurus_Bovine__P80457	27.4	321	1	252	100	410	1.22e-23	92.8	260	1332
012_12_RA18_GMCF3029a.sc__NODE_75734_length_780_cov_4.889655_1	REF064_OUT_Escherichia_coli_strain_K12__Q46799	25.8	271	17	244	2	269	2.61e-14	65.1	259	752
012_12_RA18_GMCF3029a.sc__NODE_75734_length_780_cov_4.889655_1	REF038_FII_Kyrpidia_spormannii_A0A2K8N8V7	24.1	278	11	245	5	281	2.23e-12	59.3	259	780
012_12_RA18_GMCF3029a.sc__NODE_78094_length_770_cov_4.843357_2	REF065_OUT_Megalodesulfovibrio_gigas_Desulfovi_Q46509	39.1	115	52	162	39	153	1.16e-22	86.7	167	907
012_12_RA18_GMCF3029a.sc__NODE_78094_length_770_cov_4.843357_2	REF063_OUT_Bos_taurus_Bovine__P80457	34.9	146	24	154	11	156	1.21e-22	86.7	167	1332
012_12_RA18_GMCF3029a.sc__NODE_78569_length_769_cov_1.480392_1	REF065_OUT_Megalodesulfovibrio_gigas_Desulfovi_Q46509	40.4	99	13	107	57	155	9.05e-21	79.0	113	907
012_12_RA18_GMCF3029a.sc__NODE_78916_length_767_cov_3.176966_2	REF041_FII_Actibacterium_lipolyticum_A0A238JRA4	43.5	69	3	70	56	124	3.55e-12	53.1	84	765
012_12_RA18_GMCF3029a.sc__NODE_79587_length_765_cov_1.649296_1	REF065_OUT_Megalodesulfovibrio_gigas_Desulfovi_Q46509	43.9	123	3	123	6	128	5.10e-30	105	125	907
012_12_RA18_GMCF3029a.sc__NODE_79587_length_765_cov_1.649296_1	REF063_OUT_Bos_taurus_Bovine__P80457	36.4	132	5	123	10	141	1.43e-20	79.0	125	1332
012_12_RA18_GMCF3029a.sc__NODE_79709_length_764_cov_2.882934_1	REF057_FII_Rhodococcus_coprophilus_A0A2X4U3L5	30.3	155	85	236	181	334	3.96e-11	55.5	254	808
012_12_RA18_GMCF3029a.sc__NODE_81391_length_758_cov_2.015647_1	REF063_OUT_Bos_taurus_Bovine__P80457	35.8	95	1	93	72	166	6.80e-19	72.8	95	1332
012_12_RA18_GMCF3029a.sc__NODE_81391_length_758_cov_2.015647_1	REF065_OUT_Megalodesulfovibrio_gigas_Desulfovi_Q46509	41.2	85	10	91	69	153	1.25e-18	72.0	95	907
012_12_RA18_GMCF3029a.sc__NODE_81463_length_758_cov_1.467994_1	REF065_OUT_Megalodesulfovibrio_gigas_Desulfovi_Q46509	45.3	53	7	59	6	58	2.06e-13	56.2	75	907
012_12_RA18_GMCF3029a.sc__NODE_83862_length_749_cov_2.112392_1	REF003_FI_Thermomicrobium_roseum_strain_ATCC__B9L450	33.7	169	81	232	587	749	5.84e-13	60.8	249	781
012_12_RA18_GMCF3029a.sc__NODE_83862_length_749_cov_2.112392_1	REF064_OUT_Escherichia_coli_strain_K12__Q46799	33.6	116	137	245	622	737	1.05e-12	60.1	249	752
012_12_RA18_GMCF3029a.sc__NODE_83862_length_749_cov_2.112392_1	REF004_FI_Thermogemmatispora_tikiterensis_A0A328VRJ9	29.0	259	20	245	522	774	4.65e-12	58.2	249	791
012_12_RA18_GMCF3029a.sc__NODE_83862_length_749_cov_2.112392_1	REF005_FI_Thermogemmatispora_aurantia_A0A5J4K876	28.6	259	20	245	522	774	2.03e-11	56.2	249	791
012_12_RA18_GMCF3029a.sc__NODE_83862_length_749_cov_2.112392_1	REF038_FII_Kyrpidia_spormannii_A0A2K8N8V7	36.2	105	135	232	647	750	2.72e-11	55.8	249	780
012_12_RA18_GMCF3029a.sc__NODE_84142_length_748_cov_1.917749_1	REF065_OUT_Megalodesulfovibrio_gigas_Desulfovi_Q46509	51.1	45	5	49	6	50	6.11e-13	53.5	49	907
012_12_RA18_GMCF3029a.sc__NODE_86302_length_740_cov_5.145985_1	REF065_OUT_Megalodesulfovibrio_gigas_Desulfovi_Q46509	42.3	149	3	146	6	154	2.75e-34	119	153	907
012_12_RA18_GMCF3029a.sc__NODE_86302_length_740_cov_5.145985_1	REF063_OUT_Bos_taurus_Bovine__P80457	36.3	157	5	148	10	166	2.14e-25	94.0	153	1332
012_12_RA18_GMCF3029a.sc__NODE_87312_length_737_cov_2.359238_1	REF044_FII_Sulfoacidibacillus_ferrooxidans_A0A9X1V6V7	32.4	216	12	217	83	295	1.93e-20	82.0	218	784
012_12_RA18_GMCF3029a.sc__NODE_87312_length_737_cov_2.359238_1	REF059_FII_Streptomonospora_litoralis_A0A4P6PZM8	29.9	211	17	217	100	305	6.57e-20	80.5	218	800
012_12_RA18_GMCF3029a.sc__NODE_87312_length_737_cov_2.359238_1	REF036_FII_Calidithermus_roseus_A0A399EKG8	28.8	205	16	217	96	299	1.20e-19	79.7	218	764
012_12_RA18_GMCF3029a.sc__NODE_87312_length_737_cov_2.359238_1	REF063_OUT_Bos_taurus_Bovine__P80457	27.4	212	5	212	642	841	2.75e-18	75.9	218	1332
012_12_RA18_GMCF3029a.sc__NODE_87312_length_737_cov_2.359238_1	REF065_OUT_Megalodesulfovibrio_gigas_Desulfovi_Q46509	27.0	204	17	217	266	467	1.19e-17	73.9	218	907
012_12_RA18_GMCF3029a.sc__NODE_89757_length_729_cov_1.758160_1	REF063_OUT_Bos_taurus_Bovine__P80457	43.7	151	2	141	8	158	1.39e-32	118	243	1332
012_12_RA18_GMCF3029a.sc__NODE_89757_length_729_cov_1.758160_1	REF065_OUT_Megalodesulfovibrio_gigas_Desulfovi_Q46509	42.8	152	4	147	8	153	3.64e-27	102	243	907
012_12_RA18_GMCF3029a.sc__NODE_91114_length_725_cov_1.049254_2	REF063_OUT_Bos_taurus_Bovine__P80457	42.2	83	7	86	8	89	2.32e-12	55.1	115	1332
012_12_RA18_GMCF3029a.sc__NODE_92777_length_719_cov_4.204819_1	REF041_FII_Actibacterium_lipolyticum_A0A238JRA4	38.5	156	26	178	608	763	4.22e-33	117	179	765
012_12_RA18_GMCF3029a.sc__NODE_92777_length_719_cov_4.204819_1	REF042_FII_Actinomadura_macrotermitis_A0A7K0C220	43.2	146	34	176	632	777	3.72e-32	114	179	798
012_12_RA18_GMCF3029a.sc__NODE_92777_length_719_cov_4.204819_1	REF044_FII_Sulfoacidibacillus_ferrooxidans_A0A9X1V6V7	39.6	159	19	174	621	779	9.36e-32	113	179	784
012_12_RA18_GMCF3029a.sc__NODE_92777_length_719_cov_4.204819_1	REF038_FII_Kyrpidia_spormannii_A0A2K8N8V7	41.7	144	32	172	632	775	3.22e-31	111	179	780
012_12_RA18_GMCF3029a.sc__NODE_92777_length_719_cov_4.204819_1	REF057_FII_Rhodococcus_coprophilus_A0A2X4U3L5	39.5	157	25	178	636	792	4.42e-31	111	179	808
012_12_RA18_GMCF3029a.sc__NODE_94166_length_715_cov_2.910606_1	REF041_FII_Actibacterium_lipolyticum_A0A238JRA4	71.4	63	1	63	702	764	1.50e-27	95.9	65	765
012_12_RA18_GMCF3029a.sc__NODE_94166_length_715_cov_2.910606_1	REF043_FII_Deinococcus_aluminii_A0ABP9XBM4	54.5	55	4	57	729	783	1.40e-16	64.7	65	796
012_12_RA18_GMCF3029a.sc__NODE_94166_length_715_cov_2.910606_1	REF002_FI_Mycolicibacterium_smegmatis_strain__A0QQG4	57.9	57	4	60	739	795	1.91e-16	64.3	65	799
012_12_RA18_GMCF3029a.sc__NODE_94166_length_715_cov_2.910606_1	REF046_FII_Amycolatopsis_bartoniae_A0A8H9IQQ2	54.2	59	4	62	693	751	4.88e-16	63.2	65	752
012_12_RA18_GMCF3029a.sc__NODE_94166_length_715_cov_2.910606_1	REF055_FII_Pseudonocardia_asaccharolytica_DSM__A0A511CWW9	54.1	61	4	64	697	757	6.67e-16	62.8	65	757
012_12_RA18_GMCF3029a.sc__NODE_95667_length_711_cov_1.984756_1	REF063_OUT_Bos_taurus_Bovine__P80457	26.9	197	2	194	325	521	5.89e-22	86.7	221	1332
012_12_RA18_GMCF3029a.sc__NODE_96972_length_707_cov_2.207055_2	REF066_OUT_Rhodobacter_capsulatus_Rhodopseudom_O54051	39.4	165	1	165	607	770	2.23e-37	129	172	777
012_12_RA18_GMCF3029a.sc__NODE_96972_length_707_cov_2.207055_2	REF063_OUT_Bos_taurus_Bovine__P80457	40.3	159	10	161	1147	1305	6.67e-33	116	172	1332
012_12_RA18_GMCF3029a.sc__NODE_96972_length_707_cov_2.207055_2	REF042_FII_Actinomadura_macrotermitis_A0A7K0C220	31.3	150	18	165	630	773	3.37e-12	56.6	172	798
012_12_RA18_GMCF3029a.sc__NODE_96972_length_707_cov_2.207055_2	REF065_OUT_Megalodesulfovibrio_gigas_Desulfovi_Q46509	29.9	164	2	165	752	905	1.57e-11	54.7	172	907
012_12_RA18_GMCF3029a.sc__NODE_96972_length_707_cov_2.207055_2	REF052_FII_Bradyrhizobium_ivorense_A0A508SVN1	29.5	149	19	166	638	778	3.84e-11	53.5	172	779
012_12_RA18_GMCF3029a.sc__NODE_97281_length_706_cov_2.364055_1	REF063_OUT_Bos_taurus_Bovine__P80457	31.0	268	1	227	11	268	6.91e-32	115	235	1332
012_12_RA18_GMCF3029a.sc__NODE_97281_length_706_cov_2.364055_1	REF065_OUT_Megalodesulfovibrio_gigas_Desulfovi_Q46509	34.9	146	20	162	27	152	1.22e-20	83.2	235	907
012_12_RA18_GMCF3029a.sc__NODE_97894_length_704_cov_6.468413_2	REF066_OUT_Rhodobacter_capsulatus_Rhodopseudom_O54051	44.9	78	11	88	8	85	3.29e-18	70.5	88	777
012_12_RA18_GMCF3029a.sc__NODE_97894_length_704_cov_6.468413_2	REF063_OUT_Bos_taurus_Bovine__P80457	41.0	78	11	88	578	654	1.36e-13	57.4	88	1332
012_12_RA18_GMCF3029a.sc__NODE_97894_length_704_cov_6.468413_2	REF037_FII_Fibrella_aestuarina_BUZ_2_I0KFJ2	46.9	64	19	80	25	87	1.06e-11	52.0	88	796
012_12_RA18_GMCF3029a.sc__NODE_97894_length_704_cov_6.468413_2	REF051_FII_Modestobacter_italicus_strain_DSM_4_I4F486	47.5	59	17	73	15	73	6.87e-11	49.7	88	763
012_12_RA18_GMCF3029a.sc__NODE_100647_length_697_cov_1.780374_1	REF065_OUT_Megalodesulfovibrio_gigas_Desulfovi_Q46509	37.4	91	30	117	66	156	5.93e-16	65.5	119	907
012_12_RA18_GMCF3029a.sc__NODE_100647_length_697_cov_1.780374_1	REF063_OUT_Bos_taurus_Bovine__P80457	35.3	85	36	118	84	168	1.35e-14	61.6	119	1332
012_12_RA18_GMCF3029a.sc__NODE_101011_length_696_cov_1.861154_1	REF063_OUT_Bos_taurus_Bovine__P80457	50.0	52	2	53	5	56	1.20e-12	53.9	72	1332
012_12_RA18_GMCF3029a.sc__NODE_102854_length_691_cov_1.570755_2	REF065_OUT_Megalodesulfovibrio_gigas_Desulfovi_Q46509	40.5	121	3	121	6	126	4.73e-28	100	130	907
012_12_RA18_GMCF3029a.sc__NODE_102854_length_691_cov_1.570755_2	REF063_OUT_Bos_taurus_Bovine__P80457	34.8	141	5	130	10	148	2.33e-20	78.6	130	1332
012_12_RA18_GMCF3029a.sc__NODE_102996_length_690_cov_3.291339_1	REF063_OUT_Bos_taurus_Bovine__P80457	31.5	143	9	147	327	469	3.61e-12	57.8	213	1332
012_12_RA18_GMCF3029a.sc__NODE_104752_length_686_cov_1.889065_1	REF062_FII_Falsiruegeria_litorea_R37_A0A1Y5S8H3	82.9	76	1	76	1	76	1.08e-38	133	192	787
012_12_RA18_GMCF3029a.sc__NODE_104752_length_686_cov_1.889065_1	REF060_FII_Donghicola_eburneus_A0A1M4N221	56.0	125	1	120	1	113	1.13e-36	127	192	788
012_12_RA18_GMCF3029a.sc__NODE_104752_length_686_cov_1.889065_1	REF048_FII_Ascidiaceihabitans_donghaensis_A0A2R8BD61	76.3	76	1	76	1	76	9.91e-36	125	192	788
012_12_RA18_GMCF3029a.sc__NODE_104752_length_686_cov_1.889065_1	REF045_FII_Albidovulum_aquaemixtae_A0A2R8B4Q9	73.0	74	1	74	1	74	1.02e-33	119	192	788
012_12_RA18_GMCF3029a.sc__NODE_104752_length_686_cov_1.889065_1	REF054_FII_Cereibacter_sphaeroides_strain_ATCC_Q3J2E6	65.8	76	1	76	1	76	7.92e-30	108	192	790
012_12_RA18_GMCF3029a.sc__NODE_105074_length_685_cov_2.058730_2	REF063_OUT_Bos_taurus_Bovine__P80457	28.8	156	1	145	242	397	3.62e-19	75.9	147	1332
012_12_RA18_GMCF3029a.sc__NODE_107098_length_680_cov_1.449600_1	REF066_OUT_Rhodobacter_capsulatus_Rhodopseudom_O54051	41.9	129	4	131	68	196	8.47e-24	89.7	163	777
012_12_RA18_GMCF3029a.sc__NODE_107098_length_680_cov_1.449600_1	REF063_OUT_Bos_taurus_Bovine__P80457	24.2	132	1	131	635	765	1.32e-13	60.5	163	1332
012_12_RA18_GMCF3029a.sc__NODE_108619_length_676_cov_1.734300_2	REF064_OUT_Escherichia_coli_strain_K12__Q46799	41.7	103	2	103	642	744	4.53e-23	85.5	113	752
012_12_RA18_GMCF3029a.sc__NODE_108619_length_676_cov_1.734300_2	REF057_FII_Rhodococcus_coprophilus_A0A2X4U3L5	41.7	115	1	112	679	793	4.55e-23	85.5	113	808
012_12_RA18_GMCF3029a.sc__NODE_108619_length_676_cov_1.734300_2	REF042_FII_Actinomadura_macrotermitis_A0A7K0C220	42.3	111	1	108	666	776	1.16e-22	84.3	113	798
012_12_RA18_GMCF3029a.sc__NODE_108619_length_676_cov_1.734300_2	REF041_FII_Actibacterium_lipolyticum_A0A238JRA4	44.0	109	2	107	651	759	1.57e-22	84.0	113	765
012_12_RA18_GMCF3029a.sc__NODE_108619_length_676_cov_1.734300_2	REF043_FII_Deinococcus_aluminii_A0ABP9XBM4	39.7	116	1	112	674	789	5.47e-22	82.4	113	796
012_12_RA18_GMCF3029a.sc__NODE_110051_length_672_cov_2.983793_1	REF066_OUT_Rhodobacter_capsulatus_Rhodopseudom_O54051	57.8	223	1	223	504	726	2.59e-81	251	223	777
012_12_RA18_GMCF3029a.sc__NODE_110051_length_672_cov_2.983793_1	REF063_OUT_Bos_taurus_Bovine__P80457	40.8	223	1	223	1054	1257	1.09e-45	155	223	1332
012_12_RA18_GMCF3029a.sc__NODE_110051_length_672_cov_2.983793_1	REF035_FII_Ardenticatena_maritima_A0A0M8K8I5	28.4	225	1	213	521	734	1.46e-16	70.9	223	789
012_12_RA18_GMCF3029a.sc__NODE_110051_length_672_cov_2.983793_1	REF041_FII_Actibacterium_lipolyticum_A0A238JRA4	37.0	81	122	202	615	695	4.47e-14	63.5	223	765
012_12_RA18_GMCF3029a.sc__NODE_112848_length_666_cov_1.739771_1	REF065_OUT_Megalodesulfovibrio_gigas_Desulfovi_Q46509	38.9	149	7	151	8	155	5.04e-28	101	158	907
012_12_RA18_GMCF3029a.sc__NODE_112848_length_666_cov_1.739771_1	REF063_OUT_Bos_taurus_Bovine__P80457	36.2	149	2	138	5	153	1.63e-24	91.7	158	1332
012_12_RA18_GMCF3029a.sc__NODE_114549_length_662_cov_2.087315_1	REF066_OUT_Rhodobacter_capsulatus_Rhodopseudom_O54051	68.4	209	7	215	112	319	2.40e-97	293	220	777
012_12_RA18_GMCF3029a.sc__NODE_114549_length_662_cov_2.087315_1	REF063_OUT_Bos_taurus_Bovine__P80457	42.2	218	4	220	678	894	6.66e-52	172	220	1332
012_12_RA18_GMCF3029a.sc__NODE_114549_length_662_cov_2.087315_1	REF065_OUT_Megalodesulfovibrio_gigas_Desulfovi_Q46509	27.8	180	7	186	316	481	2.64e-13	61.2	220	907
012_12_RA18_GMCF3029a.sc__NODE_114549_length_662_cov_2.087315_1	REF064_OUT_Escherichia_coli_strain_K12__Q46799	25.1	187	3	182	110	294	1.14e-12	59.3	220	752
012_12_RA18_GMCF3029a.sc__NODE_120093_length_650_cov_1.519328_1	REF037_FII_Fibrella_aestuarina_BUZ_2_I0KFJ2	80.0	55	66	120	659	713	1.34e-26	95.9	120	796
012_12_RA18_GMCF3029a.sc__NODE_120093_length_650_cov_1.519328_1	REF062_FII_Falsiruegeria_litorea_R37_A0A1Y5S8H3	65.5	55	66	120	648	702	4.31e-23	85.9	120	787
012_12_RA18_GMCF3029a.sc__NODE_120093_length_650_cov_1.519328_1	REF045_FII_Albidovulum_aquaemixtae_A0A2R8B4Q9	67.3	55	66	120	649	703	5.88e-23	85.5	120	788
012_12_RA18_GMCF3029a.sc__NODE_120093_length_650_cov_1.519328_1	REF035_FII_Ardenticatena_maritima_A0A0M8K8I5	67.9	53	66	118	647	699	1.49e-22	84.3	120	789
012_12_RA18_GMCF3029a.sc__NODE_120093_length_650_cov_1.519328_1	REF039_FII_Luteitalea_pratensis_A0A143PSW7	64.9	57	64	120	646	702	3.79e-22	83.2	120	787
012_12_RA18_GMCF3029a.sc__NODE_120112_length_650_cov_1.473950_1	REF063_OUT_Bos_taurus_Bovine__P80457	41.5	212	1	212	799	1010	4.89e-53	176	216	1332
012_12_RA18_GMCF3029a.sc__NODE_120112_length_650_cov_1.473950_1	REF066_OUT_Rhodobacter_capsulatus_Rhodopseudom_O54051	35.2	236	1	216	229	464	3.66e-39	135	216	777
012_12_RA18_GMCF3029a.sc__NODE_120112_length_650_cov_1.473950_1	REF065_OUT_Megalodesulfovibrio_gigas_Desulfovi_Q46509	28.8	191	12	202	431	617	3.58e-22	87.0	216	907
012_12_RA18_GMCF3029a.sc__NODE_120112_length_650_cov_1.473950_1	REF045_FII_Albidovulum_aquaemixtae_A0A2R8B4Q9	31.0	184	22	200	277	454	9.65e-19	77.0	216	788
012_12_RA18_GMCF3029a.sc__NODE_120112_length_650_cov_1.473950_1	REF064_OUT_Escherichia_coli_strain_K12__Q46799	27.2	180	14	192	250	429	8.02e-18	74.3	216	752
012_12_RA18_GMCF3029a.sc__NODE_121593_length_647_cov_1.532095_1	REF065_OUT_Megalodesulfovibrio_gigas_Desulfovi_Q46509	39.2	148	4	146	6	153	1.31e-30	109	165	907
012_12_RA18_GMCF3029a.sc__NODE_121593_length_647_cov_1.532095_1	REF063_OUT_Bos_taurus_Bovine__P80457	31.4	156	6	147	10	165	8.54e-21	81.3	165	1332
012_12_RA18_GMCF3029a.sc__NODE_122258_length_645_cov_2.854237_1	REF063_OUT_Bos_taurus_Bovine__P80457	40.8	213	2	213	717	929	3.01e-52	173	215	1332
012_12_RA18_GMCF3029a.sc__NODE_122258_length_645_cov_2.854237_1	REF066_OUT_Rhodobacter_capsulatus_Rhodopseudom_O54051	40.4	213	2	214	149	359	3.32e-47	158	215	777
012_12_RA18_GMCF3029a.sc__NODE_122258_length_645_cov_2.854237_1	REF064_OUT_Escherichia_coli_strain_K12__Q46799	30.2	215	2	213	157	367	1.57e-23	90.9	215	752
012_12_RA18_GMCF3029a.sc__NODE_122258_length_645_cov_2.854237_1	REF065_OUT_Megalodesulfovibrio_gigas_Desulfovi_Q46509	29.6	199	11	208	350	545	5.27e-19	77.8	215	907
012_12_RA18_GMCF3029a.sc__NODE_122258_length_645_cov_2.854237_1	REF034_FII_Actinoallomurus_iriomotensis_A0A9W6W744	26.0	204	5	208	159	360	1.20e-16	70.9	215	751
012_12_RA18_GMCF3029a.sc__NODE_122529_length_645_cov_1.616949_2	REF063_OUT_Bos_taurus_Bovine__P80457	65.8	38	1	38	1014	1051	6.22e-15	61.2	89	1332
012_12_RA18_GMCF3029a.sc__NODE_122529_length_645_cov_1.616949_2	REF066_OUT_Rhodobacter_capsulatus_Rhodopseudom_O54051	63.2	38	1	38	464	501	1.01e-13	57.8	89	777
012_12_RA18_GMCF3029a.sc__NODE_122956_length_644_cov_1.850594_1	REF014_FI_Deinococcus_caeni_A0ABP9UI58	27.1	236	2	200	33	260	2.52e-12	58.2	214	792
012_12_RA18_GMCF3029a.sc__NODE_124056_length_642_cov_1.328790_1	REF066_OUT_Rhodobacter_capsulatus_Rhodopseudom_O54051	38.1	197	20	213	433	624	1.38e-37	131	213	777
012_12_RA18_GMCF3029a.sc__NODE_124056_length_642_cov_1.328790_1	REF063_OUT_Bos_taurus_Bovine__P80457	33.5	209	5	213	968	1155	3.48e-34	121	213	1332
012_12_RA18_GMCF3029a.sc__NODE_124056_length_642_cov_1.328790_1	REF038_FII_Kyrpidia_spormannii_A0A2K8N8V7	31.9	113	56	168	480	592	5.49e-13	60.1	213	780
012_12_RA18_GMCF3029a.sc__NODE_126123_length_637_cov_20.963918_1	REF066_OUT_Rhodobacter_capsulatus_Rhodopseudom_O54051	50.7	211	1	211	405	607	1.24e-61	198	212	777
012_12_RA18_GMCF3029a.sc__NODE_126123_length_637_cov_20.963918_1	REF063_OUT_Bos_taurus_Bovine__P80457	37.9	211	1	211	955	1138	4.33e-40	138	212	1332
012_12_RA18_GMCF3029a.sc__NODE_130764_length_629_cov_1.310105_1	REF041_FII_Actibacterium_lipolyticum_A0A238JRA4	73.8	42	1	42	1	42	5.88e-16	62.8	62	765
012_12_RA18_GMCF3029a.sc__NODE_131653_length_627_cov_1.737762_1	REF041_FII_Actibacterium_lipolyticum_A0A238JRA4	68.3	208	1	208	482	689	1.05e-94	285	208	765
012_12_RA18_GMCF3029a.sc__NODE_131653_length_627_cov_1.737762_1	REF054_FII_Cereibacter_sphaeroides_strain_ATCC_Q3J2E6	44.9	214	1	208	503	716	4.49e-49	163	208	790
012_12_RA18_GMCF3029a.sc__NODE_131653_length_627_cov_1.737762_1	REF033_FII_Acidiphilium_multivorum_strain_DSM__F0J165	40.8	218	1	208	510	723	1.11e-47	159	208	801
012_12_RA18_GMCF3029a.sc__NODE_131653_length_627_cov_1.737762_1	REF058_FII_Cupriavidus_laharis_A0ABM8XSX1	41.9	215	1	208	503	717	1.65e-45	153	208	791
012_12_RA18_GMCF3029a.sc__NODE_131653_length_627_cov_1.737762_1	REF056_FII_Comamonas_aquatilis_A0ACE2T5A2	41.6	219	1	208	508	722	2.29e-45	153	208	795
012_12_RA18_GMCF3029a.sc__NODE_133161_length_624_cov_2.061511_1	REF066_OUT_Rhodobacter_capsulatus_Rhodopseudom_O54051	71.6	208	1	208	505	712	3.05e-101	303	208	777
012_12_RA18_GMCF3029a.sc__NODE_133161_length_624_cov_2.061511_1	REF063_OUT_Bos_taurus_Bovine__P80457	45.9	207	2	208	1056	1243	8.58e-48	160	208	1332
012_12_RA18_GMCF3029a.sc__NODE_133161_length_624_cov_2.061511_1	REF056_FII_Comamonas_aquatilis_A0ACE2T5A2	31.6	212	1	201	530	728	5.84e-19	77.4	208	795
012_12_RA18_GMCF3029a.sc__NODE_133161_length_624_cov_2.061511_1	REF054_FII_Cereibacter_sphaeroides_strain_ATCC_Q3J2E6	30.3	211	1	201	525	722	9.05e-18	73.9	208	790
012_12_RA18_GMCF3029a.sc__NODE_133161_length_624_cov_2.061511_1	REF058_FII_Cupriavidus_laharis_A0ABM8XSX1	29.7	212	1	201	525	723	9.05e-18	73.9	208	791
012_12_RA18_GMCF3029a.sc__NODE_139062_length_613_cov_2.684588_2	REF065_OUT_Megalodesulfovibrio_gigas_Desulfovi_Q46509	42.9	56	4	59	6	61	5.07e-13	55.5	82	907
012_12_RA18_GMCF3029a.sc__NODE_139466_length_613_cov_1.247312_2	REF066_OUT_Rhodobacter_capsulatus_Rhodopseudom_O54051	31.5	92	47	120	340	431	1.94e-12	55.5	120	777
012_12_RA18_GMCF3029a.sc__NODE_139952_length_612_cov_1.473968_1	REF065_OUT_Megalodesulfovibrio_gigas_Desulfovi_Q46509	38.5	78	7	81	76	153	6.64e-14	58.2	86	907
012_12_RA18_GMCF3029a.sc__NODE_140832_length_610_cov_2.054054_1	REF048_FII_Ascidiaceihabitans_donghaensis_A0A2R8BD61	82.0	50	25	74	1	50	9.18e-26	91.3	74	788
012_12_RA18_GMCF3029a.sc__NODE_140832_length_610_cov_2.054054_1	REF062_FII_Falsiruegeria_litorea_R37_A0A1Y5S8H3	82.0	50	25	74	1	50	2.34e-25	90.1	74	787
012_12_RA18_GMCF3029a.sc__NODE_140832_length_610_cov_2.054054_1	REF060_FII_Donghicola_eburneus_A0A1M4N221	78.0	50	25	74	1	50	9.83e-24	85.5	74	788
012_12_RA18_GMCF3029a.sc__NODE_140832_length_610_cov_2.054054_1	REF045_FII_Albidovulum_aquaemixtae_A0A2R8B4Q9	74.0	50	25	74	1	50	5.65e-22	80.5	74	788
012_12_RA18_GMCF3029a.sc__NODE_140832_length_610_cov_2.054054_1	REF054_FII_Cereibacter_sphaeroides_strain_ATCC_Q3J2E6	68.0	50	25	74	1	50	2.38e-20	75.9	74	790
012_12_RA18_GMCF3029a.sc__NODE_140832_length_610_cov_2.054054_2	REF063_OUT_Bos_taurus_Bovine__P80457	54.0	50	5	54	109	158	1.49e-17	67.8	71	1332
012_12_RA18_GMCF3029a.sc__NODE_140832_length_610_cov_2.054054_2	REF065_OUT_Megalodesulfovibrio_gigas_Desulfovi_Q46509	47.5	59	4	60	95	153	1.61e-15	62.0	71	907
012_12_RA18_GMCF3029a.sc__NODE_142981_length_606_cov_2.774955_1	REF066_OUT_Rhodobacter_capsulatus_Rhodopseudom_O54051	65.5	200	2	201	215	414	6.33e-92	278	201	777
012_12_RA18_GMCF3029a.sc__NODE_142981_length_606_cov_2.774955_1	REF063_OUT_Bos_taurus_Bovine__P80457	44.5	164	1	164	784	947	2.52e-41	141	201	1332
012_12_RA18_GMCF3029a.sc__NODE_142981_length_606_cov_2.774955_1	REF034_FII_Actinoallomurus_iriomotensis_A0A9W6W744	32.5	163	4	166	224	385	7.68e-20	79.7	201	751
012_12_RA18_GMCF3029a.sc__NODE_142981_length_606_cov_2.774955_1	REF039_FII_Luteitalea_pratensis_A0A143PSW7	32.9	164	3	165	249	411	2.64e-19	78.2	201	787
012_12_RA18_GMCF3029a.sc__NODE_142981_length_606_cov_2.774955_1	REF038_FII_Kyrpidia_spormannii_A0A2K8N8V7	29.7	202	2	194	235	411	5.58e-18	74.3	201	780
012_12_RA18_GMCF3029a.sc__NODE_144126_length_604_cov_3.143898_1	REF063_OUT_Bos_taurus_Bovine__P80457	54.9	82	3	83	79	158	2.83e-23	89.7	200	1332
012_12_RA18_GMCF3029a.sc__NODE_144126_length_604_cov_3.143898_1	REF065_OUT_Megalodesulfovibrio_gigas_Desulfovi_Q46509	37.3	83	6	88	70	152	5.15e-14	62.8	200	907
012_12_RA18_GMCF3029a.sc__NODE_147473_length_599_cov_1.698529_1	REF065_OUT_Megalodesulfovibrio_gigas_Desulfovi_Q46509	38.1	155	1	150	1	155	4.97e-32	112	151	907
012_12_RA18_GMCF3029a.sc__NODE_147473_length_599_cov_1.698529_1	REF063_OUT_Bos_taurus_Bovine__P80457	36.5	156	8	149	10	165	1.47e-25	94.4	151	1332
012_12_RA18_GMCF3029a.sc__NODE_149212_length_596_cov_1.977819_1	REF033_FII_Acidiphilium_multivorum_strain_DSM__F0J165	45.7	70	2	66	654	723	1.47e-15	62.0	69	801
012_12_RA18_GMCF3029a.sc__NODE_149212_length_596_cov_1.977819_1	REF064_OUT_Escherichia_coli_strain_K12__Q46799	43.8	73	1	67	610	682	3.76e-15	60.8	69	752
012_12_RA18_GMCF3029a.sc__NODE_149212_length_596_cov_1.977819_1	REF035_FII_Ardenticatena_maritima_A0A0M8K8I5	47.8	67	5	66	647	713	3.77e-15	60.8	69	789
012_12_RA18_GMCF3029a.sc__NODE_149212_length_596_cov_1.977819_1	REF056_FII_Comamonas_aquatilis_A0ACE2T5A2	43.7	71	2	66	652	722	3.77e-15	60.8	69	795
012_12_RA18_GMCF3029a.sc__NODE_149212_length_596_cov_1.977819_1	REF042_FII_Actinomadura_macrotermitis_A0A7K0C220	46.3	67	5	66	639	705	7.04e-15	60.1	69	798
012_12_RA18_GMCF3029a.sc__NODE_149354_length_596_cov_1.587800_1	REF063_OUT_Bos_taurus_Bovine__P80457	47.6	143	15	156	21	158	1.72e-39	136	198	1332
012_12_RA18_GMCF3029a.sc__NODE_149354_length_596_cov_1.587800_1	REF065_OUT_Megalodesulfovibrio_gigas_Desulfovi_Q46509	34.2	161	4	157	7	148	1.37e-25	96.3	198	907
012_12_RA18_GMCF3029a.sc__NODE_149745_length_595_cov_2.203704_1	REF060_FII_Donghicola_eburneus_A0A1M4N221	72.3	195	1	195	411	605	4.04e-95	286	198	788
012_12_RA18_GMCF3029a.sc__NODE_149745_length_595_cov_2.203704_1	REF062_FII_Falsiruegeria_litorea_R37_A0A1Y5S8H3	71.3	195	1	195	411	605	1.09e-94	285	198	787
012_12_RA18_GMCF3029a.sc__NODE_149745_length_595_cov_2.203704_1	REF048_FII_Ascidiaceihabitans_donghaensis_A0A2R8BD61	71.8	195	1	195	411	605	3.08e-94	284	198	788
012_12_RA18_GMCF3029a.sc__NODE_149745_length_595_cov_2.203704_1	REF054_FII_Cereibacter_sphaeroides_strain_ATCC_Q3J2E6	68.5	197	1	197	413	609	6.31e-94	283	198	790
012_12_RA18_GMCF3029a.sc__NODE_149745_length_595_cov_2.203704_1	REF045_FII_Albidovulum_aquaemixtae_A0A2R8B4Q9	63.1	195	1	195	412	606	2.13e-83	256	198	788
012_12_RA18_GMCF3029a.sc__NODE_150111_length_595_cov_1.162963_1	REF063_OUT_Bos_taurus_Bovine__P80457	34.7	199	1	198	640	837	2.40e-37	130	198	1332
012_12_RA18_GMCF3029a.sc__NODE_150111_length_595_cov_1.162963_1	REF066_OUT_Rhodobacter_capsulatus_Rhodopseudom_O54051	37.8	196	4	198	73	267	3.04e-35	124	198	777
012_12_RA18_GMCF3029a.sc__NODE_150111_length_595_cov_1.162963_1	REF027_FI_Pseudorhizobium_banfieldiae_L0NNE2	31.9	204	18	198	104	306	9.77e-20	79.3	198	806
012_12_RA18_GMCF3029a.sc__NODE_150111_length_595_cov_1.162963_1	REF019_FI_Mycolicibacterium_chitae_Mycobacter_A0A448IBW4	31.3	195	18	198	106	299	2.44e-19	78.2	198	796
012_12_RA18_GMCF3029a.sc__NODE_150111_length_595_cov_1.162963_1	REF031_FI_Ruegeria_arenilitoris_A0A238KMA5	29.6	203	18	198	104	305	4.51e-19	77.4	198	805
012_12_RA18_GMCF3029a.sc__NODE_150198_length_594_cov_3.430427_1	REF066_OUT_Rhodobacter_capsulatus_Rhodopseudom_O54051	56.3	208	1	197	336	539	1.42e-64	205	197	777
012_12_RA18_GMCF3029a.sc__NODE_150198_length_594_cov_3.430427_1	REF063_OUT_Bos_taurus_Bovine__P80457	42.3	196	2	197	907	1089	4.68e-42	143	197	1332
012_12_RA18_GMCF3029a.sc__NODE_150198_length_594_cov_3.430427_1	REF064_OUT_Escherichia_coli_strain_K12__Q46799	31.4	175	5	179	348	507	6.59e-16	68.2	197	752
012_12_RA18_GMCF3029a.sc__NODE_150198_length_594_cov_3.430427_1	REF038_FII_Kyrpidia_spormannii_A0A2K8N8V7	27.6	185	5	179	361	532	5.29e-13	59.7	197	780
012_12_RA18_GMCF3029a.sc__NODE_150198_length_594_cov_3.430427_1	REF047_FII_Meiothermus_granaticius_NBRC_107808_A0A399F9R8	28.7	181	5	179	364	535	7.17e-13	59.3	197	789
012_12_RA18_GMCF3029a.sc__NODE_150380_length_594_cov_2.269017_1	REF066_OUT_Rhodobacter_capsulatus_Rhodopseudom_O54051	68.1	47	1	47	729	775	1.12e-15	61.2	48	777
012_12_RA18_GMCF3029a.sc__NODE_153254_length_590_cov_1.553271_1	REF066_OUT_Rhodobacter_capsulatus_Rhodopseudom_O54051	48.6	148	1	148	230	377	1.17e-42	144	181	777
012_12_RA18_GMCF3029a.sc__NODE_153254_length_590_cov_1.553271_1	REF063_OUT_Bos_taurus_Bovine__P80457	41.2	148	1	148	800	947	2.72e-31	112	181	1332
012_12_RA18_GMCF3029a.sc__NODE_153254_length_590_cov_1.553271_1	REF064_OUT_Escherichia_coli_strain_K12__Q46799	32.3	127	23	146	260	383	4.29e-14	62.4	181	752
012_12_RA18_GMCF3029a.sc__NODE_153254_length_590_cov_1.553271_1	REF038_FII_Kyrpidia_spormannii_A0A2K8N8V7	30.7	153	9	152	252	402	1.46e-13	60.8	181	780
012_12_RA18_GMCF3029a.sc__NODE_153254_length_590_cov_1.553271_1	REF037_FII_Fibrella_aestuarina_BUZ_2_I0KFJ2	29.5	132	20	147	283	412	1.99e-13	60.5	181	796
012_12_RA18_GMCF3029a.sc__NODE_153654_length_589_cov_2.284644_1	REF066_OUT_Rhodobacter_capsulatus_Rhodopseudom_O54051	72.8	195	1	195	171	364	1.52e-99	298	195	777
012_12_RA18_GMCF3029a.sc__NODE_153654_length_589_cov_2.284644_1	REF063_OUT_Bos_taurus_Bovine__P80457	45.1	193	1	192	739	931	1.74e-51	170	195	1332
012_12_RA18_GMCF3029a.sc__NODE_153654_length_589_cov_2.284644_1	REF065_OUT_Megalodesulfovibrio_gigas_Desulfovi_Q46509	27.7	195	1	195	363	555	3.13e-19	77.8	195	907
012_12_RA18_GMCF3029a.sc__NODE_153654_length_589_cov_2.284644_1	REF064_OUT_Escherichia_coli_strain_K12__Q46799	27.8	194	2	195	180	372	4.74e-18	74.3	195	752
012_12_RA18_GMCF3029a.sc__NODE_153654_length_589_cov_2.284644_1	REF044_FII_Sulfoacidibacillus_ferrooxidans_A0A9X1V6V7	25.8	186	19	195	208	385	1.87e-16	69.7	195	784
012_12_RA18_GMCF3029a.sc__NODE_154225_length_588_cov_2.864916_1	REF037_FII_Fibrella_aestuarina_BUZ_2_I0KFJ2	72.5	171	25	195	172	342	1.00e-85	262	195	796
012_12_RA18_GMCF3029a.sc__NODE_154225_length_588_cov_2.864916_1	REF045_FII_Albidovulum_aquaemixtae_A0A2R8B4Q9	61.6	172	25	195	164	335	1.03e-71	224	195	788
012_12_RA18_GMCF3029a.sc__NODE_154225_length_588_cov_2.864916_1	REF033_FII_Acidiphilium_multivorum_strain_DSM__F0J165	61.1	180	22	195	165	343	4.62e-70	220	195	801
012_12_RA18_GMCF3029a.sc__NODE_154225_length_588_cov_2.864916_1	REF060_FII_Donghicola_eburneus_A0A1M4N221	57.5	186	19	195	151	336	2.85e-69	218	195	788
012_12_RA18_GMCF3029a.sc__NODE_154225_length_588_cov_2.864916_1	REF062_FII_Falsiruegeria_litorea_R37_A0A1Y5S8H3	55.8	181	22	195	156	336	1.06e-67	214	195	787
012_12_RA18_GMCF3029a.sc__NODE_155571_length_586_cov_3.564972_1	REF066_OUT_Rhodobacter_capsulatus_Rhodopseudom_O54051	57.2	194	1	194	478	671	9.42e-68	214	195	777
012_12_RA18_GMCF3029a.sc__NODE_155571_length_586_cov_3.564972_1	REF063_OUT_Bos_taurus_Bovine__P80457	43.6	195	1	195	1028	1203	1.10e-41	142	195	1332
012_12_RA18_GMCF3029a.sc__NODE_155571_length_586_cov_3.564972_1	REF035_FII_Ardenticatena_maritima_A0A0M8K8I5	30.2	202	2	195	496	686	2.14e-15	66.6	195	789
012_12_RA18_GMCF3029a.sc__NODE_155571_length_586_cov_3.564972_1	REF012_FI_Bacillus_methanolicus_strain_MGA3_A_I3E8H4	28.4	201	2	194	493	680	4.47e-14	62.8	195	783
012_12_RA18_GMCF3029a.sc__NODE_155571_length_586_cov_3.564972_1	REF058_FII_Cupriavidus_laharis_A0ABM8XSX1	29.1	199	1	195	498	689	4.48e-14	62.8	195	791
012_12_RA18_GMCF3029a.sc__NODE_157782_length_583_cov_2.477273_1	REF066_OUT_Rhodobacter_capsulatus_Rhodopseudom_O54051	49.2	193	1	193	407	594	1.27e-48	161	194	777
012_12_RA18_GMCF3029a.sc__NODE_157782_length_583_cov_2.477273_1	REF063_OUT_Bos_taurus_Bovine__P80457	46.6	148	1	148	957	1104	1.77e-38	133	194	1332
012_12_RA18_GMCF3029a.sc__NODE_161587_length_578_cov_1.558317_1	REF063_OUT_Bos_taurus_Bovine__P80457	40.6	192	1	192	887	1078	5.35e-42	143	192	1332
012_12_RA18_GMCF3029a.sc__NODE_161587_length_578_cov_1.558317_1	REF066_OUT_Rhodobacter_capsulatus_Rhodopseudom_O54051	34.6	211	2	192	318	528	2.58e-33	118	192	777
012_12_RA18_GMCF3029a.sc__NODE_161587_length_578_cov_1.558317_1	REF064_OUT_Escherichia_coli_strain_K12__Q46799	27.9	201	2	192	324	514	9.32e-17	70.5	192	752
012_12_RA18_GMCF3029a.sc__NODE_161587_length_578_cov_1.558317_1	REF065_OUT_Megalodesulfovibrio_gigas_Desulfovi_Q46509	29.2	195	3	191	510	695	1.63e-12	58.2	192	907
012_12_RA18_GMCF3029a.sc__NODE_161587_length_578_cov_1.558317_1	REF042_FII_Actinomadura_macrotermitis_A0A7K0C220	28.7	181	10	177	346	522	2.43e-11	54.7	192	798
012_12_RA18_GMCF3029a.sc__NODE_162985_length_576_cov_1.642994_1	REF063_OUT_Bos_taurus_Bovine__P80457	43.8	105	5	109	760	864	4.82e-25	92.0	132	1332
012_12_RA18_GMCF3029a.sc__NODE_162985_length_576_cov_1.642994_1	REF066_OUT_Rhodobacter_capsulatus_Rhodopseudom_O54051	40.4	94	10	103	195	288	4.25e-22	83.6	132	777
012_12_RA18_GMCF3029a.sc__NODE_162985_length_576_cov_1.642994_1	REF002_FI_Mycolicibacterium_smegmatis_strain__A0QQG4	37.6	101	9	107	230	327	6.22e-11	51.6	132	799
012_12_RA18_GMCF3029a.sc__NODE_164220_length_574_cov_2.119461_1	REF041_FII_Actibacterium_lipolyticum_A0A238JRA4	65.8	190	2	191	512	701	5.60e-84	256	191	765
012_12_RA18_GMCF3029a.sc__NODE_164220_length_574_cov_2.119461_1	REF054_FII_Cereibacter_sphaeroides_strain_ATCC_Q3J2E6	43.2	192	2	185	533	722	4.34e-42	143	191	790
012_12_RA18_GMCF3029a.sc__NODE_164220_length_574_cov_2.119461_1	REF056_FII_Comamonas_aquatilis_A0ACE2T5A2	42.9	191	2	185	538	728	9.90e-41	139	191	795
012_12_RA18_GMCF3029a.sc__NODE_164220_length_574_cov_2.119461_1	REF058_FII_Cupriavidus_laharis_A0ABM8XSX1	41.9	191	2	185	533	723	1.84e-40	138	191	791
012_12_RA18_GMCF3029a.sc__NODE_164220_length_574_cov_2.119461_1	REF060_FII_Donghicola_eburneus_A0A1M4N221	40.6	192	2	186	531	721	8.67e-40	136	191	788
012_12_RA18_GMCF3029a.sc__NODE_165471_length_572_cov_2.889749_1	REF021_FI_Pseudonocardia_autotrophica_Amycola_A0A1Y2N3L2	34.1	170	2	156	484	650	1.06e-21	84.7	190	794
012_12_RA18_GMCF3029a.sc__NODE_165471_length_572_cov_2.889749_1	REF012_FI_Bacillus_methanolicus_strain_MGA3_A_I3E8H4	31.4	185	2	184	481	651	3.63e-21	83.2	190	783
012_12_RA18_GMCF3029a.sc__NODE_165471_length_572_cov_2.889749_1	REF014_FI_Deinococcus_caeni_A0ABP9UI58	32.8	183	2	184	487	657	6.72e-21	82.4	190	792
012_12_RA18_GMCF3029a.sc__NODE_165471_length_572_cov_2.889749_1	REF002_FI_Mycolicibacterium_smegmatis_strain__A0QQG4	39.5	129	2	130	494	619	1.96e-19	78.2	190	799
012_12_RA18_GMCF3029a.sc__NODE_165471_length_572_cov_2.889749_1	REF013_FI_Capillimicrobium_parvum_A0A9E6Y1X1	33.9	183	2	184	502	674	3.63e-19	77.4	190	807
012_12_RA18_GMCF3029a.sc__NODE_168968_length_568_cov_1.471735_1	REF066_OUT_Rhodobacter_capsulatus_Rhodopseudom_O54051	31.3	160	18	177	51	199	2.66e-12	57.4	188	777
012_12_RA18_GMCF3029a.sc__NODE_169456_length_567_cov_2.093750_2	REF065_OUT_Megalodesulfovibrio_gigas_Desulfovi_Q46509	45.9	74	8	80	6	79	3.29e-18	70.1	80	907
012_12_RA18_GMCF3029a.sc__NODE_169456_length_567_cov_2.093750_2	REF063_OUT_Bos_taurus_Bovine__P80457	35.2	91	1	80	1	91	2.54e-13	56.2	80	1332
012_12_RA18_GMCF3029a.sc__NODE_169721_length_567_cov_1.453125_2	REF065_OUT_Megalodesulfovibrio_gigas_Desulfovi_Q46509	40.5	121	3	121	6	126	4.96e-25	91.7	125	907
012_12_RA18_GMCF3029a.sc__NODE_169721_length_567_cov_1.453125_2	REF063_OUT_Bos_taurus_Bovine__P80457	34.6	136	5	125	10	143	2.94e-16	66.6	125	1332
012_12_RA18_GMCF3029a.sc__NODE_170218_length_566_cov_1.988258_1	REF066_OUT_Rhodobacter_capsulatus_Rhodopseudom_O54051	40.8	206	3	188	255	456	3.35e-47	157	188	777
012_12_RA18_GMCF3029a.sc__NODE_170218_length_566_cov_1.988258_1	REF063_OUT_Bos_taurus_Bovine__P80457	39.7	184	5	188	827	1006	1.60e-41	141	188	1332
012_12_RA18_GMCF3029a.sc__NODE_170218_length_566_cov_1.988258_1	REF065_OUT_Megalodesulfovibrio_gigas_Desulfovi_Q46509	28.2	149	1	149	444	592	8.67e-17	70.5	188	907
012_12_RA18_GMCF3029a.sc__NODE_170218_length_566_cov_1.988258_1	REF064_OUT_Escherichia_coli_strain_K12__Q46799	29.0	162	1	159	261	420	2.04e-14	63.5	188	752
012_12_RA18_GMCF3029a.sc__NODE_172368_length_563_cov_2.417323_1	REF066_OUT_Rhodobacter_capsulatus_Rhodopseudom_O54051	70.3	185	3	187	154	337	1.37e-86	263	187	777
012_12_RA18_GMCF3029a.sc__NODE_172368_length_563_cov_2.417323_1	REF063_OUT_Bos_taurus_Bovine__P80457	44.5	182	7	187	726	907	1.17e-48	162	187	1332
012_12_RA18_GMCF3029a.sc__NODE_172368_length_563_cov_2.417323_1	REF065_OUT_Megalodesulfovibrio_gigas_Desulfovi_Q46509	25.9	170	6	175	349	516	7.92e-13	58.9	187	907
012_12_RA18_GMCF3029a.sc__NODE_173619_length_562_cov_1.345168_1	REF064_OUT_Escherichia_coli_strain_K12__Q46799	34.1	167	21	183	340	500	1.12e-22	87.4	187	752
012_12_RA18_GMCF3029a.sc__NODE_173619_length_562_cov_1.345168_1	REF065_OUT_Megalodesulfovibrio_gigas_Desulfovi_Q46509	31.4	172	19	187	521	686	1.83e-17	72.4	187	907
012_12_RA18_GMCF3029a.sc__NODE_173619_length_562_cov_1.345168_1	REF054_FII_Cereibacter_sphaeroides_strain_ATCC_Q3J2E6	30.6	186	19	187	360	538	3.30e-17	71.6	187	790
012_12_RA18_GMCF3029a.sc__NODE_173619_length_562_cov_1.345168_1	REF066_OUT_Rhodobacter_capsulatus_Rhodopseudom_O54051	30.2	192	20	187	331	518	2.72e-14	63.2	187	777
012_12_RA18_GMCF3029a.sc__NODE_173619_length_562_cov_1.345168_1	REF062_FII_Falsiruegeria_litorea_R37_A0A1Y5S8H3	27.7	184	19	187	360	536	6.80e-14	62.0	187	787
012_12_RA18_GMCF3029a.sc__NODE_174140_length_561_cov_1.857708_1	REF050_FII_Blastochloris_viridis_Rhodopseudomo_A0A0H5BCZ6	40.5	185	4	186	125	305	7.74e-38	130	186	788
012_12_RA18_GMCF3029a.sc__NODE_174140_length_561_cov_1.857708_1	REF062_FII_Falsiruegeria_litorea_R37_A0A1Y5S8H3	36.4	187	4	186	124	306	1.36e-32	115	186	787
012_12_RA18_GMCF3029a.sc__NODE_174140_length_561_cov_1.857708_1	REF043_FII_Deinococcus_aluminii_A0ABP9XBM4	36.9	187	2	186	121	303	4.68e-32	114	186	796
012_12_RA18_GMCF3029a.sc__NODE_174140_length_561_cov_1.857708_1	REF058_FII_Cupriavidus_laharis_A0ABM8XSX1	37.3	185	4	186	129	308	5.53e-31	111	186	791
012_12_RA18_GMCF3029a.sc__NODE_174140_length_561_cov_1.857708_1	REF047_FII_Meiothermus_granaticius_NBRC_107808_A0A399F9R8	35.7	185	4	186	120	300	1.03e-30	110	186	789
012_12_RA18_GMCF3029a.sc__NODE_175566_length_559_cov_2.375000_1	REF027_FI_Pseudorhizobium_banfieldiae_L0NNE2	29.9	177	14	185	99	275	9.23e-22	84.7	185	806
012_12_RA18_GMCF3029a.sc__NODE_175566_length_559_cov_2.375000_1	REF038_FII_Kyrpidia_spormannii_A0A2K8N8V7	30.6	170	18	185	97	255	1.25e-21	84.3	185	780
012_12_RA18_GMCF3029a.sc__NODE_175566_length_559_cov_2.375000_1	REF040_FII_Nitrolancea_hollandica_Lb_I4ED45	31.3	166	18	181	99	254	1.25e-21	84.3	185	784
012_12_RA18_GMCF3029a.sc__NODE_175566_length_559_cov_2.375000_1	REF011_FI_Actibacterium_lipolyticum_A0A238JPJ5	32.6	178	17	185	102	275	1.26e-21	84.3	185	806
012_12_RA18_GMCF3029a.sc__NODE_175566_length_559_cov_2.375000_1	REF025_FI_Phaeobacter_gallaeciensis_A0A1B0ZWG3	32.4	173	17	185	101	273	4.29e-21	82.8	185	804
012_12_RA18_GMCF3029a.sc__NODE_176733_length_558_cov_1.469185_1	REF065_OUT_Megalodesulfovibrio_gigas_Desulfovi_Q46509	34.0	156	1	156	417	572	5.12e-26	97.1	186	907
012_12_RA18_GMCF3029a.sc__NODE_176733_length_558_cov_1.469185_1	REF063_OUT_Bos_taurus_Bovine__P80457	33.3	174	1	172	794	967	7.41e-24	90.9	186	1332
012_12_RA18_GMCF3029a.sc__NODE_176733_length_558_cov_1.469185_1	REF064_OUT_Escherichia_coli_strain_K12__Q46799	33.8	157	1	156	233	389	1.49e-18	75.5	186	752
012_12_RA18_GMCF3029a.sc__NODE_176733_length_558_cov_1.469185_1	REF066_OUT_Rhodobacter_capsulatus_Rhodopseudom_O54051	31.2	154	1	152	224	377	1.28e-17	72.8	186	777
012_12_RA18_GMCF3029a.sc__NODE_176733_length_558_cov_1.469185_1	REF057_FII_Rhodococcus_coprophilus_A0A2X4U3L5	33.8	157	1	153	255	409	2.02e-16	69.3	186	808
012_12_RA18_GMCF3029a.sc__NODE_178625_length_555_cov_3.156000_2	REF066_OUT_Rhodobacter_capsulatus_Rhodopseudom_O54051	46.6	103	22	124	8	110	8.47e-26	94.0	128	777
012_12_RA18_GMCF3029a.sc__NODE_178625_length_555_cov_3.156000_2	REF063_OUT_Bos_taurus_Bovine__P80457	36.8	117	9	125	565	680	5.78e-18	71.6	128	1332
012_12_RA18_GMCF3029a.sc__NODE_178625_length_555_cov_3.156000_2	REF058_FII_Cupriavidus_laharis_A0ABM8XSX1	37.6	109	30	124	23	130	1.54e-13	58.9	128	791
012_12_RA18_GMCF3029a.sc__NODE_178625_length_555_cov_3.156000_2	REF051_FII_Modestobacter_italicus_strain_DSM_4_I4F486	37.9	103	28	122	15	117	7.22e-13	57.0	128	763
012_12_RA18_GMCF3029a.sc__NODE_178625_length_555_cov_3.156000_2	REF033_FII_Acidiphilium_multivorum_strain_DSM__F0J165	36.7	109	30	124	27	134	7.25e-13	57.0	128	801
012_12_RA18_GMCF3029a.sc__NODE_180589_length_553_cov_1.945783_1	REF033_FII_Acidiphilium_multivorum_strain_DSM__F0J165	59.3	86	4	89	171	250	2.68e-33	113	91	801
012_12_RA18_GMCF3029a.sc__NODE_180589_length_553_cov_1.945783_1	REF045_FII_Albidovulum_aquaemixtae_A0A2R8B4Q9	54.9	91	1	89	158	242	1.84e-30	105	91	788
012_12_RA18_GMCF3029a.sc__NODE_180589_length_553_cov_1.945783_1	REF062_FII_Falsiruegeria_litorea_R37_A0A1Y5S8H3	57.3	89	3	89	161	243	4.67e-30	104	91	787
012_12_RA18_GMCF3029a.sc__NODE_180589_length_553_cov_1.945783_1	REF060_FII_Donghicola_eburneus_A0A1M4N221	57.3	89	3	89	161	243	8.70e-30	103	91	788
012_12_RA18_GMCF3029a.sc__NODE_180589_length_553_cov_1.945783_1	REF056_FII_Comamonas_aquatilis_A0ACE2T5A2	51.7	87	4	90	171	251	4.12e-29	101	91	795
012_12_RA18_GMCF3029a.sc__NODE_180589_length_553_cov_1.945783_2	REF033_FII_Acidiphilium_multivorum_strain_DSM__F0J165	79.5	117	1	117	227	343	1.76e-63	199	121	801
012_12_RA18_GMCF3029a.sc__NODE_180589_length_553_cov_1.945783_2	REF060_FII_Donghicola_eburneus_A0A1M4N221	79.5	117	1	117	220	336	7.67e-61	192	121	788
012_12_RA18_GMCF3029a.sc__NODE_180589_length_553_cov_1.945783_2	REF045_FII_Albidovulum_aquaemixtae_A0A2R8B4Q9	76.1	117	1	117	219	335	3.67e-58	184	121	788
012_12_RA18_GMCF3029a.sc__NODE_180589_length_553_cov_1.945783_2	REF062_FII_Falsiruegeria_litorea_R37_A0A1Y5S8H3	76.1	117	1	117	220	336	5.03e-58	184	121	787
012_12_RA18_GMCF3029a.sc__NODE_180589_length_553_cov_1.945783_2	REF048_FII_Ascidiaceihabitans_donghaensis_A0A2R8BD61	76.1	117	1	117	220	336	2.56e-57	182	121	788
012_12_RA18_GMCF3029a.sc__NODE_180687_length_553_cov_1.742972_1	REF065_OUT_Megalodesulfovibrio_gigas_Desulfovi_Q46509	39.7	121	5	123	6	126	1.15e-24	90.9	131	907
012_12_RA18_GMCF3029a.sc__NODE_180687_length_553_cov_1.742972_1	REF063_OUT_Bos_taurus_Bovine__P80457	33.8	139	7	131	10	147	1.69e-15	64.7	131	1332
012_12_RA18_GMCF3029a.sc__NODE_180885_length_553_cov_1.391566_1	REF066_OUT_Rhodobacter_capsulatus_Rhodopseudom_O54051	73.6	140	1	140	631	770	2.21e-68	213	149	777
012_12_RA18_GMCF3029a.sc__NODE_180885_length_553_cov_1.391566_1	REF063_OUT_Bos_taurus_Bovine__P80457	47.1	155	1	146	1162	1315	9.31e-37	126	149	1332
012_12_RA18_GMCF3029a.sc__NODE_180885_length_553_cov_1.391566_1	REF044_FII_Sulfoacidibacillus_ferrooxidans_A0A9X1V6V7	35.4	147	1	146	641	783	8.29e-16	66.2	149	784
012_12_RA18_GMCF3029a.sc__NODE_180885_length_553_cov_1.391566_1	REF061_FII_Streptomyces_smaragdinus_A0A7K0CAR3	32.7	147	1	143	640	779	1.13e-15	65.9	149	791
012_12_RA18_GMCF3029a.sc__NODE_180885_length_553_cov_1.391566_1	REF053_FII_Nocardioides_aquaticus_A0ABX8EDS7	36.7	139	3	140	656	790	1.55e-15	65.5	149	828
012_12_RA18_GMCF3029a.sc__NODE_181561_length_552_cov_1.726358_1	REF052_FII_Bradyrhizobium_ivorense_A0A508SVN1	73.5	166	1	166	363	528	1.90e-84	258	183	779
012_12_RA18_GMCF3029a.sc__NODE_181561_length_552_cov_1.726358_1	REF050_FII_Blastochloris_viridis_Rhodopseudomo_A0A0H5BCZ6	69.7	165	2	166	364	528	1.09e-77	240	183	788
012_12_RA18_GMCF3029a.sc__NODE_181561_length_552_cov_1.726358_1	REF058_FII_Cupriavidus_laharis_A0ABM8XSX1	64.5	166	1	166	366	531	2.55e-71	223	183	791
012_12_RA18_GMCF3029a.sc__NODE_181561_length_552_cov_1.726358_1	REF033_FII_Acidiphilium_multivorum_strain_DSM__F0J165	60.7	168	1	166	371	538	5.69e-68	214	183	801
012_12_RA18_GMCF3029a.sc__NODE_181561_length_552_cov_1.726358_1	REF062_FII_Falsiruegeria_litorea_R37_A0A1Y5S8H3	62.7	166	1	166	364	529	1.30e-67	213	183	787
012_12_RA18_GMCF3029a.sc__NODE_185685_length_547_cov_1.802846_1	REF003_FI_Thermomicrobium_roseum_strain_ATCC__B9L450	61.7	183	1	182	147	325	1.09e-72	226	182	781
012_12_RA18_GMCF3029a.sc__NODE_185685_length_547_cov_1.802846_1	REF006_FI_Ktedonobacter_racemifer_DSM_44963_D6TQ73	61.3	186	1	181	149	331	3.33e-71	223	182	789
012_12_RA18_GMCF3029a.sc__NODE_185685_length_547_cov_1.802846_1	REF004_FI_Thermogemmatispora_tikiterensis_A0A328VRJ9	59.7	186	1	181	151	333	1.80e-69	218	182	791
012_12_RA18_GMCF3029a.sc__NODE_185685_length_547_cov_1.802846_1	REF005_FI_Thermogemmatispora_aurantia_A0A5J4K876	59.7	186	1	181	151	333	1.80e-69	218	182	791
012_12_RA18_GMCF3029a.sc__NODE_185685_length_547_cov_1.802846_1	REF002_FI_Mycolicibacterium_smegmatis_strain__A0QQG4	59.4	175	2	175	162	333	2.71e-64	204	182	799
012_12_RA18_GMCF3029a.sc__NODE_186631_length_546_cov_1.596741_1	REF011_FI_Actibacterium_lipolyticum_A0A238JPJ5	89.5	181	2	182	615	795	5.22e-121	353	182	806
012_12_RA18_GMCF3029a.sc__NODE_186631_length_546_cov_1.596741_1	REF031_FI_Ruegeria_arenilitoris_A0A238KMA5	86.7	181	2	182	614	794	1.49e-116	342	182	805
012_12_RA18_GMCF3029a.sc__NODE_186631_length_546_cov_1.596741_1	REF027_FI_Pseudorhizobium_banfieldiae_L0NNE2	84.5	181	2	182	615	795	8.42e-116	340	182	806
012_12_RA18_GMCF3029a.sc__NODE_186631_length_546_cov_1.596741_1	REF015_FI_Antarctobacter_heliothermus_A0A222E7I6	86.2	181	2	182	614	794	4.56e-115	338	182	805
012_12_RA18_GMCF3029a.sc__NODE_186631_length_546_cov_1.596741_1	REF025_FI_Phaeobacter_gallaeciensis_A0A1B0ZWG3	85.1	181	2	182	613	793	1.75e-114	337	182	804
012_12_RA18_GMCF3029a.sc__NODE_189120_length_543_cov_1.842213_1	REF066_OUT_Rhodobacter_capsulatus_Rhodopseudom_O54051	63.3	180	1	180	482	661	2.75e-68	214	180	777
012_12_RA18_GMCF3029a.sc__NODE_189120_length_543_cov_1.842213_1	REF063_OUT_Bos_taurus_Bovine__P80457	42.8	180	1	180	1032	1192	1.76e-37	129	180	1332
012_12_RA18_GMCF3029a.sc__NODE_189120_length_543_cov_1.842213_1	REF049_FII_Gandjariella_thermophila_A0A4D4J4W8	33.9	180	3	176	471	635	9.09e-15	64.3	180	752
012_12_RA18_GMCF3029a.sc__NODE_189120_length_543_cov_1.842213_1	REF046_FII_Amycolatopsis_bartoniae_A0A8H9IQQ2	29.3	174	3	176	471	635	1.85e-11	54.7	180	752
012_12_RA18_GMCF3029a.sc__NODE_189926_length_542_cov_1.915811_1	REF041_FII_Actibacterium_lipolyticum_A0A238JRA4	62.2	156	25	180	497	652	3.30e-61	195	180	765
012_12_RA18_GMCF3029a.sc__NODE_189926_length_542_cov_1.915811_1	REF033_FII_Acidiphilium_multivorum_strain_DSM__F0J165	37.0	162	25	180	525	686	6.67e-25	93.6	180	801
012_12_RA18_GMCF3029a.sc__NODE_189926_length_542_cov_1.915811_1	REF058_FII_Cupriavidus_laharis_A0ABM8XSX1	35.8	162	25	180	518	679	1.23e-24	92.8	180	791
012_12_RA18_GMCF3029a.sc__NODE_189926_length_542_cov_1.915811_1	REF060_FII_Donghicola_eburneus_A0A1M4N221	36.4	162	25	180	516	677	2.28e-24	92.0	180	788
012_12_RA18_GMCF3029a.sc__NODE_189926_length_542_cov_1.915811_1	REF056_FII_Comamonas_aquatilis_A0ACE2T5A2	36.4	162	25	180	523	684	3.11e-24	91.7	180	795
012_12_RA18_GMCF3029a.sc__NODE_191231_length_540_cov_17.973196_1	REF063_OUT_Bos_taurus_Bovine__P80457	22.8	232	1	179	142	365	5.17e-15	65.1	179	1332
012_12_RA18_GMCF3029a.sc__NODE_191809_length_540_cov_1.622680_1	REF063_OUT_Bos_taurus_Bovine__P80457	47.5	61	1	57	98	158	1.72e-14	62.8	156	1332
012_12_RA18_GMCF3029a.sc__NODE_191809_length_540_cov_1.622680_1	REF065_OUT_Megalodesulfovibrio_gigas_Desulfovi_Q46509	49.2	65	1	58	85	148	6.63e-13	58.2	156	907
012_12_RA18_GMCF3029a.sc__NODE_192901_length_539_cov_1.340909_1	REF048_FII_Ascidiaceihabitans_donghaensis_A0A2R8BD61	80.0	135	1	134	623	757	4.94e-73	226	151	788
012_12_RA18_GMCF3029a.sc__NODE_192901_length_539_cov_1.340909_1	REF062_FII_Falsiruegeria_litorea_R37_A0A1Y5S8H3	79.3	135	1	134	623	757	9.46e-73	225	151	787
012_12_RA18_GMCF3029a.sc__NODE_192901_length_539_cov_1.340909_1	REF060_FII_Donghicola_eburneus_A0A1M4N221	76.3	135	1	134	623	757	5.12e-71	221	151	788
012_12_RA18_GMCF3029a.sc__NODE_192901_length_539_cov_1.340909_1	REF045_FII_Albidovulum_aquaemixtae_A0A2R8B4Q9	74.8	135	1	134	624	758	1.00e-69	217	151	788
012_12_RA18_GMCF3029a.sc__NODE_192901_length_539_cov_1.340909_1	REF054_FII_Cereibacter_sphaeroides_strain_ATCC_Q3J2E6	76.3	135	1	134	625	759	5.39e-68	213	151	790
012_12_RA18_GMCF3029a.sc__NODE_196131_length_535_cov_2.231250_2	REF039_FII_Luteitalea_pratensis_A0A143PSW7	31.0	100	17	115	639	737	1.70e-11	52.8	120	787
012_12_RA18_GMCF3029a.sc__NODE_196131_length_535_cov_2.231250_2	REF048_FII_Ascidiaceihabitans_donghaensis_A0A2R8BD61	39.5	86	18	102	640	724	8.02e-11	50.8	120	788
012_12_RA18_GMCF3029a.sc__NODE_196131_length_535_cov_2.231250_2	REF053_FII_Nocardioides_aquaticus_A0ABX8EDS7	32.4	102	26	116	655	751	8.05e-11	50.8	120	828
012_12_RA18_GMCF3029a.sc__NODE_197315_length_534_cov_1.611691_1	REF065_OUT_Megalodesulfovibrio_gigas_Desulfovi_Q46509	39.4	71	12	79	86	156	9.82e-14	57.4	80	907
012_12_RA18_GMCF3029a.sc__NODE_198944_length_532_cov_2.060797_1	REF066_OUT_Rhodobacter_capsulatus_Rhodopseudom_O54051	45.5	176	1	175	14	189	1.20e-41	141	176	777
012_12_RA18_GMCF3029a.sc__NODE_198944_length_532_cov_2.060797_1	REF063_OUT_Bos_taurus_Bovine__P80457	28.2	174	4	176	587	758	4.81e-19	76.6	176	1332
012_12_RA18_GMCF3029a.sc__NODE_198944_length_532_cov_2.060797_1	REF025_FI_Phaeobacter_gallaeciensis_A0A1B0ZWG3	39.8	108	5	109	32	138	9.56e-14	61.2	176	804
012_12_RA18_GMCF3029a.sc__NODE_198944_length_532_cov_2.060797_1	REF065_OUT_Megalodesulfovibrio_gigas_Desulfovi_Q46509	28.4	197	1	175	187	381	2.43e-13	60.1	176	907
012_12_RA18_GMCF3029a.sc__NODE_198944_length_532_cov_2.060797_1	REF064_OUT_Escherichia_coli_strain_K12__Q46799	26.7	191	1	174	7	196	2.00e-12	57.4	176	752
012_12_RA18_GMCF3029a.sc__NODE_199235_length_532_cov_1.503145_2	REF062_FII_Falsiruegeria_litorea_R37_A0A1Y5S8H3	80.6	144	1	144	642	785	7.91e-84	254	148	787
012_12_RA18_GMCF3029a.sc__NODE_199235_length_532_cov_1.503145_2	REF048_FII_Ascidiaceihabitans_donghaensis_A0A2R8BD61	77.6	147	1	147	642	788	6.03e-83	252	148	788
012_12_RA18_GMCF3029a.sc__NODE_199235_length_532_cov_1.503145_2	REF060_FII_Donghicola_eburneus_A0A1M4N221	76.7	146	1	145	642	787	3.52e-80	245	148	788
012_12_RA18_GMCF3029a.sc__NODE_199235_length_532_cov_1.503145_2	REF045_FII_Albidovulum_aquaemixtae_A0A2R8B4Q9	73.6	144	1	144	643	786	4.17e-75	231	148	788
012_12_RA18_GMCF3029a.sc__NODE_199235_length_532_cov_1.503145_2	REF054_FII_Cereibacter_sphaeroides_strain_ATCC_Q3J2E6	70.5	146	1	145	644	789	4.66e-71	221	148	790
012_12_RA18_GMCF3029a.sc__NODE_200117_length_531_cov_1.590336_1	REF066_OUT_Rhodobacter_capsulatus_Rhodopseudom_O54051	31.9	113	51	161	510	618	1.36e-11	54.7	167	777
012_12_RA18_GMCF3029a.sc__NODE_201107_length_530_cov_1.467368_1	REF066_OUT_Rhodobacter_capsulatus_Rhodopseudom_O54051	55.3	103	1	103	670	770	2.32e-33	114	111	777
012_12_RA18_GMCF3029a.sc__NODE_201107_length_530_cov_1.467368_1	REF063_OUT_Bos_taurus_Bovine__P80457	48.1	108	1	102	1201	1308	6.82e-29	102	111	1332
012_12_RA18_GMCF3029a.sc__NODE_201127_length_530_cov_1.435789_1	REF063_OUT_Bos_taurus_Bovine__P80457	39.6	96	12	104	8	103	3.03e-16	68.6	176	1332
012_12_RA18_GMCF3029a.sc__NODE_201127_length_530_cov_1.435789_1	REF065_OUT_Megalodesulfovibrio_gigas_Desulfovi_Q46509	36.0	89	22	107	13	93	2.34e-11	54.3	176	907
012_12_RA18_GMCF3029a.sc__NODE_201270_length_530_cov_1.195789_2	REF065_OUT_Megalodesulfovibrio_gigas_Desulfovi_Q46509	42.4	99	1	98	28	126	3.18e-25	91.7	113	907
012_12_RA18_GMCF3029a.sc__NODE_201270_length_530_cov_1.195789_2	REF063_OUT_Bos_taurus_Bovine__P80457	35.1	111	1	100	31	141	8.64e-18	70.5	113	1332
012_12_RA18_GMCF3029a.sc__NODE_201587_length_529_cov_2.457806_1	REF065_OUT_Megalodesulfovibrio_gigas_Desulfovi_Q46509	43.5	131	7	134	21	150	6.06e-31	109	143	907
012_12_RA18_GMCF3029a.sc__NODE_201587_length_529_cov_2.457806_1	REF063_OUT_Bos_taurus_Bovine__P80457	35.6	132	9	130	26	157	5.23e-25	92.4	143	1332
012_12_RA18_GMCF3029a.sc__NODE_204194_length_527_cov_0.885593_1	REF059_FII_Streptomonospora_litoralis_A0A4P6PZM8	34.3	137	10	145	179	315	6.97e-18	73.2	175	800
012_12_RA18_GMCF3029a.sc__NODE_204194_length_527_cov_0.885593_1	REF036_FII_Calidithermus_roseus_A0A399EKG8	32.6	141	10	146	171	310	1.49e-16	69.3	175	764
012_12_RA18_GMCF3029a.sc__NODE_204194_length_527_cov_0.885593_1	REF042_FII_Actinomadura_macrotermitis_A0A7K0C220	30.7	137	10	145	166	302	4.37e-15	65.1	175	798
012_12_RA18_GMCF3029a.sc__NODE_204194_length_527_cov_0.885593_1	REF060_FII_Donghicola_eburneus_A0A1M4N221	32.8	134	15	143	180	312	1.97e-12	57.4	175	788
012_12_RA18_GMCF3029a.sc__NODE_204194_length_527_cov_0.885593_1	REF040_FII_Nitrolancea_hollandica_Lb_I4ED45	28.6	140	10	145	170	308	2.66e-12	57.0	175	784
012_12_RA18_GMCF3029a.sc__NODE_205190_length_526_cov_0.980892_1	REF063_OUT_Bos_taurus_Bovine__P80457	39.0	118	1	115	39	156	1.12e-24	92.8	175	1332
012_12_RA18_GMCF3029a.sc__NODE_205190_length_526_cov_0.980892_1	REF065_OUT_Megalodesulfovibrio_gigas_Desulfovi_Q46509	35.3	150	2	148	37	177	1.10e-22	87.0	175	907
012_12_RA18_GMCF3029a.sc__NODE_206032_length_525_cov_1.376596_1	REF063_OUT_Bos_taurus_Bovine__P80457	42.2	154	15	157	5	158	7.40e-33	116	175	1332
012_12_RA18_GMCF3029a.sc__NODE_206032_length_525_cov_1.376596_1	REF065_OUT_Megalodesulfovibrio_gigas_Desulfovi_Q46509	39.3	163	20	175	8	163	8.89e-28	101	175	907
012_12_RA18_GMCF3029a.sc__NODE_206293_length_524_cov_3.332623_1	REF063_OUT_Bos_taurus_Bovine__P80457	45.3	75	3	76	332	400	2.52e-14	58.9	77	1332
012_12_RA18_GMCF3029a.sc__NODE_207909_length_523_cov_1.542735_1	REF066_OUT_Rhodobacter_capsulatus_Rhodopseudom_O54051	55.0	109	3	111	523	631	2.32e-33	114	111	777
012_12_RA18_GMCF3029a.sc__NODE_207909_length_523_cov_1.542735_1	REF063_OUT_Bos_taurus_Bovine__P80457	34.9	109	3	111	1073	1162	4.54e-11	51.2	111	1332
012_12_RA18_GMCF3029a.sc__NODE_207909_length_523_cov_1.542735_2	REF066_OUT_Rhodobacter_capsulatus_Rhodopseudom_O54051	43.3	60	1	60	50	109	4.73e-12	51.6	60	777
012_12_RA18_GMCF3029a.sc__NODE_210488_length_520_cov_2.477419_1	REF064_OUT_Escherichia_coli_strain_K12__Q46799	35.5	172	3	173	212	383	7.84e-30	107	173	752
012_12_RA18_GMCF3029a.sc__NODE_210488_length_520_cov_2.477419_1	REF065_OUT_Megalodesulfovibrio_gigas_Desulfovi_Q46509	33.9	168	6	173	399	566	2.42e-28	103	173	907
012_12_RA18_GMCF3029a.sc__NODE_210488_length_520_cov_2.477419_1	REF059_FII_Streptomonospora_litoralis_A0A4P6PZM8	37.0	173	6	173	236	405	6.16e-26	96.3	173	800
012_12_RA18_GMCF3029a.sc__NODE_210488_length_520_cov_2.477419_1	REF035_FII_Ardenticatena_maritima_A0A0M8K8I5	34.5	177	5	173	232	402	1.35e-24	92.4	173	789
012_12_RA18_GMCF3029a.sc__NODE_210488_length_520_cov_2.477419_1	REF040_FII_Nitrolancea_hollandica_Lb_I4ED45	35.1	174	6	173	229	399	4.62e-24	90.9	173	784
012_12_RA18_GMCF3029a.sc__NODE_211517_length_519_cov_2.469828_1	REF066_OUT_Rhodobacter_capsulatus_Rhodopseudom_O54051	42.6	61	2	62	175	234	1.51e-12	53.9	78	777
012_12_RA18_GMCF3029a.sc__NODE_211517_length_519_cov_2.469828_1	REF063_OUT_Bos_taurus_Bovine__P80457	44.6	65	2	65	743	807	2.86e-12	53.1	78	1332
012_12_RA18_GMCF3029a.sc__NODE_214990_length_516_cov_1.689805_1	REF066_OUT_Rhodobacter_capsulatus_Rhodopseudom_O54051	42.5	87	6	92	2	87	1.78e-17	69.3	108	777
012_12_RA18_GMCF3029a.sc__NODE_218061_length_513_cov_1.790393_1	REF040_FII_Nitrolancea_hollandica_Lb_I4ED45	47.5	61	2	62	339	399	1.11e-13	60.8	170	784
012_12_RA18_GMCF3029a.sc__NODE_218061_length_513_cov_1.790393_1	REF065_OUT_Megalodesulfovibrio_gigas_Desulfovi_Q46509	46.0	63	6	68	510	572	7.08e-13	58.5	170	907
012_12_RA18_GMCF3029a.sc__NODE_218061_length_513_cov_1.790393_1	REF064_OUT_Escherichia_coli_strain_K12__Q46799	45.1	51	18	68	339	389	3.64e-11	53.5	170	752
012_12_RA18_GMCF3029a.sc__NODE_218061_length_513_cov_1.790393_1	REF063_OUT_Bos_taurus_Bovine__P80457	34.5	84	1	84	884	967	7.14e-11	52.8	170	1332
012_12_RA18_GMCF3029a.sc__NODE_220881_length_510_cov_3.173626_1	REF064_OUT_Escherichia_coli_strain_K12__Q46799	30.5	105	13	110	633	737	1.59e-11	52.8	118	752
012_12_RA18_GMCF3029a.sc__NODE_221350_length_510_cov_1.782418_1	REF063_OUT_Bos_taurus_Bovine__P80457	31.1	90	1	86	691	780	1.12e-11	52.0	89	1332
012_12_RA18_GMCF3029a.sc__NODE_222032_length_509_cov_2.651982_1	REF065_OUT_Megalodesulfovibrio_gigas_Desulfovi_Q46509	47.5	122	1	119	32	153	2.70e-32	112	126	907
012_12_RA18_GMCF3029a.sc__NODE_222032_length_509_cov_2.651982_1	REF063_OUT_Bos_taurus_Bovine__P80457	36.2	130	1	119	35	164	1.41e-22	84.7	126	1332
012_12_RA18_GMCF3029a.sc__NODE_224821_length_507_cov_1.469027_1	REF059_FII_Streptomonospora_litoralis_A0A4P6PZM8	35.6	90	37	125	204	293	1.40e-11	54.7	168	800
012_12_RA18_GMCF3029a.sc__NODE_224821_length_507_cov_1.469027_1	REF053_FII_Nocardioides_aquaticus_A0ABX8EDS7	35.2	88	37	123	209	295	6.47e-11	52.8	168	828
012_12_RA18_GMCF3029a.sc__NODE_224977_length_507_cov_1.241150_1	REF012_FI_Bacillus_methanolicus_strain_MGA3_A_I3E8H4	75.2	149	1	149	408	556	2.56e-76	235	155	783
012_12_RA18_GMCF3029a.sc__NODE_224977_length_507_cov_1.241150_1	REF003_FI_Thermomicrobium_roseum_strain_ATCC__B9L450	74.7	150	1	150	406	555	1.32e-75	233	155	781
012_12_RA18_GMCF3029a.sc__NODE_224977_length_507_cov_1.241150_1	REF017_FI_Meiothermus_granaticius_NBRC_107808_A0A399F476	72.5	149	1	149	423	571	1.81e-72	225	155	799
012_12_RA18_GMCF3029a.sc__NODE_224977_length_507_cov_1.241150_1	REF014_FI_Deinococcus_caeni_A0ABP9UI58	71.3	150	1	150	414	563	3.29e-70	219	155	792
012_12_RA18_GMCF3029a.sc__NODE_224977_length_507_cov_1.241150_1	REF004_FI_Thermogemmatispora_tikiterensis_A0A328VRJ9	68.7	150	1	150	415	564	1.22e-69	217	155	791
012_12_RA18_GMCF3029a.sc__NODE_225409_length_506_cov_2.407982_1	REF066_OUT_Rhodobacter_capsulatus_Rhodopseudom_O54051	57.1	168	1	168	20	187	5.80e-58	186	168	777
012_12_RA18_GMCF3029a.sc__NODE_225409_length_506_cov_2.407982_1	REF063_OUT_Bos_taurus_Bovine__P80457	34.3	166	1	166	590	753	2.32e-22	85.9	168	1332
012_12_RA18_GMCF3029a.sc__NODE_225409_length_506_cov_2.407982_1	REF049_FII_Gandjariella_thermophila_A0A4D4J4W8	36.6	123	3	123	23	143	1.42e-17	72.0	168	752
012_12_RA18_GMCF3029a.sc__NODE_225409_length_506_cov_2.407982_1	REF034_FII_Actinoallomurus_iriomotensis_A0A9W6W744	32.4	136	1	132	21	154	4.18e-16	67.8	168	751
012_12_RA18_GMCF3029a.sc__NODE_225409_length_506_cov_2.407982_1	REF041_FII_Actibacterium_lipolyticum_A0A238JRA4	36.9	141	2	127	24	153	2.26e-14	62.8	168	765
012_12_RA18_GMCF3029a.sc__NODE_227250_length_505_cov_1.206667_1	REF003_FI_Thermomicrobium_roseum_strain_ATCC__B9L450	65.0	117	1	117	40	156	1.08e-46	152	118	781
012_12_RA18_GMCF3029a.sc__NODE_227250_length_505_cov_1.206667_1	REF004_FI_Thermogemmatispora_tikiterensis_A0A328VRJ9	64.3	115	2	116	45	159	8.30e-44	144	118	791
012_12_RA18_GMCF3029a.sc__NODE_227250_length_505_cov_1.206667_1	REF005_FI_Thermogemmatispora_aurantia_A0A5J4K876	63.5	115	2	116	45	159	2.13e-43	143	118	791
012_12_RA18_GMCF3029a.sc__NODE_227250_length_505_cov_1.206667_1	REF028_FI_Pseudoruegeria_aquimaris_A0A1Y5RQJ2	58.1	117	2	118	49	165	2.98e-43	143	118	805
012_12_RA18_GMCF3029a.sc__NODE_227250_length_505_cov_1.206667_1	REF006_FI_Ktedonobacter_racemifer_DSM_44963_D6TQ73	63.5	115	2	116	43	157	3.97e-43	142	118	789
012_12_RA18_GMCF3029a.sc__NODE_227603_length_504_cov_2.492205_1	REF066_OUT_Rhodobacter_capsulatus_Rhodopseudom_O54051	53.7	123	1	123	168	289	2.49e-39	134	168	777
012_12_RA18_GMCF3029a.sc__NODE_227603_length_504_cov_2.492205_1	REF063_OUT_Bos_taurus_Bovine__P80457	42.4	132	1	131	736	867	3.23e-31	111	168	1332
012_12_RA18_GMCF3029a.sc__NODE_231690_length_501_cov_1.278027_1	REF035_FII_Ardenticatena_maritima_A0A0M8K8I5	31.9	163	2	164	533	692	2.81e-24	91.3	167	789
012_12_RA18_GMCF3029a.sc__NODE_231690_length_501_cov_1.278027_1	REF058_FII_Cupriavidus_laharis_A0ABM8XSX1	32.9	167	2	167	536	698	9.66e-24	89.7	167	791
012_12_RA18_GMCF3029a.sc__NODE_231690_length_501_cov_1.278027_1	REF061_FII_Streptomyces_smaragdinus_A0A7K0CAR3	32.5	166	2	167	528	690	4.52e-23	87.8	167	791
012_12_RA18_GMCF3029a.sc__NODE_231690_length_501_cov_1.278027_1	REF043_FII_Deinococcus_aluminii_A0ABP9XBM4	31.5	165	2	166	533	694	6.16e-23	87.4	167	796
012_12_RA18_GMCF3029a.sc__NODE_231690_length_501_cov_1.278027_1	REF042_FII_Actinomadura_macrotermitis_A0A7K0C220	32.5	166	2	167	525	687	8.39e-23	87.0	167	798
012_12_RA18_GMCF3029a.sc__NODE_231842_length_501_cov_0.914798_1	REF063_OUT_Bos_taurus_Bovine__P80457	49.5	101	1	101	831	931	5.88e-30	104	104	1332
012_12_RA18_GMCF3029a.sc__NODE_231842_length_501_cov_0.914798_1	REF066_OUT_Rhodobacter_capsulatus_Rhodopseudom_O54051	42.6	101	1	101	261	361	4.42e-23	85.1	104	777
012_12_RA18_GMCF3029a.sc__NODE_231842_length_501_cov_0.914798_1	REF064_OUT_Escherichia_coli_strain_K12__Q46799	33.0	94	6	97	274	365	1.36e-11	52.4	104	752
012_12_RA18_GMCF3029a.sc__NODE_231842_length_501_cov_0.914798_1	REF065_OUT_Megalodesulfovibrio_gigas_Desulfovi_Q46509	29.9	97	6	102	457	553	1.89e-11	52.0	104	907
013_13_RA22_GMCF3029a.meta__NODE_371_length_3562_cov_8.424865_1	REF066_OUT_Rhodobacter_capsulatus_Rhodopseudom_O54051	46.9	130	9	138	8	137	7.56e-32	112	146	777
013_13_RA22_GMCF3029a.meta__NODE_371_length_3562_cov_8.424865_1	REF063_OUT_Bos_taurus_Bovine__P80457	39.2	130	9	138	578	706	3.25e-23	87.4	146	1332
013_13_RA22_GMCF3029a.meta__NODE_371_length_3562_cov_8.424865_1	REF035_FII_Ardenticatena_maritima_A0A0M8K8I5	41.0	139	5	133	10	146	8.15e-21	80.5	146	789
013_13_RA22_GMCF3029a.meta__NODE_371_length_3562_cov_8.424865_1	REF058_FII_Cupriavidus_laharis_A0ABM8XSX1	39.0	136	19	140	25	159	1.51e-20	79.7	146	791
013_13_RA22_GMCF3029a.meta__NODE_371_length_3562_cov_8.424865_1	REF033_FII_Acidiphilium_multivorum_strain_DSM__F0J165	36.7	139	17	141	27	164	3.34e-19	75.9	146	801
013_13_RA22_GMCF3029a.meta__NODE_371_length_3562_cov_8.424865_2	REF063_OUT_Bos_taurus_Bovine__P80457	28.5	520	9	468	8	521	1.50e-56	196	492	1332
013_13_RA22_GMCF3029a.meta__NODE_371_length_3562_cov_8.424865_2	REF065_OUT_Megalodesulfovibrio_gigas_Desulfovi_Q46509	38.6	158	15	163	5	148	1.55e-22	94.0	492	907
013_13_RA22_GMCF3029a.meta__NODE_805_length_2814_cov_11.290685_1	REF041_FII_Actibacterium_lipolyticum_A0A238JRA4	58.3	127	54	180	635	761	2.99e-48	160	184	765
013_13_RA22_GMCF3029a.meta__NODE_805_length_2814_cov_11.290685_1	REF062_FII_Falsiruegeria_litorea_R37_A0A1Y5S8H3	52.4	126	55	177	668	786	2.61e-35	123	184	787
013_13_RA22_GMCF3029a.meta__NODE_805_length_2814_cov_11.290685_1	REF056_FII_Comamonas_aquatilis_A0ACE2T5A2	57.0	107	72	177	685	791	4.25e-34	120	184	795
013_13_RA22_GMCF3029a.meta__NODE_805_length_2814_cov_11.290685_1	REF045_FII_Albidovulum_aquaemixtae_A0A2R8B4Q9	52.7	129	53	177	660	787	1.07e-33	119	184	788
013_13_RA22_GMCF3029a.meta__NODE_805_length_2814_cov_11.290685_1	REF048_FII_Ascidiaceihabitans_donghaensis_A0A2R8BD61	49.2	128	54	178	660	787	2.71e-33	117	184	788
013_13_RA22_GMCF3029a.meta__NODE_2398_length_1958_cov_7.230688_3	REF066_OUT_Rhodobacter_capsulatus_Rhodopseudom_O54051	54.9	91	2	92	682	770	9.22e-27	95.5	102	777
013_13_RA22_GMCF3029a.meta__NODE_2398_length_1958_cov_7.230688_3	REF063_OUT_Bos_taurus_Bovine__P80457	46.2	93	2	88	1213	1305	5.39e-20	76.3	102	1332
013_13_RA22_GMCF3029a.meta__NODE_3077_length_1800_cov_2.651576_2	REF041_FII_Actibacterium_lipolyticum_A0A238JRA4	65.7	396	1	396	369	764	3.22e-185	526	398	765
013_13_RA22_GMCF3029a.meta__NODE_3077_length_1800_cov_2.651576_2	REF054_FII_Cereibacter_sphaeroides_strain_ATCC_Q3J2E6	44.8	415	1	390	377	789	6.57e-101	310	398	790
013_13_RA22_GMCF3029a.meta__NODE_3077_length_1800_cov_2.651576_2	REF058_FII_Cupriavidus_laharis_A0ABM8XSX1	43.8	413	1	392	379	789	1.98e-99	306	398	791
013_13_RA22_GMCF3029a.meta__NODE_3077_length_1800_cov_2.651576_2	REF060_FII_Donghicola_eburneus_A0A1M4N221	43.6	413	1	390	377	787	3.91e-98	303	398	788
013_13_RA22_GMCF3029a.meta__NODE_3077_length_1800_cov_2.651576_2	REF056_FII_Comamonas_aquatilis_A0ACE2T5A2	44.1	413	1	393	384	793	2.44e-97	301	398	795
013_13_RA22_GMCF3029a.meta__NODE_3560_length_1709_cov_3.212213_3	REF041_FII_Actibacterium_lipolyticum_A0A238JRA4	61.9	176	1	176	1	176	5.58e-66	208	176	765
013_13_RA22_GMCF3029a.meta__NODE_3560_length_1709_cov_3.212213_3	REF033_FII_Acidiphilium_multivorum_strain_DSM__F0J165	40.4	178	3	176	11	188	1.75e-34	120	176	801
013_13_RA22_GMCF3029a.meta__NODE_3560_length_1709_cov_3.212213_3	REF062_FII_Falsiruegeria_litorea_R37_A0A1Y5S8H3	42.0	162	11	168	12	171	6.00e-34	119	176	787
013_13_RA22_GMCF3029a.meta__NODE_3560_length_1709_cov_3.212213_3	REF052_FII_Bradyrhizobium_ivorense_A0A508SVN1	41.7	175	1	171	3	175	8.16e-34	119	176	779
013_13_RA22_GMCF3029a.meta__NODE_3560_length_1709_cov_3.212213_3	REF048_FII_Ascidiaceihabitans_donghaensis_A0A2R8BD61	43.0	158	11	164	12	167	1.12e-33	118	176	788
013_13_RA22_GMCF3029a.meta__NODE_3777_length_1672_cov_7.181818_1	REF002_FI_Mycolicibacterium_smegmatis_strain__A0QQG4	43.4	122	13	131	25	143	2.52e-23	87.0	131	799
013_13_RA22_GMCF3029a.meta__NODE_3777_length_1672_cov_7.181818_1	REF023_FI_Rhodococcus_gordoniae_A0A379LVU4	41.2	119	13	131	23	141	1.19e-22	85.1	131	797
013_13_RA22_GMCF3029a.meta__NODE_3777_length_1672_cov_7.181818_1	REF016_FI_Mycobacterium_attenuatum_A0A498PSI1	44.3	122	13	131	28	146	3.02e-22	84.0	131	802
013_13_RA22_GMCF3029a.meta__NODE_3777_length_1672_cov_7.181818_1	REF019_FI_Mycolicibacterium_chitae_Mycobacter_A0A448IBW4	41.8	122	13	131	22	140	1.94e-21	81.6	131	796
013_13_RA22_GMCF3029a.meta__NODE_3777_length_1672_cov_7.181818_1	REF013_FI_Capillimicrobium_parvum_A0A9E6Y1X1	40.2	127	13	131	17	135	8.02e-20	77.0	131	807
013_13_RA22_GMCF3029a.meta__NODE_4811_length_1528_cov_10.921928_2	REF065_OUT_Megalodesulfovibrio_gigas_Desulfovi_Q46509	39.6	144	6	145	6	149	1.40e-31	111	154	907
013_13_RA22_GMCF3029a.meta__NODE_4811_length_1528_cov_10.921928_2	REF063_OUT_Bos_taurus_Bovine__P80457	37.8	156	8	150	10	165	7.10e-29	103	154	1332
013_13_RA22_GMCF3029a.meta__NODE_4827_length_1527_cov_3.934783_2	REF065_OUT_Megalodesulfovibrio_gigas_Desulfovi_Q46509	41.4	157	10	163	7	163	9.98e-38	130	174	907
013_13_RA22_GMCF3029a.meta__NODE_4827_length_1527_cov_3.934783_2	REF063_OUT_Bos_taurus_Bovine__P80457	41.7	156	11	154	10	165	2.07e-33	117	174	1332
013_13_RA22_GMCF3029a.meta__NODE_4827_length_1527_cov_3.934783_3	REF035_FII_Ardenticatena_maritima_A0A0M8K8I5	44.1	161	2	162	4	163	1.80e-34	120	168	789
013_13_RA22_GMCF3029a.meta__NODE_4827_length_1527_cov_3.934783_3	REF037_FII_Fibrella_aestuarina_BUZ_2_I0KFJ2	40.7	172	1	162	7	171	7.42e-33	115	168	796
013_13_RA22_GMCF3029a.meta__NODE_4827_length_1527_cov_3.934783_3	REF008_FI_Paraburkholderia_xenovorans_strain__Q13YL7	48.1	131	6	136	17	139	5.66e-31	110	168	803
013_13_RA22_GMCF3029a.meta__NODE_4827_length_1527_cov_3.934783_3	REF022_FI_Paraburkholderia_dioscoreae_A0A5Q4ZDG8	48.1	131	6	136	17	139	5.66e-31	110	168	803
013_13_RA22_GMCF3029a.meta__NODE_4827_length_1527_cov_3.934783_3	REF047_FII_Meiothermus_granaticius_NBRC_107808_A0A399F9R8	43.0	165	1	161	1	159	1.05e-30	109	168	789
013_13_RA22_GMCF3029a.meta__NODE_5302_length_1478_cov_8.275474_1	REF066_OUT_Rhodobacter_capsulatus_Rhodopseudom_O54051	46.3	328	1	310	231	558	1.23e-90	280	317	777
013_13_RA22_GMCF3029a.meta__NODE_5302_length_1478_cov_8.275474_1	REF063_OUT_Bos_taurus_Bovine__P80457	40.6	303	1	303	801	1101	8.34e-65	214	317	1332
013_13_RA22_GMCF3029a.meta__NODE_5302_length_1478_cov_8.275474_1	REF064_OUT_Escherichia_coli_strain_K12__Q46799	27.6	243	22	264	260	498	8.11e-20	82.8	317	752
013_13_RA22_GMCF3029a.meta__NODE_5302_length_1478_cov_8.275474_1	REF034_FII_Actinoallomurus_iriomotensis_A0A9W6W744	26.0	304	11	306	247	541	2.65e-19	81.3	317	751
013_13_RA22_GMCF3029a.meta__NODE_5302_length_1478_cov_8.275474_1	REF036_FII_Calidithermus_roseus_A0A399EKG8	25.3	297	11	306	264	553	1.29e-16	73.2	317	764
013_13_RA22_GMCF3029a.meta__NODE_5302_length_1478_cov_8.275474_2	REF066_OUT_Rhodobacter_capsulatus_Rhodopseudom_O54051	54.8	177	1	177	560	736	2.08e-65	207	181	777
013_13_RA22_GMCF3029a.meta__NODE_5302_length_1478_cov_8.275474_2	REF063_OUT_Bos_taurus_Bovine__P80457	50.0	156	23	178	1113	1268	5.82e-50	165	181	1332
013_13_RA22_GMCF3029a.meta__NODE_5302_length_1478_cov_8.275474_2	REF065_OUT_Megalodesulfovibrio_gigas_Desulfovi_Q46509	31.5	127	49	174	752	872	1.26e-12	58.2	181	907
013_13_RA22_GMCF3029a.meta__NODE_5302_length_1478_cov_8.275474_2	REF035_FII_Ardenticatena_maritima_A0A0M8K8I5	34.5	84	63	146	636	719	4.17e-12	56.6	181	789
013_13_RA22_GMCF3029a.meta__NODE_5302_length_1478_cov_8.275474_2	REF041_FII_Actibacterium_lipolyticum_A0A238JRA4	31.3	99	48	146	600	695	1.40e-11	55.1	181	765
013_13_RA22_GMCF3029a.meta__NODE_5636_length_1442_cov_4.169430_2	REF065_OUT_Megalodesulfovibrio_gigas_Desulfovi_Q46509	38.8	152	5	152	6	157	5.16e-33	115	157	907
013_13_RA22_GMCF3029a.meta__NODE_5636_length_1442_cov_4.169430_2	REF063_OUT_Bos_taurus_Bovine__P80457	37.7	146	5	137	8	153	2.37e-27	99.8	157	1332
013_13_RA22_GMCF3029a.meta__NODE_7577_length_1291_cov_7.369741_1	REF035_FII_Ardenticatena_maritima_A0A0M8K8I5	34.7	435	1	429	137	567	1.81e-76	246	429	789
013_13_RA22_GMCF3029a.meta__NODE_7577_length_1291_cov_7.369741_1	REF040_FII_Nitrolancea_hollandica_Lb_I4ED45	32.9	441	1	429	136	564	1.69e-75	244	429	784
013_13_RA22_GMCF3029a.meta__NODE_7577_length_1291_cov_7.369741_1	REF036_FII_Calidithermus_roseus_A0A399EKG8	34.8	420	1	419	138	539	6.64e-72	234	429	764
013_13_RA22_GMCF3029a.meta__NODE_7577_length_1291_cov_7.369741_1	REF052_FII_Bradyrhizobium_ivorense_A0A508SVN1	33.0	424	1	419	139	557	5.93e-70	229	429	779
013_13_RA22_GMCF3029a.meta__NODE_7577_length_1291_cov_7.369741_1	REF038_FII_Kyrpidia_spormannii_A0A2K8N8V7	31.6	433	1	429	134	561	3.10e-69	227	429	780
013_13_RA22_GMCF3029a.meta__NODE_7887_length_1273_cov_3.844007_2	REF063_OUT_Bos_taurus_Bovine__P80457	28.1	391	7	350	98	484	1.19e-45	162	417	1332
013_13_RA22_GMCF3029a.meta__NODE_7887_length_1273_cov_3.844007_2	REF065_OUT_Megalodesulfovibrio_gigas_Desulfovi_Q46509	38.8	67	6	72	84	148	1.75e-11	58.5	417	907
013_13_RA22_GMCF3029a.meta__NODE_8395_length_1243_cov_4.595118_1	REF064_OUT_Escherichia_coli_strain_K12__Q46799	25.5	333	2	309	103	420	6.98e-12	59.7	414	752
013_13_RA22_GMCF3029a.meta__NODE_8395_length_1243_cov_4.595118_1	REF053_FII_Nocardioides_aquaticus_A0ABX8EDS7	32.4	111	60	167	190	297	2.93e-11	57.8	414	828
013_13_RA22_GMCF3029a.meta__NODE_9117_length_1206_cov_3.254561_1	REF065_OUT_Megalodesulfovibrio_gigas_Desulfovi_Q46509	48.3	60	13	72	848	907	3.17e-13	55.8	78	907
013_13_RA22_GMCF3029a.meta__NODE_9117_length_1206_cov_3.254561_1	REF036_FII_Calidithermus_roseus_A0A399EKG8	49.0	49	23	71	712	760	2.52e-11	50.4	78	764
013_13_RA22_GMCF3029a.meta__NODE_9117_length_1206_cov_3.254561_1	REF064_OUT_Escherichia_coli_strain_K12__Q46799	42.6	54	13	66	689	742	8.79e-11	48.9	78	752
013_13_RA22_GMCF3029a.meta__NODE_10409_length_1146_cov_7.395050_2	REF063_OUT_Bos_taurus_Bovine__P80457	35.2	267	15	246	8	266	5.19e-46	157	247	1332
013_13_RA22_GMCF3029a.meta__NODE_10409_length_1146_cov_7.395050_2	REF065_OUT_Megalodesulfovibrio_gigas_Desulfovi_Q46509	35.5	141	35	172	25	148	4.82e-21	84.7	247	907
013_13_RA22_GMCF3029a.meta__NODE_12297_length_1076_cov_3.828599_1	REF064_OUT_Escherichia_coli_strain_K12__Q46799	27.8	133	134	259	608	737	3.37e-12	58.9	268	752
013_13_RA22_GMCF3029a.meta__NODE_13209_length_1048_cov_11.807654_1	REF063_OUT_Bos_taurus_Bovine__P80457	35.0	117	1	113	50	166	5.43e-19	77.0	191	1332
013_13_RA22_GMCF3029a.meta__NODE_13209_length_1048_cov_11.807654_1	REF065_OUT_Megalodesulfovibrio_gigas_Desulfovi_Q46509	41.8	91	21	107	59	149	3.65e-15	65.9	191	907
013_13_RA22_GMCF3029a.meta__NODE_14050_length_1024_cov_2.071207_1	REF066_OUT_Rhodobacter_capsulatus_Rhodopseudom_O54051	43.8	112	7	118	661	770	8.34e-27	96.7	124	777
013_13_RA22_GMCF3029a.meta__NODE_14050_length_1024_cov_2.071207_1	REF063_OUT_Bos_taurus_Bovine__P80457	43.1	116	5	114	1190	1305	3.59e-25	92.0	124	1332
013_13_RA22_GMCF3029a.meta__NODE_14050_length_1024_cov_2.071207_1	REF042_FII_Actinomadura_macrotermitis_A0A7K0C220	35.0	120	4	118	664	773	8.71e-13	56.6	124	798
013_13_RA22_GMCF3029a.meta__NODE_14050_length_1024_cov_2.071207_1	REF044_FII_Sulfoacidibacillus_ferrooxidans_A0A9X1V6V7	34.8	112	4	114	668	773	1.19e-12	56.2	124	784
013_13_RA22_GMCF3029a.meta__NODE_14050_length_1024_cov_2.071207_1	REF002_FI_Mycolicibacterium_smegmatis_strain__A0QQG4	36.9	111	4	114	682	787	1.42e-11	53.1	124	799
013_13_RA22_GMCF3029a.meta__NODE_14215_length_1019_cov_5.488589_1	REF066_OUT_Rhodobacter_capsulatus_Rhodopseudom_O54051	43.8	64	6	69	2	64	9.79e-12	51.2	70	777
013_13_RA22_GMCF3029a.meta__NODE_14215_length_1019_cov_5.488589_2	REF063_OUT_Bos_taurus_Bovine__P80457	29.2	137	6	139	324	460	1.50e-12	58.9	214	1332
013_13_RA22_GMCF3029a.meta__NODE_14425_length_1014_cov_4.545360_1	REF066_OUT_Rhodobacter_capsulatus_Rhodopseudom_O54051	46.8	109	1	109	24	132	1.13e-23	87.8	126	777
013_13_RA22_GMCF3029a.meta__NODE_14425_length_1014_cov_4.545360_1	REF034_FII_Actinoallomurus_iriomotensis_A0A9W6W744	35.0	117	3	119	29	143	5.16e-18	71.6	126	751
013_13_RA22_GMCF3029a.meta__NODE_14425_length_1014_cov_4.545360_1	REF046_FII_Amycolatopsis_bartoniae_A0A8H9IQQ2	36.8	117	4	119	30	144	2.14e-16	67.0	126	752
013_13_RA22_GMCF3029a.meta__NODE_14425_length_1014_cov_4.545360_1	REF058_FII_Cupriavidus_laharis_A0ABM8XSX1	38.5	122	17	124	46	166	2.93e-16	66.6	126	791
013_13_RA22_GMCF3029a.meta__NODE_14425_length_1014_cov_4.545360_1	REF063_OUT_Bos_taurus_Bovine__P80457	36.0	114	1	114	594	706	5.66e-16	65.9	126	1332
013_13_RA22_GMCF3029a.meta__NODE_14425_length_1014_cov_4.545360_2	REF066_OUT_Rhodobacter_capsulatus_Rhodopseudom_O54051	50.9	169	1	169	158	325	4.81e-53	174	195	777
013_13_RA22_GMCF3029a.meta__NODE_14425_length_1014_cov_4.545360_2	REF063_OUT_Bos_taurus_Bovine__P80457	39.8	171	1	170	726	896	2.11e-39	135	195	1332
013_13_RA22_GMCF3029a.meta__NODE_14425_length_1014_cov_4.545360_2	REF064_OUT_Escherichia_coli_strain_K12__Q46799	27.9	154	1	153	166	317	4.44e-14	62.8	195	752
013_13_RA22_GMCF3029a.meta__NODE_14526_length_1011_cov_5.138075_1	REF063_OUT_Bos_taurus_Bovine__P80457	32.1	274	5	230	6	279	3.26e-39	137	236	1332
013_13_RA22_GMCF3029a.meta__NODE_14526_length_1011_cov_5.138075_1	REF065_OUT_Megalodesulfovibrio_gigas_Desulfovi_Q46509	39.7	156	8	158	7	150	1.18e-25	97.8	236	907
013_13_RA22_GMCF3029a.meta__NODE_16719_length_956_cov_2.722531_1	REF064_OUT_Escherichia_coli_strain_K12__Q46799	29.3	208	13	202	285	492	1.62e-17	74.7	263	752
013_13_RA22_GMCF3029a.meta__NODE_16719_length_956_cov_2.722531_1	REF049_FII_Gandjariella_thermophila_A0A4D4J4W8	30.2	212	12	202	282	493	3.98e-17	73.6	263	752
013_13_RA22_GMCF3029a.meta__NODE_16719_length_956_cov_2.722531_1	REF065_OUT_Megalodesulfovibrio_gigas_Desulfovi_Q46509	33.0	185	12	178	467	646	1.50e-15	68.9	263	907
013_13_RA22_GMCF3029a.meta__NODE_16719_length_956_cov_2.722531_1	REF051_FII_Modestobacter_italicus_strain_DSM_4_I4F486	25.1	215	12	202	290	503	1.37e-11	57.0	263	763
013_13_RA22_GMCF3029a.meta__NODE_18235_length_925_cov_2.422989_1	REF065_OUT_Megalodesulfovibrio_gigas_Desulfovi_Q46509	27.5	218	1	217	410	627	9.66e-24	94.4	308	907
013_13_RA22_GMCF3029a.meta__NODE_18235_length_925_cov_2.422989_1	REF064_OUT_Escherichia_coli_strain_K12__Q46799	38.8	160	8	163	233	389	9.39e-20	82.4	308	752
013_13_RA22_GMCF3029a.meta__NODE_18235_length_925_cov_2.422989_1	REF057_FII_Rhodococcus_coprophilus_A0A2X4U3L5	36.4	162	1	160	248	409	3.16e-19	80.9	308	808
013_13_RA22_GMCF3029a.meta__NODE_18235_length_925_cov_2.422989_1	REF063_OUT_Bos_taurus_Bovine__P80457	34.0	159	8	164	794	952	6.93e-18	77.0	308	1332
013_13_RA22_GMCF3029a.meta__NODE_18235_length_925_cov_2.422989_1	REF055_FII_Pseudonocardia_asaccharolytica_DSM__A0A511CWW9	34.6	159	1	157	232	389	2.60e-17	75.1	308	757
013_13_RA22_GMCF3029a.meta__NODE_22959_length_845_cov_3.321519_1	REF057_FII_Rhodococcus_coprophilus_A0A2X4U3L5	26.5	223	64	274	181	403	1.97e-15	68.9	281	808
013_13_RA22_GMCF3029a.meta__NODE_22959_length_845_cov_3.321519_1	REF066_OUT_Rhodobacter_capsulatus_Rhodopseudom_O54051	30.5	131	63	191	149	279	5.41e-12	58.5	281	777
013_13_RA22_GMCF3029a.meta__NODE_23105_length_843_cov_2.661168_1	REF066_OUT_Rhodobacter_capsulatus_Rhodopseudom_O54051	50.9	293	2	280	187	479	9.67e-95	289	280	777
013_13_RA22_GMCF3029a.meta__NODE_23105_length_843_cov_2.661168_1	REF063_OUT_Bos_taurus_Bovine__P80457	43.2	280	1	280	756	1029	1.98e-68	223	280	1332
013_13_RA22_GMCF3029a.meta__NODE_23105_length_843_cov_2.661168_1	REF064_OUT_Escherichia_coli_strain_K12__Q46799	29.2	284	1	280	195	465	5.62e-23	91.3	280	752
013_13_RA22_GMCF3029a.meta__NODE_23105_length_843_cov_2.661168_1	REF055_FII_Pseudonocardia_asaccharolytica_DSM__A0A511CWW9	27.4	285	2	280	202	473	8.35e-19	79.0	280	757
013_13_RA22_GMCF3029a.meta__NODE_23105_length_843_cov_2.661168_1	REF049_FII_Gandjariella_thermophila_A0A4D4J4W8	26.4	242	1	234	193	430	6.73e-18	76.3	280	752
013_13_RA22_GMCF3029a.meta__NODE_23810_length_832_cov_3.366795_1	REF066_OUT_Rhodobacter_capsulatus_Rhodopseudom_O54051	55.8	233	40	272	146	377	2.16e-76	240	277	777
013_13_RA22_GMCF3029a.meta__NODE_23810_length_832_cov_3.366795_1	REF063_OUT_Bos_taurus_Bovine__P80457	39.4	218	59	275	733	950	2.91e-46	159	277	1332
013_13_RA22_GMCF3029a.meta__NODE_23810_length_832_cov_3.366795_1	REF065_OUT_Megalodesulfovibrio_gigas_Desulfovi_Q46509	28.6	269	7	275	316	571	1.86e-22	89.7	277	907
013_13_RA22_GMCF3029a.meta__NODE_23810_length_832_cov_3.366795_1	REF064_OUT_Escherichia_coli_strain_K12__Q46799	27.8	212	66	275	180	388	1.92e-14	65.9	277	752
013_13_RA22_GMCF3029a.meta__NODE_23810_length_832_cov_3.366795_1	REF044_FII_Sulfoacidibacillus_ferrooxidans_A0A9X1V6V7	25.7	191	83	271	208	397	1.66e-11	57.0	277	784
013_13_RA22_GMCF3029a.meta__NODE_23871_length_831_cov_4.630155_1	REF040_FII_Nitrolancea_hollandica_Lb_I4ED45	29.3	181	37	198	593	770	8.73e-12	56.2	201	784
013_13_RA22_GMCF3029a.meta__NODE_24287_length_825_cov_2.761039_1	REF035_FII_Ardenticatena_maritima_A0A0M8K8I5	30.5	275	1	274	303	576	4.67e-39	137	274	789
013_13_RA22_GMCF3029a.meta__NODE_24287_length_825_cov_2.761039_1	REF040_FII_Nitrolancea_hollandica_Lb_I4ED45	28.4	275	1	274	300	573	1.38e-37	133	274	784
013_13_RA22_GMCF3029a.meta__NODE_24287_length_825_cov_2.761039_1	REF036_FII_Calidithermus_roseus_A0A399EKG8	33.3	273	2	274	302	558	4.64e-35	126	274	764
013_13_RA22_GMCF3029a.meta__NODE_24287_length_825_cov_2.761039_1	REF038_FII_Kyrpidia_spormannii_A0A2K8N8V7	31.0	277	1	274	297	570	8.69e-35	125	274	780
013_13_RA22_GMCF3029a.meta__NODE_24287_length_825_cov_2.761039_1	REF054_FII_Cereibacter_sphaeroides_strain_ATCC_Q3J2E6	29.1	278	1	274	306	579	1.01e-33	122	274	790
013_13_RA22_GMCF3029a.meta__NODE_24290_length_825_cov_2.700000_2	REF064_OUT_Escherichia_coli_strain_K12__Q46799	33.9	118	85	196	620	737	3.27e-13	60.5	203	752
013_13_RA22_GMCF3029a.meta__NODE_26214_length_800_cov_6.148993_2	REF066_OUT_Rhodobacter_capsulatus_Rhodopseudom_O54051	45.9	209	22	229	8	215	7.62e-51	169	230	777
013_13_RA22_GMCF3029a.meta__NODE_26214_length_800_cov_6.148993_2	REF063_OUT_Bos_taurus_Bovine__P80457	38.3	209	22	229	578	785	3.73e-35	125	230	1332
013_13_RA22_GMCF3029a.meta__NODE_26214_length_800_cov_6.148993_2	REF058_FII_Cupriavidus_laharis_A0ABM8XSX1	38.2	131	30	146	23	152	3.34e-18	75.9	230	791
013_13_RA22_GMCF3029a.meta__NODE_26214_length_800_cov_6.148993_2	REF050_FII_Blastochloris_viridis_Rhodopseudomo_A0A0H5BCZ6	31.8	170	30	185	19	174	1.52e-17	73.9	230	788
013_13_RA22_GMCF3029a.meta__NODE_26214_length_800_cov_6.148993_2	REF065_OUT_Megalodesulfovibrio_gigas_Desulfovi_Q46509	28.7	230	21	230	180	409	9.59e-17	71.6	230	907
013_13_RA22_GMCF3029a.meta__NODE_27435_length_786_cov_2.874145_1	REF065_OUT_Megalodesulfovibrio_gigas_Desulfovi_Q46509	36.3	160	7	163	6	164	3.30e-35	122	163	907
013_13_RA22_GMCF3029a.meta__NODE_27435_length_786_cov_2.874145_1	REF063_OUT_Bos_taurus_Bovine__P80457	36.3	160	9	156	10	168	2.14e-27	100	163	1332
013_13_RA22_GMCF3029a.meta__NODE_28427_length_775_cov_3.363889_1	REF035_FII_Ardenticatena_maritima_A0A0M8K8I5	38.0	242	28	256	461	700	5.60e-51	171	257	789
013_13_RA22_GMCF3029a.meta__NODE_28427_length_775_cov_3.363889_1	REF038_FII_Kyrpidia_spormannii_A0A2K8N8V7	40.2	244	27	257	454	695	1.01e-50	170	257	780
013_13_RA22_GMCF3029a.meta__NODE_28427_length_775_cov_3.363889_1	REF039_FII_Luteitalea_pratensis_A0A143PSW7	40.3	238	28	257	467	702	8.85e-49	164	257	787
013_13_RA22_GMCF3029a.meta__NODE_28427_length_775_cov_3.363889_1	REF017_FI_Meiothermus_granaticius_NBRC_107808_A0A399F476	38.1	239	27	254	474	708	6.19e-48	162	257	799
013_13_RA22_GMCF3029a.meta__NODE_28427_length_775_cov_3.363889_1	REF014_FI_Deinococcus_caeni_A0ABP9UI58	38.9	239	27	254	465	699	8.25e-48	162	257	792
013_13_RA22_GMCF3029a.meta__NODE_28856_length_771_cov_2.765363_1	REF065_OUT_Megalodesulfovibrio_gigas_Desulfovi_Q46509	40.0	110	5	112	6	115	1.65e-22	84.0	114	907
013_13_RA22_GMCF3029a.meta__NODE_28856_length_771_cov_2.765363_1	REF063_OUT_Bos_taurus_Bovine__P80457	34.5	119	7	112	10	128	5.09e-16	65.5	114	1332
013_13_RA22_GMCF3029a.meta__NODE_28881_length_771_cov_2.206704_1	REF065_OUT_Megalodesulfovibrio_gigas_Desulfovi_Q46509	43.5	85	38	121	23	106	1.45e-19	75.9	121	907
013_13_RA22_GMCF3029a.meta__NODE_28881_length_771_cov_2.206704_1	REF063_OUT_Bos_taurus_Bovine__P80457	30.4	112	21	121	8	119	6.00e-13	57.0	121	1332
013_13_RA22_GMCF3029a.meta__NODE_29438_length_765_cov_2.401408_1	REF066_OUT_Rhodobacter_capsulatus_Rhodopseudom_O54051	57.7	234	36	255	192	425	5.64e-89	273	255	777
013_13_RA22_GMCF3029a.meta__NODE_29438_length_765_cov_2.401408_1	REF063_OUT_Bos_taurus_Bovine__P80457	40.4	183	39	221	765	947	1.27e-39	139	255	1332
013_13_RA22_GMCF3029a.meta__NODE_29438_length_765_cov_2.401408_1	REF064_OUT_Escherichia_coli_strain_K12__Q46799	31.0	187	33	219	198	383	2.79e-19	79.7	255	752
013_13_RA22_GMCF3029a.meta__NODE_29438_length_765_cov_2.401408_1	REF044_FII_Sulfoacidibacillus_ferrooxidans_A0A9X1V6V7	30.1	183	40	219	216	396	3.81e-19	79.3	255	784
013_13_RA22_GMCF3029a.meta__NODE_29438_length_765_cov_2.401408_1	REF057_FII_Rhodococcus_coprophilus_A0A2X4U3L5	31.6	187	38	223	225	410	3.16e-18	76.6	255	808
013_13_RA22_GMCF3029a.meta__NODE_29654_length_763_cov_2.296610_1	REF063_OUT_Bos_taurus_Bovine__P80457	30.0	130	6	132	340	469	1.04e-12	58.9	197	1332
013_13_RA22_GMCF3029a.meta__NODE_31349_length_746_cov_4.133140_1	REF063_OUT_Bos_taurus_Bovine__P80457	27.6	293	1	247	109	395	4.73e-33	119	248	1332
013_13_RA22_GMCF3029a.meta__NODE_32036_length_740_cov_2.252555_2	REF061_FII_Streptomyces_smaragdinus_A0A7K0CAR3	49.3	67	9	75	710	776	1.50e-14	59.7	80	791
013_13_RA22_GMCF3029a.meta__NODE_32036_length_740_cov_2.252555_2	REF053_FII_Nocardioides_aquaticus_A0ABX8EDS7	50.0	68	9	76	724	791	2.81e-14	58.9	80	828
013_13_RA22_GMCF3029a.meta__NODE_32036_length_740_cov_2.252555_2	REF042_FII_Actinomadura_macrotermitis_A0A7K0C220	48.5	68	9	76	707	774	7.15e-14	57.8	80	798
013_13_RA22_GMCF3029a.meta__NODE_32036_length_740_cov_2.252555_2	REF059_FII_Streptomonospora_litoralis_A0A4P6PZM8	47.8	67	9	75	720	786	1.34e-13	57.0	80	800
013_13_RA22_GMCF3029a.meta__NODE_32036_length_740_cov_2.252555_2	REF040_FII_Nitrolancea_hollandica_Lb_I4ED45	44.8	67	9	75	712	778	1.83e-13	56.6	80	784
013_13_RA22_GMCF3029a.meta__NODE_33858_length_724_cov_1.639761_2	REF065_OUT_Megalodesulfovibrio_gigas_Desulfovi_Q46509	36.4	129	1	128	34	149	1.77e-24	92.4	181	907
013_13_RA22_GMCF3029a.meta__NODE_33858_length_724_cov_1.639761_2	REF063_OUT_Bos_taurus_Bovine__P80457	33.1	136	2	126	38	158	2.18e-15	66.2	181	1332
013_13_RA22_GMCF3029a.meta__NODE_35144_length_713_cov_3.066869_1	REF003_FI_Thermomicrobium_roseum_strain_ATCC__B9L450	34.3	239	2	236	9	239	4.83e-32	116	237	781
013_13_RA22_GMCF3029a.meta__NODE_35144_length_713_cov_3.066869_1	REF032_FI_Tepidimonas_aquatica_A0A554WCA0	32.4	244	2	236	15	255	9.00e-32	115	237	801
013_13_RA22_GMCF3029a.meta__NODE_35144_length_713_cov_3.066869_1	REF012_FI_Bacillus_methanolicus_strain_MGA3_A_I3E8H4	31.2	237	2	236	11	241	4.14e-31	113	237	783
013_13_RA22_GMCF3029a.meta__NODE_35144_length_713_cov_3.066869_1	REF019_FI_Mycolicibacterium_chitae_Mycobacter_A0A448IBW4	32.5	231	7	236	25	251	4.84e-30	110	237	796
013_13_RA22_GMCF3029a.meta__NODE_35144_length_713_cov_3.066869_1	REF002_FI_Mycolicibacterium_smegmatis_strain__A0QQG4	31.6	231	7	236	28	254	2.24e-29	108	237	799
013_13_RA22_GMCF3029a.meta__NODE_36219_length_705_cov_3.141538_1	REF063_OUT_Bos_taurus_Bovine__P80457	44.3	140	1	130	19	158	6.67e-30	110	234	1332
013_13_RA22_GMCF3029a.meta__NODE_36219_length_705_cov_3.141538_1	REF065_OUT_Megalodesulfovibrio_gigas_Desulfovi_Q46509	30.9	243	2	229	17	241	1.12e-25	97.8	234	907
013_13_RA22_GMCF3029a.meta__NODE_36301_length_704_cov_8.149461_1	REF066_OUT_Rhodobacter_capsulatus_Rhodopseudom_O54051	56.3	208	27	234	402	609	2.85e-67	214	234	777
013_13_RA22_GMCF3029a.meta__NODE_36301_length_704_cov_8.149461_1	REF063_OUT_Bos_taurus_Bovine__P80457	40.5	205	28	232	953	1138	1.21e-39	138	234	1332
013_13_RA22_GMCF3029a.meta__NODE_37465_length_696_cov_2.135725_1	REF066_OUT_Rhodobacter_capsulatus_Rhodopseudom_O54051	62.9	89	2	90	641	729	5.07e-36	121	90	777
013_13_RA22_GMCF3029a.meta__NODE_37465_length_696_cov_2.135725_1	REF063_OUT_Bos_taurus_Bovine__P80457	51.7	89	2	90	1172	1260	1.80e-25	91.3	90	1332
013_13_RA22_GMCF3029a.meta__NODE_37465_length_696_cov_2.135725_1	REF039_FII_Luteitalea_pratensis_A0A143PSW7	43.1	65	2	66	659	720	9.34e-13	55.1	90	787
013_13_RA22_GMCF3029a.meta__NODE_37465_length_696_cov_2.135725_1	REF042_FII_Actinomadura_macrotermitis_A0A7K0C220	42.9	56	11	66	656	711	3.26e-12	53.5	90	798
013_13_RA22_GMCF3029a.meta__NODE_37465_length_696_cov_2.135725_1	REF054_FII_Cereibacter_sphaeroides_strain_ATCC_Q3J2E6	44.6	56	11	66	667	722	6.08e-12	52.8	90	790
013_13_RA22_GMCF3029a.meta__NODE_38465_length_689_cov_1.687697_2	REF040_FII_Nitrolancea_hollandica_Lb_I4ED45	39.4	155	3	157	141	294	1.80e-32	114	158	784
013_13_RA22_GMCF3029a.meta__NODE_38465_length_689_cov_1.687697_2	REF038_FII_Kyrpidia_spormannii_A0A2K8N8V7	40.3	154	3	156	139	290	8.49e-32	112	158	780
013_13_RA22_GMCF3029a.meta__NODE_38465_length_689_cov_1.687697_2	REF042_FII_Actinomadura_macrotermitis_A0A7K0C220	39.6	154	3	156	137	287	4.77e-30	107	158	798
013_13_RA22_GMCF3029a.meta__NODE_38465_length_689_cov_1.687697_2	REF052_FII_Bradyrhizobium_ivorense_A0A508SVN1	34.6	159	3	157	144	299	1.43e-28	103	158	779
013_13_RA22_GMCF3029a.meta__NODE_38465_length_689_cov_1.687697_2	REF047_FII_Meiothermus_granaticius_NBRC_107808_A0A399F9R8	35.3	153	6	157	142	294	1.43e-28	103	158	789
013_13_RA22_GMCF3029a.meta__NODE_39866_length_679_cov_1.692308_1	REF065_OUT_Megalodesulfovibrio_gigas_Desulfovi_Q46509	47.1	68	3	70	6	73	4.08e-18	69.3	70	907
013_13_RA22_GMCF3029a.meta__NODE_41077_length_670_cov_3.456911_1	REF066_OUT_Rhodobacter_capsulatus_Rhodopseudom_O54051	53.6	209	7	215	164	371	2.55e-71	224	223	777
013_13_RA22_GMCF3029a.meta__NODE_41077_length_670_cov_3.456911_1	REF063_OUT_Bos_taurus_Bovine__P80457	42.4	210	1	209	726	935	8.76e-51	169	223	1332
013_13_RA22_GMCF3029a.meta__NODE_41077_length_670_cov_3.456911_1	REF064_OUT_Escherichia_coli_strain_K12__Q46799	28.1	199	18	215	183	379	1.35e-19	79.7	223	752
013_13_RA22_GMCF3029a.meta__NODE_41077_length_670_cov_3.456911_1	REF036_FII_Calidithermus_roseus_A0A399EKG8	30.9	181	36	215	216	395	6.18e-19	77.8	223	764
013_13_RA22_GMCF3029a.meta__NODE_41077_length_670_cov_3.456911_1	REF065_OUT_Megalodesulfovibrio_gigas_Desulfovi_Q46509	25.8	209	7	215	356	562	3.31e-17	72.8	223	907
013_13_RA22_GMCF3029a.meta__NODE_41161_length_670_cov_2.146341_1	REF066_OUT_Rhodobacter_capsulatus_Rhodopseudom_O54051	42.3	220	5	222	484	699	3.47e-48	161	223	777
013_13_RA22_GMCF3029a.meta__NODE_41161_length_670_cov_2.146341_1	REF063_OUT_Bos_taurus_Bovine__P80457	38.9	221	2	222	1031	1230	2.86e-41	142	223	1332
013_13_RA22_GMCF3029a.meta__NODE_41161_length_670_cov_2.146341_1	REF044_FII_Sulfoacidibacillus_ferrooxidans_A0A9X1V6V7	30.1	226	2	222	492	709	5.88e-17	72.0	223	784
013_13_RA22_GMCF3029a.meta__NODE_41161_length_670_cov_2.146341_1	REF061_FII_Streptomyces_smaragdinus_A0A7K0CAR3	27.8	227	2	222	493	708	1.08e-16	71.2	223	791
013_13_RA22_GMCF3029a.meta__NODE_41161_length_670_cov_2.146341_1	REF035_FII_Ardenticatena_maritima_A0A0M8K8I5	29.1	223	2	222	498	713	2.67e-16	70.1	223	789
013_13_RA22_GMCF3029a.meta__NODE_41574_length_667_cov_2.671569_1	REF063_OUT_Bos_taurus_Bovine__P80457	38.6	145	3	147	62	167	2.10e-27	102	221	1332
013_13_RA22_GMCF3029a.meta__NODE_41574_length_667_cov_2.671569_1	REF065_OUT_Megalodesulfovibrio_gigas_Desulfovi_Q46509	39.3	84	75	155	85	166	2.95e-15	67.0	221	907
013_13_RA22_GMCF3029a.meta__NODE_44872_length_647_cov_2.054054_1	REF051_FII_Modestobacter_italicus_strain_DSM_4_I4F486	34.3	143	57	191	610	750	9.97e-15	64.7	196	763
013_13_RA22_GMCF3029a.meta__NODE_45066_length_646_cov_1.969543_1	REF023_FI_Rhodococcus_gordoniae_A0A379LVU4	32.4	142	5	137	648	781	2.62e-11	53.1	145	797
013_13_RA22_GMCF3029a.meta__NODE_46165_length_640_cov_2.242735_1	REF063_OUT_Bos_taurus_Bovine__P80457	48.9	90	125	212	69	156	5.58e-23	89.4	213	1332
013_13_RA22_GMCF3029a.meta__NODE_46165_length_640_cov_2.242735_1	REF065_OUT_Megalodesulfovibrio_gigas_Desulfovi_Q46509	35.1	94	124	212	55	145	2.54e-12	58.2	213	907
013_13_RA22_GMCF3029a.meta__NODE_48891_length_625_cov_2.784211_1	REF065_OUT_Megalodesulfovibrio_gigas_Desulfovi_Q46509	37.6	85	1	82	75	159	2.93e-13	56.2	84	907
013_13_RA22_GMCF3029a.meta__NODE_48975_length_625_cov_1.889474_1	REF063_OUT_Bos_taurus_Bovine__P80457	28.0	182	35	204	241	422	2.91e-20	81.3	207	1332
013_13_RA22_GMCF3029a.meta__NODE_49340_length_623_cov_1.966549_1	REF063_OUT_Bos_taurus_Bovine__P80457	37.1	178	6	182	639	815	1.43e-32	116	204	1332
013_13_RA22_GMCF3029a.meta__NODE_49340_length_623_cov_1.966549_1	REF066_OUT_Rhodobacter_capsulatus_Rhodopseudom_O54051	36.2	185	1	184	64	247	9.76e-31	111	204	777
013_13_RA22_GMCF3029a.meta__NODE_49340_length_623_cov_1.966549_1	REF064_OUT_Escherichia_coli_strain_K12__Q46799	34.0	150	28	170	93	242	4.41e-18	74.7	204	752
013_13_RA22_GMCF3029a.meta__NODE_49340_length_623_cov_1.966549_1	REF065_OUT_Megalodesulfovibrio_gigas_Desulfovi_Q46509	26.7	206	1	188	239	443	4.40e-16	68.9	204	907
013_13_RA22_GMCF3029a.meta__NODE_49340_length_623_cov_1.966549_1	REF027_FI_Pseudorhizobium_banfieldiae_L0NNE2	31.0	168	24	168	104	271	4.89e-15	65.9	204	806
013_13_RA22_GMCF3029a.meta__NODE_52265_length_608_cov_5.338156_1	REF066_OUT_Rhodobacter_capsulatus_Rhodopseudom_O54051	50.6	178	1	178	200	377	2.73e-56	183	202	777
013_13_RA22_GMCF3029a.meta__NODE_52265_length_608_cov_5.338156_1	REF063_OUT_Bos_taurus_Bovine__P80457	43.3	180	4	182	773	951	1.62e-42	145	202	1332
013_13_RA22_GMCF3029a.meta__NODE_52265_length_608_cov_5.338156_1	REF065_OUT_Megalodesulfovibrio_gigas_Desulfovi_Q46509	29.3	174	5	178	397	568	9.43e-19	76.6	202	907
013_13_RA22_GMCF3029a.meta__NODE_52265_length_608_cov_5.338156_1	REF064_OUT_Escherichia_coli_strain_K12__Q46799	30.3	175	3	176	211	383	1.24e-18	76.3	202	752
013_13_RA22_GMCF3029a.meta__NODE_52265_length_608_cov_5.338156_1	REF059_FII_Streptomonospora_litoralis_A0A4P6PZM8	28.3	173	6	177	235	406	1.06e-17	73.6	202	800
013_13_RA22_GMCF3029a.meta__NODE_54203_length_599_cov_3.735294_2	REF063_OUT_Bos_taurus_Bovine__P80457	43.9	123	9	129	2	124	9.44e-31	108	129	1332
013_13_RA22_GMCF3029a.meta__NODE_54203_length_599_cov_3.735294_2	REF065_OUT_Megalodesulfovibrio_gigas_Desulfovi_Q46509	41.4	99	31	128	21	110	1.08e-17	70.9	129	907
013_13_RA22_GMCF3029a.meta__NODE_54844_length_597_cov_1.568266_1	REF066_OUT_Rhodobacter_capsulatus_Rhodopseudom_O54051	54.5	143	1	143	634	774	3.07e-48	158	149	777
013_13_RA22_GMCF3029a.meta__NODE_54844_length_597_cov_1.568266_1	REF063_OUT_Bos_taurus_Bovine__P80457	52.1	144	1	138	1165	1308	2.47e-41	139	149	1332
013_13_RA22_GMCF3029a.meta__NODE_58765_length_580_cov_4.280000_2	REF066_OUT_Rhodobacter_capsulatus_Rhodopseudom_O54051	57.3	110	6	115	663	770	1.89e-37	127	125	777
013_13_RA22_GMCF3029a.meta__NODE_58765_length_580_cov_4.280000_2	REF063_OUT_Bos_taurus_Bovine__P80457	48.7	117	6	116	1194	1310	2.17e-28	101	125	1332
013_13_RA22_GMCF3029a.meta__NODE_60731_length_573_cov_2.793436_1	REF063_OUT_Bos_taurus_Bovine__P80457	48.1	54	7	60	112	165	8.10e-16	62.4	62	1332
013_13_RA22_GMCF3029a.meta__NODE_60731_length_573_cov_2.793436_1	REF065_OUT_Megalodesulfovibrio_gigas_Desulfovi_Q46509	41.0	61	1	59	93	153	4.70e-14	57.4	62	907
013_13_RA22_GMCF3029a.meta__NODE_61106_length_572_cov_1.864603_1	REF065_OUT_Megalodesulfovibrio_gigas_Desulfovi_Q46509	45.5	110	68	176	6	115	1.92e-29	107	190	907
013_13_RA22_GMCF3029a.meta__NODE_61106_length_572_cov_1.864603_1	REF063_OUT_Bos_taurus_Bovine__P80457	39.4	109	80	177	21	129	5.28e-19	77.0	190	1332
013_13_RA22_GMCF3029a.meta__NODE_63015_length_565_cov_2.250980_1	REF066_OUT_Rhodobacter_capsulatus_Rhodopseudom_O54051	69.9	186	1	186	566	751	1.51e-90	274	187	777
013_13_RA22_GMCF3029a.meta__NODE_63015_length_565_cov_2.250980_1	REF063_OUT_Bos_taurus_Bovine__P80457	52.7	169	16	184	1112	1280	6.74e-54	177	187	1332
013_13_RA22_GMCF3029a.meta__NODE_63015_length_565_cov_2.250980_1	REF058_FII_Cupriavidus_laharis_A0ABM8XSX1	31.0	197	4	186	582	769	1.29e-15	67.0	187	791
013_13_RA22_GMCF3029a.meta__NODE_63015_length_565_cov_2.250980_1	REF048_FII_Ascidiaceihabitans_donghaensis_A0A2R8BD61	31.5	200	4	186	580	766	5.02e-14	62.4	187	788
013_13_RA22_GMCF3029a.meta__NODE_63015_length_565_cov_2.250980_1	REF056_FII_Comamonas_aquatilis_A0ACE2T5A2	30.9	152	1	141	591	729	5.02e-14	62.4	187	795
013_13_RA22_GMCF3029a.meta__NODE_63278_length_564_cov_2.267191_1	REF063_OUT_Bos_taurus_Bovine__P80457	27.9	179	23	188	232	409	5.50e-14	62.4	188	1332
013_13_RA22_GMCF3029a.meta__NODE_65458_length_556_cov_3.477046_1	REF063_OUT_Bos_taurus_Bovine__P80457	25.7	214	1	185	145	357	2.42e-15	66.2	185	1332
013_13_RA22_GMCF3029a.meta__NODE_65577_length_556_cov_2.227545_1	REF040_FII_Nitrolancea_hollandica_Lb_I4ED45	33.9	183	1	182	382	564	4.49e-30	108	184	784
013_13_RA22_GMCF3029a.meta__NODE_65577_length_556_cov_2.227545_1	REF054_FII_Cereibacter_sphaeroides_strain_ATCC_Q3J2E6	33.3	183	1	182	388	570	8.34e-30	107	184	790
013_13_RA22_GMCF3029a.meta__NODE_65577_length_556_cov_2.227545_1	REF038_FII_Kyrpidia_spormannii_A0A2K8N8V7	36.5	178	1	177	379	556	2.86e-29	106	184	780
013_13_RA22_GMCF3029a.meta__NODE_65577_length_556_cov_2.227545_1	REF044_FII_Sulfoacidibacillus_ferrooxidans_A0A9X1V6V7	35.5	183	1	182	379	561	5.31e-29	105	184	784
013_13_RA22_GMCF3029a.meta__NODE_65577_length_556_cov_2.227545_1	REF036_FII_Calidithermus_roseus_A0A399EKG8	36.4	184	1	184	382	551	1.81e-28	103	184	764
013_13_RA22_GMCF3029a.meta__NODE_67068_length_551_cov_1.995968_1	REF063_OUT_Bos_taurus_Bovine__P80457	43.6	55	1	55	102	156	1.21e-13	60.8	171	1332
013_13_RA22_GMCF3029a.meta__NODE_67068_length_551_cov_1.995968_1	REF065_OUT_Megalodesulfovibrio_gigas_Desulfovi_Q46509	46.0	63	1	61	89	151	3.34e-12	56.6	171	907
013_13_RA22_GMCF3029a.meta__NODE_68042_length_548_cov_1.663286_1	REF066_OUT_Rhodobacter_capsulatus_Rhodopseudom_O54051	55.0	129	1	129	650	776	1.08e-44	147	131	777
013_13_RA22_GMCF3029a.meta__NODE_68042_length_548_cov_1.663286_1	REF063_OUT_Bos_taurus_Bovine__P80457	47.7	132	1	125	1181	1311	4.80e-30	106	131	1332
013_13_RA22_GMCF3029a.meta__NODE_68042_length_548_cov_1.663286_1	REF059_FII_Streptomonospora_litoralis_A0A4P6PZM8	33.3	126	1	125	669	788	8.22e-11	51.2	131	800
013_13_RA22_GMCF3029a.meta__NODE_71817_length_536_cov_2.155925_1	REF064_OUT_Escherichia_coli_strain_K12__Q46799	36.7	169	14	178	571	739	1.26e-29	107	178	752
013_13_RA22_GMCF3029a.meta__NODE_71817_length_536_cov_2.155925_1	REF044_FII_Sulfoacidibacillus_ferrooxidans_A0A9X1V6V7	40.1	137	45	178	634	770	1.50e-28	103	178	784
013_13_RA22_GMCF3029a.meta__NODE_71817_length_536_cov_2.155925_1	REF036_FII_Calidithermus_roseus_A0A399EKG8	36.9	149	30	178	604	752	2.77e-28	103	178	764
013_13_RA22_GMCF3029a.meta__NODE_71817_length_536_cov_2.155925_1	REF037_FII_Fibrella_aestuarina_BUZ_2_I0KFJ2	41.7	139	45	178	650	788	3.81e-28	102	178	796
013_13_RA22_GMCF3029a.meta__NODE_71817_length_536_cov_2.155925_1	REF061_FII_Streptomyces_smaragdinus_A0A7K0CAR3	39.6	134	48	178	636	769	9.60e-28	101	178	791
013_13_RA22_GMCF3029a.meta__NODE_76157_length_524_cov_1.703625_1	REF066_OUT_Rhodobacter_capsulatus_Rhodopseudom_O54051	42.4	172	1	165	534	699	2.25e-39	134	174	777
013_13_RA22_GMCF3029a.meta__NODE_76157_length_524_cov_1.703625_1	REF063_OUT_Bos_taurus_Bovine__P80457	37.0	165	1	165	1084	1230	1.92e-28	103	174	1332
013_13_RA22_GMCF3029a.meta__NODE_76157_length_524_cov_1.703625_1	REF045_FII_Albidovulum_aquaemixtae_A0A2R8B4Q9	29.6	169	2	165	554	715	5.78e-19	76.3	174	788
013_13_RA22_GMCF3029a.meta__NODE_76157_length_524_cov_1.703625_1	REF062_FII_Falsiruegeria_litorea_R37_A0A1Y5S8H3	31.2	170	4	165	555	714	3.66e-18	73.9	174	787
013_13_RA22_GMCF3029a.meta__NODE_76157_length_524_cov_1.703625_1	REF056_FII_Comamonas_aquatilis_A0ACE2T5A2	31.1	180	2	172	560	729	6.77e-18	73.2	174	795
013_13_RA22_GMCF3029a.meta__NODE_78479_length_517_cov_3.084416_1	REF064_OUT_Escherichia_coli_strain_K12__Q46799	31.3	144	35	162	103	240	1.53e-11	54.7	172	752
013_13_RA22_GMCF3029a.meta__NODE_81264_length_510_cov_2.547253_1	REF021_FI_Pseudonocardia_autotrophica_Amycola_A0A1Y2N3L2	78.1	151	4	154	5	155	3.65e-79	243	154	794
013_13_RA22_GMCF3029a.meta__NODE_81264_length_510_cov_2.547253_1	REF032_FI_Tepidimonas_aquatica_A0A554WCA0	58.1	155	2	154	3	157	5.96e-53	172	154	801
013_13_RA22_GMCF3029a.meta__NODE_81264_length_510_cov_2.547253_1	REF012_FI_Bacillus_methanolicus_strain_MGA3_A_I3E8H4	58.9	151	4	154	3	153	1.41e-52	171	154	783
013_13_RA22_GMCF3029a.meta__NODE_81264_length_510_cov_2.547253_1	REF013_FI_Capillimicrobium_parvum_A0A9E6Y1X1	60.4	154	1	154	6	157	4.17e-52	169	154	807
013_13_RA22_GMCF3029a.meta__NODE_81264_length_510_cov_2.547253_1	REF010_FI_Cupriavidus_laharis_A0ABM8WM43	59.7	144	11	154	16	159	1.46e-51	168	154	803
013_13_RA22_GMCF3029a.meta__NODE_84999_length_501_cov_2.423767_1	REF066_OUT_Rhodobacter_capsulatus_Rhodopseudom_O54051	47.7	130	11	140	8	137	2.71e-33	116	157	777
013_13_RA22_GMCF3029a.meta__NODE_84999_length_501_cov_2.423767_1	REF063_OUT_Bos_taurus_Bovine__P80457	38.3	141	11	151	578	717	8.75e-23	86.7	157	1332
013_13_RA22_GMCF3029a.meta__NODE_84999_length_501_cov_2.423767_1	REF058_FII_Cupriavidus_laharis_A0ABM8XSX1	37.0	138	19	142	23	159	4.73e-19	75.9	157	791
013_13_RA22_GMCF3029a.meta__NODE_84999_length_501_cov_2.423767_1	REF050_FII_Blastochloris_viridis_Rhodopseudomo_A0A0H5BCZ6	36.0	139	19	143	19	156	1.19e-18	74.7	157	788
013_13_RA22_GMCF3029a.meta__NODE_84999_length_501_cov_2.423767_1	REF046_FII_Amycolatopsis_bartoniae_A0A8H9IQQ2	37.1	124	25	145	23	144	3.52e-17	70.5	157	752
013_13_RA22_GMCF3029a.meta__NODE_85643_length_500_cov_1.179775_1	REF066_OUT_Rhodobacter_capsulatus_Rhodopseudom_O54051	60.4	53	2	54	309	361	1.59e-17	67.0	58	777
013_13_RA22_GMCF3029a.meta__NODE_85643_length_500_cov_1.179775_1	REF063_OUT_Bos_taurus_Bovine__P80457	49.1	55	1	55	878	932	1.74e-15	61.2	58	1332
013_13_RA22_GMCF3029a.meta__NODE_85643_length_500_cov_1.179775_2	REF066_OUT_Rhodobacter_capsulatus_Rhodopseudom_O54051	44.0	84	1	84	551	633	2.16e-21	79.3	84	777
013_13_RA22_GMCF3029a.meta__NODE_85643_length_500_cov_1.179775_2	REF063_OUT_Bos_taurus_Bovine__P80457	41.2	51	32	82	1112	1162	6.03e-11	49.7	84	1332
013_13_RA22_GMCF3029a.meta__NODE_85645_length_500_cov_1.114607_1	REF063_OUT_Bos_taurus_Bovine__P80457	56.3	103	1	103	1014	1115	7.40e-37	124	103	1332
013_13_RA22_GMCF3029a.meta__NODE_85645_length_500_cov_1.114607_1	REF066_OUT_Rhodobacter_capsulatus_Rhodopseudom_O54051	53.5	99	1	96	464	562	5.84e-28	99.0	103	777
013_13_RA22_GMCF3029a.meta__NODE_85645_length_500_cov_1.114607_1	REF049_FII_Gandjariella_thermophila_A0A4D4J4W8	34.1	82	8	89	458	539	3.36e-11	51.2	103	752
013_13_RA22_GMCF3029a.sc__NODE_1103_length_3107_cov_8.611730_3	REF063_OUT_Bos_taurus_Bovine__P80457	28.5	520	9	468	8	521	1.50e-56	196	492	1332
013_13_RA22_GMCF3029a.sc__NODE_1103_length_3107_cov_8.611730_3	REF065_OUT_Megalodesulfovibrio_gigas_Desulfovi_Q46509	38.6	158	15	163	5	148	1.55e-22	94.0	492	907
013_13_RA22_GMCF3029a.sc__NODE_1103_length_3107_cov_8.611730_4	REF066_OUT_Rhodobacter_capsulatus_Rhodopseudom_O54051	46.9	130	9	138	8	137	7.56e-32	112	146	777
013_13_RA22_GMCF3029a.sc__NODE_1103_length_3107_cov_8.611730_4	REF063_OUT_Bos_taurus_Bovine__P80457	39.2	130	9	138	578	706	3.25e-23	87.4	146	1332
013_13_RA22_GMCF3029a.sc__NODE_1103_length_3107_cov_8.611730_4	REF035_FII_Ardenticatena_maritima_A0A0M8K8I5	41.0	139	5	133	10	146	8.15e-21	80.5	146	789
013_13_RA22_GMCF3029a.sc__NODE_1103_length_3107_cov_8.611730_4	REF058_FII_Cupriavidus_laharis_A0ABM8XSX1	39.0	136	19	140	25	159	1.51e-20	79.7	146	791
013_13_RA22_GMCF3029a.sc__NODE_1103_length_3107_cov_8.611730_4	REF033_FII_Acidiphilium_multivorum_strain_DSM__F0J165	36.7	139	17	141	27	164	3.34e-19	75.9	146	801
013_13_RA22_GMCF3029a.sc__NODE_1317_length_2907_cov_6.044881_5	REF066_OUT_Rhodobacter_capsulatus_Rhodopseudom_O54051	57.5	80	1	80	693	770	1.38e-23	85.9	90	777
013_13_RA22_GMCF3029a.sc__NODE_1317_length_2907_cov_6.044881_5	REF063_OUT_Bos_taurus_Bovine__P80457	49.4	87	1	81	1224	1310	4.09e-19	73.2	90	1332
013_13_RA22_GMCF3029a.sc__NODE_1472_length_2807_cov_3.837936_3	REF065_OUT_Megalodesulfovibrio_gigas_Desulfovi_Q46509	38.0	150	5	150	6	155	1.84e-31	111	153	907
013_13_RA22_GMCF3029a.sc__NODE_1472_length_2807_cov_3.837936_3	REF063_OUT_Bos_taurus_Bovine__P80457	37.7	146	5	137	8	153	2.81e-27	99.4	153	1332
013_13_RA22_GMCF3029a.sc__NODE_1812_length_2598_cov_11.560362_1	REF041_FII_Actibacterium_lipolyticum_A0A238JRA4	66.7	108	1	108	654	761	8.78e-48	155	112	765
013_13_RA22_GMCF3029a.sc__NODE_1812_length_2598_cov_11.560362_1	REF062_FII_Falsiruegeria_litorea_R37_A0A1Y5S8H3	58.3	108	1	105	679	786	1.47e-34	118	112	787
013_13_RA22_GMCF3029a.sc__NODE_1812_length_2598_cov_11.560362_1	REF056_FII_Comamonas_aquatilis_A0ACE2T5A2	57.5	106	1	105	686	791	2.75e-34	117	112	795
013_13_RA22_GMCF3029a.sc__NODE_1812_length_2598_cov_11.560362_1	REF045_FII_Albidovulum_aquaemixtae_A0A2R8B4Q9	58.7	109	1	105	680	787	6.15e-33	113	112	788
013_13_RA22_GMCF3029a.sc__NODE_1812_length_2598_cov_11.560362_1	REF048_FII_Ascidiaceihabitans_donghaensis_A0A2R8BD61	55.0	109	1	106	679	787	6.15e-33	113	112	788
013_13_RA22_GMCF3029a.sc__NODE_1988_length_2513_cov_4.484540_3	REF064_OUT_Escherichia_coli_strain_K12__Q46799	25.5	333	2	309	103	420	8.69e-12	59.7	458	752
013_13_RA22_GMCF3029a.sc__NODE_1988_length_2513_cov_4.484540_3	REF053_FII_Nocardioides_aquaticus_A0ABX8EDS7	32.4	111	60	167	190	297	3.62e-11	57.8	458	828
013_13_RA22_GMCF3029a.sc__NODE_3191_length_2099_cov_2.980431_1	REF041_FII_Actibacterium_lipolyticum_A0A238JRA4	61.9	176	1	176	1	176	5.58e-66	208	176	765
013_13_RA22_GMCF3029a.sc__NODE_3191_length_2099_cov_2.980431_1	REF033_FII_Acidiphilium_multivorum_strain_DSM__F0J165	40.4	178	3	176	11	188	1.75e-34	120	176	801
013_13_RA22_GMCF3029a.sc__NODE_3191_length_2099_cov_2.980431_1	REF062_FII_Falsiruegeria_litorea_R37_A0A1Y5S8H3	42.0	162	11	168	12	171	6.00e-34	119	176	787
013_13_RA22_GMCF3029a.sc__NODE_3191_length_2099_cov_2.980431_1	REF052_FII_Bradyrhizobium_ivorense_A0A508SVN1	41.7	175	1	171	3	175	8.16e-34	119	176	779
013_13_RA22_GMCF3029a.sc__NODE_3191_length_2099_cov_2.980431_1	REF048_FII_Ascidiaceihabitans_donghaensis_A0A2R8BD61	43.0	158	11	164	12	167	1.12e-33	118	176	788
013_13_RA22_GMCF3029a.sc__NODE_4121_length_1894_cov_2.593801_1	REF065_OUT_Megalodesulfovibrio_gigas_Desulfovi_Q46509	41.8	153	25	172	2	154	9.32e-34	119	179	907
013_13_RA22_GMCF3029a.sc__NODE_4121_length_1894_cov_2.593801_1	REF063_OUT_Bos_taurus_Bovine__P80457	35.7	157	31	174	10	166	2.37e-24	92.0	179	1332
013_13_RA22_GMCF3029a.sc__NODE_4121_length_1894_cov_2.593801_2	REF035_FII_Ardenticatena_maritima_A0A0M8K8I5	28.0	257	227	433	6	257	2.81e-12	61.2	451	789
013_13_RA22_GMCF3029a.sc__NODE_4121_length_1894_cov_2.593801_2	REF039_FII_Luteitalea_pratensis_A0A143PSW7	27.0	259	227	433	9	264	8.57e-12	59.7	451	787
013_13_RA22_GMCF3029a.sc__NODE_4121_length_1894_cov_2.593801_2	REF014_FI_Deinococcus_caeni_A0ABP9UI58	24.7	247	225	433	14	260	4.57e-11	57.4	451	792
013_13_RA22_GMCF3029a.sc__NODE_4631_length_1812_cov_3.529880_2	REF041_FII_Actibacterium_lipolyticum_A0A238JRA4	65.7	396	1	396	369	764	3.22e-185	526	398	765
013_13_RA22_GMCF3029a.sc__NODE_4631_length_1812_cov_3.529880_2	REF054_FII_Cereibacter_sphaeroides_strain_ATCC_Q3J2E6	44.8	415	1	390	377	789	6.57e-101	310	398	790
013_13_RA22_GMCF3029a.sc__NODE_4631_length_1812_cov_3.529880_2	REF058_FII_Cupriavidus_laharis_A0ABM8XSX1	43.8	413	1	392	379	789	1.98e-99	306	398	791
013_13_RA22_GMCF3029a.sc__NODE_4631_length_1812_cov_3.529880_2	REF060_FII_Donghicola_eburneus_A0A1M4N221	43.6	413	1	390	377	787	3.91e-98	303	398	788
013_13_RA22_GMCF3029a.sc__NODE_4631_length_1812_cov_3.529880_2	REF056_FII_Comamonas_aquatilis_A0ACE2T5A2	44.1	413	1	393	384	793	2.44e-97	301	398	795
013_13_RA22_GMCF3029a.sc__NODE_4748_length_1791_cov_7.441244_1	REF066_OUT_Rhodobacter_capsulatus_Rhodopseudom_O54051	48.1	412	22	415	148	558	1.15e-124	372	422	777
013_13_RA22_GMCF3029a.sc__NODE_4748_length_1791_cov_7.441244_1	REF063_OUT_Bos_taurus_Bovine__P80457	39.1	409	1	408	695	1101	7.46e-86	278	422	1332
013_13_RA22_GMCF3029a.sc__NODE_4748_length_1791_cov_7.441244_1	REF064_OUT_Escherichia_coli_strain_K12__Q46799	25.6	348	23	369	157	498	1.15e-25	102	422	752
013_13_RA22_GMCF3029a.sc__NODE_4748_length_1791_cov_7.441244_1	REF065_OUT_Megalodesulfovibrio_gigas_Desulfovi_Q46509	24.6	354	30	380	348	691	3.25e-23	95.1	422	907
013_13_RA22_GMCF3029a.sc__NODE_4748_length_1791_cov_7.441244_1	REF055_FII_Pseudonocardia_asaccharolytica_DSM__A0A511CWW9	26.9	375	50	412	190	553	1.67e-22	92.8	422	757
013_13_RA22_GMCF3029a.sc__NODE_4748_length_1791_cov_7.441244_2	REF066_OUT_Rhodobacter_capsulatus_Rhodopseudom_O54051	54.8	177	1	177	560	736	2.89e-65	206	181	777
013_13_RA22_GMCF3029a.sc__NODE_4748_length_1791_cov_7.441244_2	REF063_OUT_Bos_taurus_Bovine__P80457	50.0	156	23	178	1113	1268	5.82e-50	165	181	1332
013_13_RA22_GMCF3029a.sc__NODE_4748_length_1791_cov_7.441244_2	REF065_OUT_Megalodesulfovibrio_gigas_Desulfovi_Q46509	31.5	127	49	174	752	872	1.26e-12	58.2	181	907
013_13_RA22_GMCF3029a.sc__NODE_4748_length_1791_cov_7.441244_2	REF035_FII_Ardenticatena_maritima_A0A0M8K8I5	34.5	84	63	146	636	719	4.17e-12	56.6	181	789
013_13_RA22_GMCF3029a.sc__NODE_4748_length_1791_cov_7.441244_2	REF041_FII_Actibacterium_lipolyticum_A0A238JRA4	31.3	99	48	146	600	695	1.40e-11	55.1	181	765
013_13_RA22_GMCF3029a.sc__NODE_5666_length_1672_cov_7.181818_2	REF002_FI_Mycolicibacterium_smegmatis_strain__A0QQG4	43.4	122	13	131	25	143	2.52e-23	87.0	131	799
013_13_RA22_GMCF3029a.sc__NODE_5666_length_1672_cov_7.181818_2	REF023_FI_Rhodococcus_gordoniae_A0A379LVU4	41.2	119	13	131	23	141	1.19e-22	85.1	131	797
013_13_RA22_GMCF3029a.sc__NODE_5666_length_1672_cov_7.181818_2	REF016_FI_Mycobacterium_attenuatum_A0A498PSI1	44.3	122	13	131	28	146	3.02e-22	84.0	131	802
013_13_RA22_GMCF3029a.sc__NODE_5666_length_1672_cov_7.181818_2	REF019_FI_Mycolicibacterium_chitae_Mycobacter_A0A448IBW4	41.8	122	13	131	22	140	1.94e-21	81.6	131	796
013_13_RA22_GMCF3029a.sc__NODE_5666_length_1672_cov_7.181818_2	REF013_FI_Capillimicrobium_parvum_A0A9E6Y1X1	40.2	127	13	131	17	135	8.02e-20	77.0	131	807
013_13_RA22_GMCF3029a.sc__NODE_5742_length_1662_cov_3.850031_4	REF066_OUT_Rhodobacter_capsulatus_Rhodopseudom_O54051	53.4	58	1	58	719	774	3.06e-15	60.8	64	777
013_13_RA22_GMCF3029a.sc__NODE_5742_length_1662_cov_3.850031_4	REF063_OUT_Bos_taurus_Bovine__P80457	50.8	59	4	56	1253	1311	1.61e-12	53.1	64	1332
013_13_RA22_GMCF3029a.sc__NODE_5980_length_1638_cov_3.136450_1	REF033_FII_Acidiphilium_multivorum_strain_DSM__F0J165	63.7	102	222	323	119	219	1.05e-33	124	323	801
013_13_RA22_GMCF3029a.sc__NODE_5980_length_1638_cov_3.136450_1	REF052_FII_Bradyrhizobium_ivorense_A0A508SVN1	59.8	102	222	323	111	211	1.17e-32	120	323	779
013_13_RA22_GMCF3029a.sc__NODE_5980_length_1638_cov_3.136450_1	REF045_FII_Albidovulum_aquaemixtae_A0A2R8B4Q9	59.2	103	222	323	110	211	2.26e-29	111	323	788
013_13_RA22_GMCF3029a.sc__NODE_5980_length_1638_cov_3.136450_1	REF037_FII_Fibrella_aestuarina_BUZ_2_I0KFJ2	53.9	102	222	323	117	218	3.06e-29	110	323	796
013_13_RA22_GMCF3029a.sc__NODE_5980_length_1638_cov_3.136450_1	REF054_FII_Cereibacter_sphaeroides_strain_ATCC_Q3J2E6	53.4	103	222	323	110	212	1.86e-28	108	323	790
013_13_RA22_GMCF3029a.sc__NODE_6654_length_1568_cov_2.377396_1	REF035_FII_Ardenticatena_maritima_A0A0M8K8I5	31.1	286	1	279	303	587	1.24e-37	137	393	789
013_13_RA22_GMCF3029a.sc__NODE_6654_length_1568_cov_2.377396_1	REF040_FII_Nitrolancea_hollandica_Lb_I4ED45	27.6	286	1	285	300	583	2.52e-36	133	393	784
013_13_RA22_GMCF3029a.sc__NODE_6654_length_1568_cov_2.377396_1	REF038_FII_Kyrpidia_spormannii_A0A2K8N8V7	31.2	269	1	266	297	562	1.88e-33	125	393	780
013_13_RA22_GMCF3029a.sc__NODE_6654_length_1568_cov_2.377396_1	REF036_FII_Calidithermus_roseus_A0A399EKG8	31.5	289	2	290	302	565	1.50e-32	122	393	764
013_13_RA22_GMCF3029a.sc__NODE_6654_length_1568_cov_2.377396_1	REF054_FII_Cereibacter_sphaeroides_strain_ATCC_Q3J2E6	29.3	266	1	262	306	567	1.54e-32	122	393	790
013_13_RA22_GMCF3029a.sc__NODE_6661_length_1567_cov_3.722222_1	REF063_OUT_Bos_taurus_Bovine__P80457	31.3	361	9	338	2	357	2.94e-50	172	338	1332
013_13_RA22_GMCF3029a.sc__NODE_6661_length_1567_cov_3.722222_1	REF065_OUT_Megalodesulfovibrio_gigas_Desulfovi_Q46509	37.6	141	31	168	21	148	4.44e-22	90.1	338	907
013_13_RA22_GMCF3029a.sc__NODE_7079_length_1528_cov_10.919891_2	REF065_OUT_Megalodesulfovibrio_gigas_Desulfovi_Q46509	39.6	144	6	145	6	149	1.40e-31	111	154	907
013_13_RA22_GMCF3029a.sc__NODE_7079_length_1528_cov_10.919891_2	REF063_OUT_Bos_taurus_Bovine__P80457	37.8	156	8	150	10	165	7.10e-29	103	154	1332
013_13_RA22_GMCF3029a.sc__NODE_7089_length_1528_cov_3.059063_1	REF065_OUT_Megalodesulfovibrio_gigas_Desulfovi_Q46509	48.3	60	13	72	848	907	3.17e-13	55.8	78	907
013_13_RA22_GMCF3029a.sc__NODE_7089_length_1528_cov_3.059063_1	REF036_FII_Calidithermus_roseus_A0A399EKG8	49.0	49	23	71	712	760	2.52e-11	50.4	78	764
013_13_RA22_GMCF3029a.sc__NODE_7089_length_1528_cov_3.059063_1	REF064_OUT_Escherichia_coli_strain_K12__Q46799	42.6	54	13	66	689	742	8.79e-11	48.9	78	752
013_13_RA22_GMCF3029a.sc__NODE_7100_length_1527_cov_3.932065_1	REF035_FII_Ardenticatena_maritima_A0A0M8K8I5	44.1	161	2	162	4	163	1.80e-34	120	168	789
013_13_RA22_GMCF3029a.sc__NODE_7100_length_1527_cov_3.932065_1	REF037_FII_Fibrella_aestuarina_BUZ_2_I0KFJ2	40.7	172	1	162	7	171	7.42e-33	115	168	796
013_13_RA22_GMCF3029a.sc__NODE_7100_length_1527_cov_3.932065_1	REF008_FI_Paraburkholderia_xenovorans_strain__Q13YL7	48.1	131	6	136	17	139	5.66e-31	110	168	803
013_13_RA22_GMCF3029a.sc__NODE_7100_length_1527_cov_3.932065_1	REF022_FI_Paraburkholderia_dioscoreae_A0A5Q4ZDG8	48.1	131	6	136	17	139	5.66e-31	110	168	803
013_13_RA22_GMCF3029a.sc__NODE_7100_length_1527_cov_3.932065_1	REF047_FII_Meiothermus_granaticius_NBRC_107808_A0A399F9R8	43.0	165	1	161	1	159	1.05e-30	109	168	789
013_13_RA22_GMCF3029a.sc__NODE_7100_length_1527_cov_3.932065_2	REF065_OUT_Megalodesulfovibrio_gigas_Desulfovi_Q46509	41.4	157	10	163	7	163	9.98e-38	130	174	907
013_13_RA22_GMCF3029a.sc__NODE_7100_length_1527_cov_3.932065_2	REF063_OUT_Bos_taurus_Bovine__P80457	41.7	156	11	154	10	165	2.07e-33	117	174	1332
013_13_RA22_GMCF3029a.sc__NODE_8414_length_1426_cov_6.334792_2	REF063_OUT_Bos_taurus_Bovine__P80457	31.6	377	15	340	8	371	3.75e-55	187	340	1332
013_13_RA22_GMCF3029a.sc__NODE_8414_length_1426_cov_6.334792_2	REF065_OUT_Megalodesulfovibrio_gigas_Desulfovi_Q46509	35.5	141	35	172	25	148	2.13e-20	85.1	340	907
013_13_RA22_GMCF3029a.sc__NODE_8653_length_1412_cov_3.790715_1	REF066_OUT_Rhodobacter_capsulatus_Rhodopseudom_O54051	47.7	44	11	54	8	51	4.49e-11	48.5	54	777
013_13_RA22_GMCF3029a.sc__NODE_8653_length_1412_cov_3.790715_2	REF063_OUT_Bos_taurus_Bovine__P80457	28.2	393	7	350	98	484	1.60e-45	161	417	1332
013_13_RA22_GMCF3029a.sc__NODE_8653_length_1412_cov_3.790715_2	REF065_OUT_Megalodesulfovibrio_gigas_Desulfovi_Q46509	38.8	67	6	72	84	148	1.75e-11	58.5	417	907
013_13_RA22_GMCF3029a.sc__NODE_9540_length_1360_cov_2.766284_2	REF065_OUT_Megalodesulfovibrio_gigas_Desulfovi_Q46509	37.0	154	5	154	6	159	2.13e-29	105	156	907
013_13_RA22_GMCF3029a.sc__NODE_9540_length_1360_cov_2.766284_2	REF063_OUT_Bos_taurus_Bovine__P80457	34.7	144	7	137	10	153	8.46e-23	86.7	156	1332
013_13_RA22_GMCF3029a.sc__NODE_10858_length_1293_cov_7.333086_1	REF035_FII_Ardenticatena_maritima_A0A0M8K8I5	34.7	435	2	430	137	567	2.67e-76	246	431	789
013_13_RA22_GMCF3029a.sc__NODE_10858_length_1293_cov_7.333086_1	REF040_FII_Nitrolancea_hollandica_Lb_I4ED45	33.0	442	2	431	136	565	9.27e-76	244	431	784
013_13_RA22_GMCF3029a.sc__NODE_10858_length_1293_cov_7.333086_1	REF036_FII_Calidithermus_roseus_A0A399EKG8	34.8	420	2	420	138	539	7.04e-72	234	431	764
013_13_RA22_GMCF3029a.sc__NODE_10858_length_1293_cov_7.333086_1	REF052_FII_Bradyrhizobium_ivorense_A0A508SVN1	33.2	425	1	420	138	557	1.22e-70	231	431	779
013_13_RA22_GMCF3029a.sc__NODE_10858_length_1293_cov_7.333086_1	REF038_FII_Kyrpidia_spormannii_A0A2K8N8V7	31.8	434	2	431	134	562	1.70e-69	228	431	780
013_13_RA22_GMCF3029a.sc__NODE_11410_length_1269_cov_2.561779_1	REF065_OUT_Megalodesulfovibrio_gigas_Desulfovi_Q46509	31.6	263	38	287	23	283	6.24e-36	129	287	907
013_13_RA22_GMCF3029a.sc__NODE_11410_length_1269_cov_2.561779_1	REF063_OUT_Bos_taurus_Bovine__P80457	35.5	155	21	160	8	158	2.76e-24	95.5	287	1332
013_13_RA22_GMCF3029a.sc__NODE_13165_length_1199_cov_2.816434_1	REF057_FII_Rhodococcus_coprophilus_A0A2X4U3L5	26.5	223	64	274	181	403	7.46e-15	68.9	399	808
013_13_RA22_GMCF3029a.sc__NODE_13165_length_1199_cov_2.816434_1	REF066_OUT_Rhodobacter_capsulatus_Rhodopseudom_O54051	30.5	131	63	191	149	279	1.51e-11	58.5	399	777
013_13_RA22_GMCF3029a.sc__NODE_13165_length_1199_cov_2.816434_1	REF064_OUT_Escherichia_coli_strain_K12__Q46799	24.4	307	63	341	157	460	3.46e-11	57.4	399	752
013_13_RA22_GMCF3029a.sc__NODE_14057_length_1168_cov_3.953279_1	REF064_OUT_Escherichia_coli_strain_K12__Q46799	27.8	133	130	255	608	737	3.19e-12	58.9	264	752
013_13_RA22_GMCF3029a.sc__NODE_15130_length_1134_cov_5.061168_1	REF066_OUT_Rhodobacter_capsulatus_Rhodopseudom_O54051	41.7	103	6	108	2	103	1.89e-20	77.8	108	777
013_13_RA22_GMCF3029a.sc__NODE_15130_length_1134_cov_5.061168_2	REF063_OUT_Bos_taurus_Bovine__P80457	29.2	137	6	139	324	460	1.50e-12	58.9	214	1332
013_13_RA22_GMCF3029a.sc__NODE_15608_length_1121_cov_3.024390_1	REF066_OUT_Rhodobacter_capsulatus_Rhodopseudom_O54051	52.4	353	40	373	146	496	4.41e-109	330	373	777
013_13_RA22_GMCF3029a.sc__NODE_15608_length_1121_cov_3.024390_1	REF063_OUT_Bos_taurus_Bovine__P80457	42.7	316	59	373	733	1046	9.59e-75	244	373	1332
013_13_RA22_GMCF3029a.sc__NODE_15608_length_1121_cov_3.024390_1	REF065_OUT_Megalodesulfovibrio_gigas_Desulfovi_Q46509	27.8	370	7	368	316	656	2.24e-23	94.7	373	907
013_13_RA22_GMCF3029a.sc__NODE_15608_length_1121_cov_3.024390_1	REF064_OUT_Escherichia_coli_strain_K12__Q46799	26.6	308	66	371	180	480	3.20e-19	82.0	373	752
013_13_RA22_GMCF3029a.sc__NODE_15608_length_1121_cov_3.024390_1	REF044_FII_Sulfoacidibacillus_ferrooxidans_A0A9X1V6V7	26.4	201	83	281	208	405	5.49e-12	59.7	373	784
013_13_RA22_GMCF3029a.sc__NODE_16889_length_1087_cov_1.702519_1	REF065_OUT_Megalodesulfovibrio_gigas_Desulfovi_Q46509	37.3	161	87	244	6	148	1.93e-30	113	281	907
013_13_RA22_GMCF3029a.sc__NODE_16889_length_1087_cov_1.702519_1	REF063_OUT_Bos_taurus_Bovine__P80457	34.6	159	99	246	21	161	1.99e-23	92.8	281	1332
013_13_RA22_GMCF3029a.sc__NODE_18494_length_1048_cov_11.807654_1	REF063_OUT_Bos_taurus_Bovine__P80457	35.0	117	1	113	50	166	5.43e-19	77.0	191	1332
013_13_RA22_GMCF3029a.sc__NODE_18494_length_1048_cov_11.807654_1	REF065_OUT_Megalodesulfovibrio_gigas_Desulfovi_Q46509	41.8	91	21	107	59	149	3.65e-15	65.9	191	907
013_13_RA22_GMCF3029a.sc__NODE_18855_length_1041_cov_1.995943_1	REF066_OUT_Rhodobacter_capsulatus_Rhodopseudom_O54051	43.8	112	7	118	661	770	8.34e-27	96.7	124	777
013_13_RA22_GMCF3029a.sc__NODE_18855_length_1041_cov_1.995943_1	REF063_OUT_Bos_taurus_Bovine__P80457	43.1	116	5	114	1190	1305	3.59e-25	92.0	124	1332
013_13_RA22_GMCF3029a.sc__NODE_18855_length_1041_cov_1.995943_1	REF042_FII_Actinomadura_macrotermitis_A0A7K0C220	35.0	120	4	118	664	773	8.71e-13	56.6	124	798
013_13_RA22_GMCF3029a.sc__NODE_18855_length_1041_cov_1.995943_1	REF044_FII_Sulfoacidibacillus_ferrooxidans_A0A9X1V6V7	34.8	112	4	114	668	773	1.19e-12	56.2	124	784
013_13_RA22_GMCF3029a.sc__NODE_18855_length_1041_cov_1.995943_1	REF002_FI_Mycolicibacterium_smegmatis_strain__A0QQG4	36.9	111	4	114	682	787	1.42e-11	53.1	124	799
013_13_RA22_GMCF3029a.sc__NODE_20225_length_1011_cov_5.132845_1	REF063_OUT_Bos_taurus_Bovine__P80457	32.1	274	5	230	6	279	3.26e-39	137	236	1332
013_13_RA22_GMCF3029a.sc__NODE_20225_length_1011_cov_5.132845_1	REF065_OUT_Megalodesulfovibrio_gigas_Desulfovi_Q46509	39.7	156	8	158	7	150	1.18e-25	97.8	236	907
013_13_RA22_GMCF3029a.sc__NODE_20588_length_1004_cov_4.810327_2	REF066_OUT_Rhodobacter_capsulatus_Rhodopseudom_O54051	47.1	278	22	298	8	284	6.43e-75	237	298	777
013_13_RA22_GMCF3029a.sc__NODE_20588_length_1004_cov_4.810327_2	REF063_OUT_Bos_taurus_Bovine__P80457	39.9	278	22	298	578	854	1.01e-57	192	298	1332
013_13_RA22_GMCF3029a.sc__NODE_20588_length_1004_cov_4.810327_2	REF065_OUT_Megalodesulfovibrio_gigas_Desulfovi_Q46509	29.7	283	21	283	180	460	1.75e-24	96.3	298	907
013_13_RA22_GMCF3029a.sc__NODE_20588_length_1004_cov_4.810327_2	REF064_OUT_Escherichia_coli_strain_K12__Q46799	27.5	287	30	298	9	292	8.95e-22	88.2	298	752
013_13_RA22_GMCF3029a.sc__NODE_20588_length_1004_cov_4.810327_2	REF037_FII_Fibrella_aestuarina_BUZ_2_I0KFJ2	29.9	298	30	298	25	318	9.99e-21	85.1	298	796
013_13_RA22_GMCF3029a.sc__NODE_21161_length_993_cov_2.638593_1	REF063_OUT_Bos_taurus_Bovine__P80457	27.4	226	47	257	238	459	5.02e-17	73.9	285	1332
013_13_RA22_GMCF3029a.sc__NODE_22160_length_975_cov_2.220652_1	REF066_OUT_Rhodobacter_capsulatus_Rhodopseudom_O54051	47.2	125	22	146	8	132	1.51e-30	109	179	777
013_13_RA22_GMCF3029a.sc__NODE_22160_length_975_cov_2.220652_1	REF063_OUT_Bos_taurus_Bovine__P80457	37.7	154	9	162	565	717	2.37e-24	92.0	179	1332
013_13_RA22_GMCF3029a.sc__NODE_22160_length_975_cov_2.220652_1	REF058_FII_Cupriavidus_laharis_A0ABM8XSX1	38.2	131	30	146	23	152	1.95e-17	72.0	179	791
013_13_RA22_GMCF3029a.sc__NODE_22160_length_975_cov_2.220652_1	REF050_FII_Blastochloris_viridis_Rhodopseudomo_A0A0H5BCZ6	35.3	139	30	154	19	156	1.23e-16	69.7	179	788
013_13_RA22_GMCF3029a.sc__NODE_22160_length_975_cov_2.220652_1	REF034_FII_Actinoallomurus_iriomotensis_A0A9W6W744	36.5	115	34	146	21	133	4.15e-16	68.2	179	751
013_13_RA22_GMCF3029a.sc__NODE_22591_length_968_cov_1.581599_1	REF063_OUT_Bos_taurus_Bovine__P80457	44.6	148	1	143	22	166	9.28e-36	128	276	1332
013_13_RA22_GMCF3029a.sc__NODE_22591_length_968_cov_1.581599_1	REF065_OUT_Megalodesulfovibrio_gigas_Desulfovi_Q46509	34.0	150	5	151	23	163	9.99e-23	90.5	276	907
013_13_RA22_GMCF3029a.sc__NODE_25300_length_925_cov_2.422989_1	REF065_OUT_Megalodesulfovibrio_gigas_Desulfovi_Q46509	27.5	218	1	217	410	627	9.66e-24	94.4	308	907
013_13_RA22_GMCF3029a.sc__NODE_25300_length_925_cov_2.422989_1	REF064_OUT_Escherichia_coli_strain_K12__Q46799	38.8	160	8	163	233	389	9.39e-20	82.4	308	752
013_13_RA22_GMCF3029a.sc__NODE_25300_length_925_cov_2.422989_1	REF057_FII_Rhodococcus_coprophilus_A0A2X4U3L5	36.4	162	1	160	248	409	3.16e-19	80.9	308	808
013_13_RA22_GMCF3029a.sc__NODE_25300_length_925_cov_2.422989_1	REF063_OUT_Bos_taurus_Bovine__P80457	34.0	159	8	164	794	952	6.93e-18	77.0	308	1332
013_13_RA22_GMCF3029a.sc__NODE_25300_length_925_cov_2.422989_1	REF055_FII_Pseudonocardia_asaccharolytica_DSM__A0A511CWW9	34.6	159	1	157	232	389	2.60e-17	75.1	308	757
013_13_RA22_GMCF3029a.sc__NODE_27188_length_898_cov_1.844603_1	REF063_OUT_Bos_taurus_Bovine__P80457	28.4	194	107	288	241	434	5.75e-22	89.0	298	1332
013_13_RA22_GMCF3029a.sc__NODE_28093_length_886_cov_2.563177_1	REF066_OUT_Rhodobacter_capsulatus_Rhodopseudom_O54051	58.0	274	36	295	192	465	1.71e-107	323	295	777
013_13_RA22_GMCF3029a.sc__NODE_28093_length_886_cov_2.563177_1	REF063_OUT_Bos_taurus_Bovine__P80457	37.4	257	39	295	765	1015	8.04e-51	172	295	1332
013_13_RA22_GMCF3029a.sc__NODE_28093_length_886_cov_2.563177_1	REF064_OUT_Escherichia_coli_strain_K12__Q46799	31.0	187	33	219	198	383	6.01e-19	79.7	295	752
013_13_RA22_GMCF3029a.sc__NODE_28093_length_886_cov_2.563177_1	REF044_FII_Sulfoacidibacillus_ferrooxidans_A0A9X1V6V7	30.1	183	40	219	216	396	8.22e-19	79.3	295	784
013_13_RA22_GMCF3029a.sc__NODE_28093_length_886_cov_2.563177_1	REF057_FII_Rhodococcus_coprophilus_A0A2X4U3L5	31.6	187	38	223	225	410	6.64e-18	76.6	295	808
013_13_RA22_GMCF3029a.sc__NODE_28431_length_881_cov_4.553269_1	REF063_OUT_Bos_taurus_Bovine__P80457	29.2	329	9	292	98	418	5.40e-41	144	293	1332
013_13_RA22_GMCF3029a.sc__NODE_28431_length_881_cov_4.553269_1	REF065_OUT_Megalodesulfovibrio_gigas_Desulfovi_Q46509	38.4	73	8	78	84	148	2.07e-11	57.0	293	907
013_13_RA22_GMCF3029a.sc__NODE_31369_length_846_cov_15.948167_1	REF038_FII_Kyrpidia_spormannii_A0A2K8N8V7	38.2	207	31	224	454	658	1.44e-36	130	281	780
013_13_RA22_GMCF3029a.sc__NODE_31369_length_846_cov_15.948167_1	REF017_FI_Meiothermus_granaticius_NBRC_107808_A0A399F476	36.6	205	31	224	474	674	1.46e-36	130	281	799
013_13_RA22_GMCF3029a.sc__NODE_31369_length_846_cov_15.948167_1	REF039_FII_Luteitalea_pratensis_A0A143PSW7	38.8	201	32	224	467	665	2.67e-36	130	281	787
013_13_RA22_GMCF3029a.sc__NODE_31369_length_846_cov_15.948167_1	REF014_FI_Deinococcus_caeni_A0ABP9UI58	37.6	205	31	224	465	665	2.69e-36	130	281	792
013_13_RA22_GMCF3029a.sc__NODE_31369_length_846_cov_15.948167_1	REF035_FII_Ardenticatena_maritima_A0A0M8K8I5	35.0	206	32	224	461	664	4.95e-36	129	281	789
013_13_RA22_GMCF3029a.sc__NODE_31665_length_843_cov_2.582487_1	REF066_OUT_Rhodobacter_capsulatus_Rhodopseudom_O54051	50.9	293	2	280	187	479	9.67e-95	289	280	777
013_13_RA22_GMCF3029a.sc__NODE_31665_length_843_cov_2.582487_1	REF063_OUT_Bos_taurus_Bovine__P80457	43.2	280	1	280	756	1029	1.98e-68	223	280	1332
013_13_RA22_GMCF3029a.sc__NODE_31665_length_843_cov_2.582487_1	REF064_OUT_Escherichia_coli_strain_K12__Q46799	29.2	284	1	280	195	465	5.62e-23	91.3	280	752
013_13_RA22_GMCF3029a.sc__NODE_31665_length_843_cov_2.582487_1	REF055_FII_Pseudonocardia_asaccharolytica_DSM__A0A511CWW9	27.4	285	2	280	202	473	8.35e-19	79.0	280	757
013_13_RA22_GMCF3029a.sc__NODE_31665_length_843_cov_2.582487_1	REF049_FII_Gandjariella_thermophila_A0A4D4J4W8	26.4	242	1	234	193	430	6.73e-18	76.3	280	752
013_13_RA22_GMCF3029a.sc__NODE_32416_length_835_cov_1.392308_2	REF065_OUT_Megalodesulfovibrio_gigas_Desulfovi_Q46509	40.5	148	3	146	6	153	1.54e-32	114	153	907
013_13_RA22_GMCF3029a.sc__NODE_32416_length_835_cov_1.392308_2	REF063_OUT_Bos_taurus_Bovine__P80457	35.7	157	5	148	10	166	1.20e-23	89.0	153	1332
013_13_RA22_GMCF3029a.sc__NODE_32703_length_831_cov_4.630155_1	REF040_FII_Nitrolancea_hollandica_Lb_I4ED45	29.3	181	37	198	593	770	8.73e-12	56.2	201	784
013_13_RA22_GMCF3029a.sc__NODE_32784_length_831_cov_1.921392_2	REF064_OUT_Escherichia_coli_strain_K12__Q46799	37.5	72	1	72	675	745	8.14e-11	48.9	76	752
013_13_RA22_GMCF3029a.sc__NODE_33311_length_825_cov_2.700000_2	REF064_OUT_Escherichia_coli_strain_K12__Q46799	33.9	118	85	196	620	737	3.27e-13	60.5	203	752
013_13_RA22_GMCF3029a.sc__NODE_36261_length_797_cov_2.377358_1	REF066_OUT_Rhodobacter_capsulatus_Rhodopseudom_O54051	62.2	111	2	112	641	751	1.09e-44	147	123	777
013_13_RA22_GMCF3029a.sc__NODE_36261_length_797_cov_2.377358_1	REF063_OUT_Bos_taurus_Bovine__P80457	55.1	107	2	108	1172	1278	2.35e-34	118	123	1332
013_13_RA22_GMCF3029a.sc__NODE_36261_length_797_cov_2.377358_1	REF039_FII_Luteitalea_pratensis_A0A143PSW7	43.1	65	2	66	659	720	2.91e-12	55.1	123	787
013_13_RA22_GMCF3029a.sc__NODE_36261_length_797_cov_2.377358_1	REF054_FII_Cereibacter_sphaeroides_strain_ATCC_Q3J2E6	35.9	92	11	96	667	757	7.38e-12	53.9	123	790
013_13_RA22_GMCF3029a.sc__NODE_36261_length_797_cov_2.377358_1	REF042_FII_Actinomadura_macrotermitis_A0A7K0C220	42.9	56	11	66	656	711	1.01e-11	53.5	123	798
013_13_RA22_GMCF3029a.sc__NODE_36888_length_791_cov_3.519022_1	REF066_OUT_Rhodobacter_capsulatus_Rhodopseudom_O54051	62.4	263	1	263	20	281	2.82e-107	321	263	777
013_13_RA22_GMCF3029a.sc__NODE_36888_length_791_cov_3.519022_1	REF063_OUT_Bos_taurus_Bovine__P80457	36.1	263	1	262	590	850	7.42e-47	160	263	1332
013_13_RA22_GMCF3029a.sc__NODE_36888_length_791_cov_3.519022_1	REF049_FII_Gandjariella_thermophila_A0A4D4J4W8	27.9	265	3	256	23	284	8.87e-21	84.3	263	752
013_13_RA22_GMCF3029a.sc__NODE_36888_length_791_cov_3.519022_1	REF064_OUT_Escherichia_coli_strain_K12__Q46799	28.0	279	1	261	13	287	2.96e-20	82.8	263	752
013_13_RA22_GMCF3029a.sc__NODE_36888_length_791_cov_3.519022_1	REF034_FII_Actinoallomurus_iriomotensis_A0A9W6W744	27.6	254	1	246	21	270	9.87e-20	81.3	263	751
013_13_RA22_GMCF3029a.sc__NODE_37483_length_786_cov_2.874145_1	REF065_OUT_Megalodesulfovibrio_gigas_Desulfovi_Q46509	36.3	160	7	163	6	164	3.30e-35	122	163	907
013_13_RA22_GMCF3029a.sc__NODE_37483_length_786_cov_2.874145_1	REF063_OUT_Bos_taurus_Bovine__P80457	36.3	160	9	156	10	168	2.14e-27	100	163	1332
013_13_RA22_GMCF3029a.sc__NODE_39108_length_772_cov_3.193863_1	REF066_OUT_Rhodobacter_capsulatus_Rhodopseudom_O54051	47.7	130	11	140	8	137	2.81e-33	116	158	777
013_13_RA22_GMCF3029a.sc__NODE_39108_length_772_cov_3.193863_1	REF063_OUT_Bos_taurus_Bovine__P80457	38.3	141	11	151	578	717	6.64e-23	87.0	158	1332
013_13_RA22_GMCF3029a.sc__NODE_39108_length_772_cov_3.193863_1	REF058_FII_Cupriavidus_laharis_A0ABM8XSX1	37.0	138	19	142	23	159	4.87e-19	75.9	158	791
013_13_RA22_GMCF3029a.sc__NODE_39108_length_772_cov_3.193863_1	REF050_FII_Blastochloris_viridis_Rhodopseudomo_A0A0H5BCZ6	36.0	139	19	143	19	156	1.23e-18	74.7	158	788
013_13_RA22_GMCF3029a.sc__NODE_39108_length_772_cov_3.193863_1	REF046_FII_Amycolatopsis_bartoniae_A0A8H9IQQ2	37.1	124	25	145	23	144	3.63e-17	70.5	158	752
013_13_RA22_GMCF3029a.sc__NODE_39108_length_772_cov_3.193863_2	REF066_OUT_Rhodobacter_capsulatus_Rhodopseudom_O54051	54.3	92	1	92	168	258	3.16e-29	102	108	777
013_13_RA22_GMCF3029a.sc__NODE_39108_length_772_cov_3.193863_2	REF063_OUT_Bos_taurus_Bovine__P80457	43.0	93	1	92	736	828	5.62e-21	79.3	108	1332
013_13_RA22_GMCF3029a.sc__NODE_39561_length_769_cov_1.591036_2	REF065_OUT_Megalodesulfovibrio_gigas_Desulfovi_Q46509	34.8	132	1	131	31	149	1.23e-23	90.1	184	907
013_13_RA22_GMCF3029a.sc__NODE_39561_length_769_cov_1.591036_2	REF063_OUT_Bos_taurus_Bovine__P80457	33.6	140	1	129	34	158	8.16e-17	70.5	184	1332
013_13_RA22_GMCF3029a.sc__NODE_40269_length_763_cov_2.288136_1	REF063_OUT_Bos_taurus_Bovine__P80457	30.0	130	6	132	340	469	1.04e-12	58.9	197	1332
013_13_RA22_GMCF3029a.sc__NODE_42555_length_745_cov_7.672464_1	REF066_OUT_Rhodobacter_capsulatus_Rhodopseudom_O54051	55.9	222	27	248	402	623	8.66e-72	227	248	777
013_13_RA22_GMCF3029a.sc__NODE_42555_length_745_cov_7.672464_1	REF063_OUT_Bos_taurus_Bovine__P80457	39.5	220	28	247	953	1153	1.01e-41	144	248	1332
013_13_RA22_GMCF3029a.sc__NODE_42719_length_744_cov_4.145138_1	REF063_OUT_Bos_taurus_Bovine__P80457	27.4	292	1	246	110	395	5.33e-32	116	247	1332
013_13_RA22_GMCF3029a.sc__NODE_42928_length_743_cov_2.463663_1	REF026_FI_Polymorphum_gilvum_strain_LMG_25793_F2IW51	44.3	61	48	108	18	78	9.08e-11	52.8	183	806
013_13_RA22_GMCF3029a.sc__NODE_43643_length_738_cov_2.317716_2	REF065_OUT_Megalodesulfovibrio_gigas_Desulfovi_Q46509	38.7	106	1	102	48	153	5.64e-19	73.6	107	907
013_13_RA22_GMCF3029a.sc__NODE_43643_length_738_cov_2.317716_2	REF063_OUT_Bos_taurus_Bovine__P80457	34.4	96	11	104	71	166	7.86e-14	58.9	107	1332
013_13_RA22_GMCF3029a.sc__NODE_44141_length_735_cov_1.732353_1	REF063_OUT_Bos_taurus_Bovine__P80457	37.1	178	6	182	639	815	1.43e-32	116	204	1332
013_13_RA22_GMCF3029a.sc__NODE_44141_length_735_cov_1.732353_1	REF066_OUT_Rhodobacter_capsulatus_Rhodopseudom_O54051	36.2	185	1	184	64	247	9.76e-31	111	204	777
013_13_RA22_GMCF3029a.sc__NODE_44141_length_735_cov_1.732353_1	REF064_OUT_Escherichia_coli_strain_K12__Q46799	34.0	150	28	170	93	242	4.41e-18	74.7	204	752
013_13_RA22_GMCF3029a.sc__NODE_44141_length_735_cov_1.732353_1	REF065_OUT_Megalodesulfovibrio_gigas_Desulfovi_Q46509	26.7	206	1	188	239	443	4.40e-16	68.9	204	907
013_13_RA22_GMCF3029a.sc__NODE_44141_length_735_cov_1.732353_1	REF027_FI_Pseudorhizobium_banfieldiae_L0NNE2	31.0	168	24	168	104	271	4.89e-15	65.9	204	806
013_13_RA22_GMCF3029a.sc__NODE_44141_length_735_cov_1.732353_2	REF063_OUT_Bos_taurus_Bovine__P80457	50.0	50	13	62	981	1030	1.39e-12	53.5	68	1332
013_13_RA22_GMCF3029a.sc__NODE_44141_length_735_cov_1.732353_2	REF066_OUT_Rhodobacter_capsulatus_Rhodopseudom_O54051	50.9	53	9	61	427	479	3.53e-12	52.4	68	777
013_13_RA22_GMCF3029a.sc__NODE_47171_length_716_cov_1.547655_1	REF037_FII_Fibrella_aestuarina_BUZ_2_I0KFJ2	76.8	69	1	69	332	400	4.52e-33	112	81	796
013_13_RA22_GMCF3029a.sc__NODE_47171_length_716_cov_1.547655_1	REF060_FII_Donghicola_eburneus_A0A1M4N221	75.4	69	1	69	326	394	3.99e-32	109	81	788
013_13_RA22_GMCF3029a.sc__NODE_47171_length_716_cov_1.547655_1	REF045_FII_Albidovulum_aquaemixtae_A0A2R8B4Q9	73.9	69	1	69	325	393	1.38e-31	108	81	788
013_13_RA22_GMCF3029a.sc__NODE_47171_length_716_cov_1.547655_1	REF033_FII_Acidiphilium_multivorum_strain_DSM__F0J165	75.4	69	1	69	333	401	2.28e-30	104	81	801
013_13_RA22_GMCF3029a.sc__NODE_47171_length_716_cov_1.547655_1	REF048_FII_Ascidiaceihabitans_donghaensis_A0A2R8BD61	69.6	69	1	69	326	394	1.08e-29	102	81	788
013_13_RA22_GMCF3029a.sc__NODE_47171_length_716_cov_1.547655_2	REF037_FII_Fibrella_aestuarina_BUZ_2_I0KFJ2	80.5	128	1	128	538	665	2.39e-70	219	154	796
013_13_RA22_GMCF3029a.sc__NODE_47171_length_716_cov_1.547655_2	REF033_FII_Acidiphilium_multivorum_strain_DSM__F0J165	64.0	125	4	127	538	662	8.21e-53	171	154	801
013_13_RA22_GMCF3029a.sc__NODE_47171_length_716_cov_1.547655_2	REF058_FII_Cupriavidus_laharis_A0ABM8XSX1	59.7	129	1	128	528	656	6.32e-50	163	154	791
013_13_RA22_GMCF3029a.sc__NODE_47171_length_716_cov_1.547655_2	REF045_FII_Albidovulum_aquaemixtae_A0A2R8B4Q9	60.2	128	4	130	530	657	1.62e-49	162	154	788
013_13_RA22_GMCF3029a.sc__NODE_47171_length_716_cov_1.547655_2	REF062_FII_Falsiruegeria_litorea_R37_A0A1Y5S8H3	58.6	128	4	130	529	656	2.22e-49	162	154	787
013_13_RA22_GMCF3029a.sc__NODE_47558_length_713_cov_3.066869_1	REF003_FI_Thermomicrobium_roseum_strain_ATCC__B9L450	34.3	239	2	236	9	239	4.83e-32	116	237	781
013_13_RA22_GMCF3029a.sc__NODE_47558_length_713_cov_3.066869_1	REF032_FI_Tepidimonas_aquatica_A0A554WCA0	32.4	244	2	236	15	255	9.00e-32	115	237	801
013_13_RA22_GMCF3029a.sc__NODE_47558_length_713_cov_3.066869_1	REF012_FI_Bacillus_methanolicus_strain_MGA3_A_I3E8H4	31.2	237	2	236	11	241	4.14e-31	113	237	783
013_13_RA22_GMCF3029a.sc__NODE_47558_length_713_cov_3.066869_1	REF019_FI_Mycolicibacterium_chitae_Mycobacter_A0A448IBW4	32.5	231	7	236	25	251	4.84e-30	110	237	796
013_13_RA22_GMCF3029a.sc__NODE_47558_length_713_cov_3.066869_1	REF002_FI_Mycolicibacterium_smegmatis_strain__A0QQG4	31.6	231	7	236	28	254	2.24e-29	108	237	799
013_13_RA22_GMCF3029a.sc__NODE_47658_length_713_cov_1.431611_2	REF063_OUT_Bos_taurus_Bovine__P80457	56.8	37	5	41	19	55	2.52e-11	48.9	48	1332
013_13_RA22_GMCF3029a.sc__NODE_48915_length_705_cov_3.052308_1	REF063_OUT_Bos_taurus_Bovine__P80457	44.3	140	1	130	19	158	6.67e-30	110	234	1332
013_13_RA22_GMCF3029a.sc__NODE_48915_length_705_cov_3.052308_1	REF065_OUT_Megalodesulfovibrio_gigas_Desulfovi_Q46509	30.9	243	2	229	17	241	1.12e-25	97.8	234	907
013_13_RA22_GMCF3029a.sc__NODE_51794_length_689_cov_1.687697_2	REF040_FII_Nitrolancea_hollandica_Lb_I4ED45	39.4	155	3	157	141	294	1.80e-32	114	158	784
013_13_RA22_GMCF3029a.sc__NODE_51794_length_689_cov_1.687697_2	REF038_FII_Kyrpidia_spormannii_A0A2K8N8V7	40.3	154	3	156	139	290	8.49e-32	112	158	780
013_13_RA22_GMCF3029a.sc__NODE_51794_length_689_cov_1.687697_2	REF042_FII_Actinomadura_macrotermitis_A0A7K0C220	39.6	154	3	156	137	287	4.77e-30	107	158	798
013_13_RA22_GMCF3029a.sc__NODE_51794_length_689_cov_1.687697_2	REF052_FII_Bradyrhizobium_ivorense_A0A508SVN1	34.6	159	3	157	144	299	1.43e-28	103	158	779
013_13_RA22_GMCF3029a.sc__NODE_51794_length_689_cov_1.687697_2	REF047_FII_Meiothermus_granaticius_NBRC_107808_A0A399F9R8	35.3	153	6	157	142	294	1.43e-28	103	158	789
013_13_RA22_GMCF3029a.sc__NODE_54403_length_675_cov_1.832258_2	REF065_OUT_Megalodesulfovibrio_gigas_Desulfovi_Q46509	42.2	109	1	105	45	153	4.13e-25	91.7	120	907
013_13_RA22_GMCF3029a.sc__NODE_55254_length_670_cov_3.413008_1	REF066_OUT_Rhodobacter_capsulatus_Rhodopseudom_O54051	53.6	209	7	215	164	371	2.55e-71	224	223	777
013_13_RA22_GMCF3029a.sc__NODE_55254_length_670_cov_3.413008_1	REF063_OUT_Bos_taurus_Bovine__P80457	42.4	210	1	209	726	935	8.76e-51	169	223	1332
013_13_RA22_GMCF3029a.sc__NODE_55254_length_670_cov_3.413008_1	REF064_OUT_Escherichia_coli_strain_K12__Q46799	28.1	199	18	215	183	379	1.35e-19	79.7	223	752
013_13_RA22_GMCF3029a.sc__NODE_55254_length_670_cov_3.413008_1	REF036_FII_Calidithermus_roseus_A0A399EKG8	30.9	181	36	215	216	395	6.18e-19	77.8	223	764
013_13_RA22_GMCF3029a.sc__NODE_55254_length_670_cov_3.413008_1	REF065_OUT_Megalodesulfovibrio_gigas_Desulfovi_Q46509	25.8	209	7	215	356	562	3.31e-17	72.8	223	907
013_13_RA22_GMCF3029a.sc__NODE_55357_length_670_cov_2.131707_1	REF066_OUT_Rhodobacter_capsulatus_Rhodopseudom_O54051	42.3	220	5	222	484	699	3.47e-48	161	223	777
013_13_RA22_GMCF3029a.sc__NODE_55357_length_670_cov_2.131707_1	REF063_OUT_Bos_taurus_Bovine__P80457	38.9	221	2	222	1031	1230	2.86e-41	142	223	1332
013_13_RA22_GMCF3029a.sc__NODE_55357_length_670_cov_2.131707_1	REF044_FII_Sulfoacidibacillus_ferrooxidans_A0A9X1V6V7	30.1	226	2	222	492	709	5.88e-17	72.0	223	784
013_13_RA22_GMCF3029a.sc__NODE_55357_length_670_cov_2.131707_1	REF061_FII_Streptomyces_smaragdinus_A0A7K0CAR3	27.8	227	2	222	493	708	1.08e-16	71.2	223	791
013_13_RA22_GMCF3029a.sc__NODE_55357_length_670_cov_2.131707_1	REF035_FII_Ardenticatena_maritima_A0A0M8K8I5	29.1	223	2	222	498	713	2.67e-16	70.1	223	789
013_13_RA22_GMCF3029a.sc__NODE_56186_length_666_cov_1.420622_1	REF066_OUT_Rhodobacter_capsulatus_Rhodopseudom_O54051	55.0	129	1	129	650	776	1.08e-44	147	131	777
013_13_RA22_GMCF3029a.sc__NODE_56186_length_666_cov_1.420622_1	REF063_OUT_Bos_taurus_Bovine__P80457	47.7	132	1	125	1181	1311	4.80e-30	106	131	1332
013_13_RA22_GMCF3029a.sc__NODE_56186_length_666_cov_1.420622_1	REF059_FII_Streptomonospora_litoralis_A0A4P6PZM8	33.3	126	1	125	669	788	8.22e-11	51.2	131	800
013_13_RA22_GMCF3029a.sc__NODE_58741_length_654_cov_2.500835_1	REF066_OUT_Rhodobacter_capsulatus_Rhodopseudom_O54051	50.9	169	1	169	158	325	6.63e-53	173	195	777
013_13_RA22_GMCF3029a.sc__NODE_58741_length_654_cov_2.500835_1	REF063_OUT_Bos_taurus_Bovine__P80457	39.8	171	1	170	726	896	3.91e-39	135	195	1332
013_13_RA22_GMCF3029a.sc__NODE_58741_length_654_cov_2.500835_1	REF064_OUT_Escherichia_coli_strain_K12__Q46799	27.9	154	1	153	166	317	8.14e-14	62.0	195	752
013_13_RA22_GMCF3029a.sc__NODE_59384_length_651_cov_2.971477_1	REF063_OUT_Bos_taurus_Bovine__P80457	48.9	90	128	215	69	156	6.06e-23	89.4	216	1332
013_13_RA22_GMCF3029a.sc__NODE_59384_length_651_cov_2.971477_1	REF065_OUT_Megalodesulfovibrio_gigas_Desulfovi_Q46509	35.1	94	127	215	55	145	2.69e-12	58.2	216	907
013_13_RA22_GMCF3029a.sc__NODE_60336_length_647_cov_2.054054_1	REF051_FII_Modestobacter_italicus_strain_DSM_4_I4F486	34.3	143	57	191	610	750	9.97e-15	64.7	196	763
013_13_RA22_GMCF3029a.sc__NODE_60346_length_647_cov_1.989865_1	REF063_OUT_Bos_taurus_Bovine__P80457	44.4	72	1	70	85	156	8.62e-17	70.5	186	1332
013_13_RA22_GMCF3029a.sc__NODE_60346_length_647_cov_1.989865_1	REF065_OUT_Megalodesulfovibrio_gigas_Desulfovi_Q46509	44.3	79	1	76	73	151	6.99e-16	67.8	186	907
013_13_RA22_GMCF3029a.sc__NODE_60569_length_646_cov_1.969543_1	REF023_FI_Rhodococcus_gordoniae_A0A379LVU4	32.4	142	5	137	648	781	2.62e-11	53.1	145	797
013_13_RA22_GMCF3029a.sc__NODE_63076_length_635_cov_2.796552_1	REF063_OUT_Bos_taurus_Bovine__P80457	38.6	145	3	147	62	167	1.56e-27	102	211	1332
013_13_RA22_GMCF3029a.sc__NODE_63076_length_635_cov_2.796552_1	REF065_OUT_Megalodesulfovibrio_gigas_Desulfovi_Q46509	39.3	84	75	155	85	166	2.36e-15	67.0	211	907
013_13_RA22_GMCF3029a.sc__NODE_69859_length_608_cov_5.251356_1	REF066_OUT_Rhodobacter_capsulatus_Rhodopseudom_O54051	50.6	178	1	178	200	377	2.73e-56	183	202	777
013_13_RA22_GMCF3029a.sc__NODE_69859_length_608_cov_5.251356_1	REF063_OUT_Bos_taurus_Bovine__P80457	43.3	180	4	182	773	951	1.62e-42	145	202	1332
013_13_RA22_GMCF3029a.sc__NODE_69859_length_608_cov_5.251356_1	REF065_OUT_Megalodesulfovibrio_gigas_Desulfovi_Q46509	29.3	174	5	178	397	568	9.43e-19	76.6	202	907
013_13_RA22_GMCF3029a.sc__NODE_69859_length_608_cov_5.251356_1	REF064_OUT_Escherichia_coli_strain_K12__Q46799	30.3	175	3	176	211	383	1.24e-18	76.3	202	752
013_13_RA22_GMCF3029a.sc__NODE_69859_length_608_cov_5.251356_1	REF059_FII_Streptomonospora_litoralis_A0A4P6PZM8	28.3	173	6	177	235	406	1.06e-17	73.6	202	800
013_13_RA22_GMCF3029a.sc__NODE_71616_length_602_cov_3.127971_1	REF064_OUT_Escherichia_coli_strain_K12__Q46799	29.1	206	13	200	285	490	1.83e-17	72.8	200	752
013_13_RA22_GMCF3029a.sc__NODE_71616_length_602_cov_3.127971_1	REF049_FII_Gandjariella_thermophila_A0A4D4J4W8	30.3	208	12	198	282	489	4.57e-17	71.6	200	752
013_13_RA22_GMCF3029a.sc__NODE_71616_length_602_cov_3.127971_1	REF065_OUT_Megalodesulfovibrio_gigas_Desulfovi_Q46509	33.0	185	12	178	467	646	3.99e-16	68.9	200	907
013_13_RA22_GMCF3029a.sc__NODE_71616_length_602_cov_3.127971_1	REF051_FII_Modestobacter_italicus_strain_DSM_4_I4F486	24.9	213	12	200	290	501	2.84e-11	54.7	200	763
013_13_RA22_GMCF3029a.sc__NODE_72578_length_599_cov_2.251838_1	REF066_OUT_Rhodobacter_capsulatus_Rhodopseudom_O54051	57.3	185	2	186	481	665	8.83e-59	189	187	777
013_13_RA22_GMCF3029a.sc__NODE_72578_length_599_cov_2.251838_1	REF063_OUT_Bos_taurus_Bovine__P80457	39.2	186	1	186	1030	1196	9.65e-32	113	187	1332
013_13_RA22_GMCF3029a.sc__NODE_73257_length_597_cov_1.568266_1	REF066_OUT_Rhodobacter_capsulatus_Rhodopseudom_O54051	54.5	143	1	143	634	774	3.07e-48	158	149	777
013_13_RA22_GMCF3029a.sc__NODE_73257_length_597_cov_1.568266_1	REF063_OUT_Bos_taurus_Bovine__P80457	52.1	144	1	138	1165	1308	2.47e-41	139	149	1332
013_13_RA22_GMCF3029a.sc__NODE_73478_length_596_cov_2.025878_2	REF064_OUT_Escherichia_coli_strain_K12__Q46799	30.8	107	1	100	631	737	3.19e-12	54.3	107	752
013_13_RA22_GMCF3029a.sc__NODE_74320_length_593_cov_2.488848_1	REF066_OUT_Rhodobacter_capsulatus_Rhodopseudom_O54051	51.5	196	13	190	357	552	1.14e-55	181	197	777
013_13_RA22_GMCF3029a.sc__NODE_74320_length_593_cov_2.488848_1	REF063_OUT_Bos_taurus_Bovine__P80457	41.8	177	13	189	927	1101	5.08e-36	126	197	1332
013_13_RA22_GMCF3029a.sc__NODE_75694_length_589_cov_1.964419_1	REF063_OUT_Bos_taurus_Bovine__P80457	41.7	96	15	108	8	103	9.38e-22	81.6	110	1332
013_13_RA22_GMCF3029a.sc__NODE_75694_length_589_cov_1.964419_1	REF065_OUT_Megalodesulfovibrio_gigas_Desulfovi_Q46509	39.5	76	35	109	25	91	8.02e-11	50.4	110	907
013_13_RA22_GMCF3029a.sc__NODE_77695_length_582_cov_3.842505_1	REF066_OUT_Rhodobacter_capsulatus_Rhodopseudom_O54051	56.6	205	1	194	344	548	3.34e-69	218	194	777
013_13_RA22_GMCF3029a.sc__NODE_77695_length_582_cov_3.842505_1	REF063_OUT_Bos_taurus_Bovine__P80457	44.6	193	1	193	914	1097	4.22e-42	143	194	1332
013_13_RA22_GMCF3029a.sc__NODE_77695_length_582_cov_3.842505_1	REF049_FII_Gandjariella_thermophila_A0A4D4J4W8	28.6	192	2	193	352	534	1.81e-16	69.7	194	752
013_13_RA22_GMCF3029a.sc__NODE_77695_length_582_cov_3.842505_1	REF046_FII_Amycolatopsis_bartoniae_A0A8H9IQQ2	26.6	199	2	193	352	534	4.33e-14	62.8	194	752
013_13_RA22_GMCF3029a.sc__NODE_77695_length_582_cov_3.842505_1	REF042_FII_Actinomadura_macrotermitis_A0A7K0C220	26.9	201	2	193	362	556	4.13e-12	57.0	194	798
013_13_RA22_GMCF3029a.sc__NODE_78332_length_580_cov_4.432381_2	REF066_OUT_Rhodobacter_capsulatus_Rhodopseudom_O54051	59.1	110	6	115	663	770	3.28e-39	132	125	777
013_13_RA22_GMCF3029a.sc__NODE_78332_length_580_cov_4.432381_2	REF063_OUT_Bos_taurus_Bovine__P80457	48.7	117	6	116	1194	1310	8.54e-29	102	125	1332
013_13_RA22_GMCF3029a.sc__NODE_80705_length_573_cov_2.785714_1	REF063_OUT_Bos_taurus_Bovine__P80457	48.1	54	7	60	112	165	8.10e-16	62.4	62	1332
013_13_RA22_GMCF3029a.sc__NODE_80705_length_573_cov_2.785714_1	REF065_OUT_Megalodesulfovibrio_gigas_Desulfovi_Q46509	41.0	61	1	59	93	153	4.70e-14	57.4	62	907
013_13_RA22_GMCF3029a.sc__NODE_83594_length_565_cov_2.250980_1	REF066_OUT_Rhodobacter_capsulatus_Rhodopseudom_O54051	69.9	186	1	186	566	751	1.51e-90	274	187	777
013_13_RA22_GMCF3029a.sc__NODE_83594_length_565_cov_2.250980_1	REF063_OUT_Bos_taurus_Bovine__P80457	52.7	169	16	184	1112	1280	6.74e-54	177	187	1332
013_13_RA22_GMCF3029a.sc__NODE_83594_length_565_cov_2.250980_1	REF058_FII_Cupriavidus_laharis_A0ABM8XSX1	31.0	197	4	186	582	769	1.29e-15	67.0	187	791
013_13_RA22_GMCF3029a.sc__NODE_83594_length_565_cov_2.250980_1	REF048_FII_Ascidiaceihabitans_donghaensis_A0A2R8BD61	31.5	200	4	186	580	766	5.02e-14	62.4	187	788
013_13_RA22_GMCF3029a.sc__NODE_83594_length_565_cov_2.250980_1	REF056_FII_Comamonas_aquatilis_A0ACE2T5A2	30.9	152	1	141	591	729	5.02e-14	62.4	187	795
013_13_RA22_GMCF3029a.sc__NODE_83888_length_564_cov_2.579568_1	REF063_OUT_Bos_taurus_Bovine__P80457	47.2	72	57	127	85	156	1.29e-18	74.3	148	1332
013_13_RA22_GMCF3029a.sc__NODE_83888_length_564_cov_2.579568_1	REF065_OUT_Megalodesulfovibrio_gigas_Desulfovi_Q46509	40.0	95	46	134	62	152	2.74e-17	70.5	148	907
013_13_RA22_GMCF3029a.sc__NODE_83932_length_564_cov_2.365422_1	REF063_OUT_Bos_taurus_Bovine__P80457	27.9	179	23	188	232	409	5.50e-14	62.4	188	1332
013_13_RA22_GMCF3029a.sc__NODE_84845_length_562_cov_1.455621_1	REF037_FII_Fibrella_aestuarina_BUZ_2_I0KFJ2	72.7	55	70	124	266	320	1.53e-24	92.8	187	796
013_13_RA22_GMCF3029a.sc__NODE_84845_length_562_cov_1.455621_1	REF058_FII_Cupriavidus_laharis_A0ABM8XSX1	53.9	89	70	157	262	350	1.79e-23	89.7	187	791
013_13_RA22_GMCF3029a.sc__NODE_84845_length_562_cov_1.455621_1	REF060_FII_Donghicola_eburneus_A0A1M4N221	61.3	62	70	131	260	321	2.85e-22	86.3	187	788
013_13_RA22_GMCF3029a.sc__NODE_84845_length_562_cov_1.455621_1	REF052_FII_Bradyrhizobium_ivorense_A0A508SVN1	48.3	89	70	157	259	347	1.80e-21	84.0	187	779
013_13_RA22_GMCF3029a.sc__NODE_84845_length_562_cov_1.455621_1	REF033_FII_Acidiphilium_multivorum_strain_DSM__F0J165	67.9	53	70	122	267	319	6.18e-21	82.4	187	801
013_13_RA22_GMCF3029a.sc__NODE_86808_length_556_cov_2.227545_1	REF040_FII_Nitrolancea_hollandica_Lb_I4ED45	33.9	183	1	182	382	564	4.49e-30	108	184	784
013_13_RA22_GMCF3029a.sc__NODE_86808_length_556_cov_2.227545_1	REF054_FII_Cereibacter_sphaeroides_strain_ATCC_Q3J2E6	33.3	183	1	182	388	570	8.34e-30	107	184	790
013_13_RA22_GMCF3029a.sc__NODE_86808_length_556_cov_2.227545_1	REF038_FII_Kyrpidia_spormannii_A0A2K8N8V7	36.5	178	1	177	379	556	2.86e-29	106	184	780
013_13_RA22_GMCF3029a.sc__NODE_86808_length_556_cov_2.227545_1	REF044_FII_Sulfoacidibacillus_ferrooxidans_A0A9X1V6V7	35.5	183	1	182	379	561	5.31e-29	105	184	784
013_13_RA22_GMCF3029a.sc__NODE_86808_length_556_cov_2.227545_1	REF036_FII_Calidithermus_roseus_A0A399EKG8	36.4	184	1	184	382	551	1.81e-28	103	184	764
013_13_RA22_GMCF3029a.sc__NODE_87294_length_555_cov_1.680000_1	REF041_FII_Actibacterium_lipolyticum_A0A238JRA4	49.2	177	1	177	96	271	2.13e-52	171	185	765
013_13_RA22_GMCF3029a.sc__NODE_87294_length_555_cov_1.680000_1	REF035_FII_Ardenticatena_maritima_A0A0M8K8I5	40.1	172	2	166	95	266	8.39e-32	113	185	789
013_13_RA22_GMCF3029a.sc__NODE_87294_length_555_cov_1.680000_1	REF058_FII_Cupriavidus_laharis_A0ABM8XSX1	36.1	169	2	163	101	268	1.84e-30	109	185	791
013_13_RA22_GMCF3029a.sc__NODE_87294_length_555_cov_1.680000_1	REF050_FII_Blastochloris_viridis_Rhodopseudomo_A0A0H5BCZ6	37.6	173	1	166	96	268	3.41e-30	108	185	788
013_13_RA22_GMCF3029a.sc__NODE_87294_length_555_cov_1.680000_1	REF045_FII_Albidovulum_aquaemixtae_A0A2R8B4Q9	34.5	177	2	169	96	272	4.12e-27	100	185	788
013_13_RA22_GMCF3029a.sc__NODE_87747_length_554_cov_0.683367_2	REF063_OUT_Bos_taurus_Bovine__P80457	47.1	102	1	102	823	924	7.23e-31	107	106	1332
013_13_RA22_GMCF3029a.sc__NODE_87747_length_554_cov_0.683367_2	REF066_OUT_Rhodobacter_capsulatus_Rhodopseudom_O54051	43.3	104	2	105	254	357	1.77e-25	92.0	106	777
013_13_RA22_GMCF3029a.sc__NODE_87747_length_554_cov_0.683367_2	REF065_OUT_Megalodesulfovibrio_gigas_Desulfovi_Q46509	30.0	100	3	102	446	545	5.81e-12	53.5	106	907
013_13_RA22_GMCF3029a.sc__NODE_87747_length_554_cov_0.683367_2	REF064_OUT_Escherichia_coli_strain_K12__Q46799	29.5	105	1	105	261	365	7.84e-12	53.1	106	752
013_13_RA22_GMCF3029a.sc__NODE_88764_length_551_cov_1.483871_1	REF064_OUT_Escherichia_coli_strain_K12__Q46799	30.3	122	22	139	459	579	1.74e-12	57.8	183	752
013_13_RA22_GMCF3029a.sc__NODE_88764_length_551_cov_1.483871_1	REF066_OUT_Rhodobacter_capsulatus_Rhodopseudom_O54051	26.0	169	22	182	473	634	3.64e-11	53.9	183	777
013_13_RA22_GMCF3029a.sc__NODE_91160_length_545_cov_1.328571_2	REF066_OUT_Rhodobacter_capsulatus_Rhodopseudom_O54051	51.5	68	7	74	8	75	7.38e-16	63.2	75	777
013_13_RA22_GMCF3029a.sc__NODE_93388_length_539_cov_2.311983_2	REF065_OUT_Megalodesulfovibrio_gigas_Desulfovi_Q46509	41.4	128	5	128	26	153	1.74e-29	104	133	907
013_13_RA22_GMCF3029a.sc__NODE_93388_length_539_cov_2.311983_2	REF063_OUT_Bos_taurus_Bovine__P80457	36.0	139	2	128	26	164	1.27e-24	90.9	133	1332
013_13_RA22_GMCF3029a.sc__NODE_93646_length_538_cov_4.175983_1	REF047_FII_Meiothermus_granaticius_NBRC_107808_A0A399F9R8	29.1	127	11	131	631	756	9.93e-13	57.4	149	789
013_13_RA22_GMCF3029a.sc__NODE_93646_length_538_cov_4.175983_1	REF043_FII_Deinococcus_aluminii_A0ABP9XBM4	29.1	127	11	131	634	759	1.84e-12	56.6	149	796
013_13_RA22_GMCF3029a.sc__NODE_93646_length_538_cov_4.175983_1	REF018_FI_Bradyrhizobium_cosmicum_A0AAI8QEB8	29.7	138	12	140	653	789	5.41e-11	52.4	149	806
013_13_RA22_GMCF3029a.sc__NODE_93646_length_538_cov_4.175983_1	REF059_FII_Streptomonospora_litoralis_A0A4P6PZM8	32.6	129	11	131	639	764	7.35e-11	52.0	149	800
013_13_RA22_GMCF3029a.sc__NODE_94528_length_536_cov_3.259875_1	REF066_OUT_Rhodobacter_capsulatus_Rhodopseudom_O54051	55.7	176	2	175	550	717	5.91e-57	184	178	777
013_13_RA22_GMCF3029a.sc__NODE_94528_length_536_cov_3.259875_1	REF063_OUT_Bos_taurus_Bovine__P80457	56.0	141	38	178	1112	1252	3.97e-48	160	178	1332
013_13_RA22_GMCF3029a.sc__NODE_94528_length_536_cov_3.259875_1	REF041_FII_Actibacterium_lipolyticum_A0A238JRA4	29.4	160	3	162	550	695	4.08e-18	73.9	178	765
013_13_RA22_GMCF3029a.sc__NODE_94528_length_536_cov_3.259875_1	REF053_FII_Nocardioides_aquaticus_A0ABX8EDS7	30.0	160	1	160	576	726	1.64e-16	69.3	178	828
013_13_RA22_GMCF3029a.sc__NODE_94528_length_536_cov_3.259875_1	REF061_FII_Streptomyces_smaragdinus_A0A7K0CAR3	40.7	86	77	162	629	714	4.08e-16	68.2	178	791
013_13_RA22_GMCF3029a.sc__NODE_94652_length_536_cov_2.155925_1	REF064_OUT_Escherichia_coli_strain_K12__Q46799	36.7	169	14	178	571	739	1.26e-29	107	178	752
013_13_RA22_GMCF3029a.sc__NODE_94652_length_536_cov_2.155925_1	REF044_FII_Sulfoacidibacillus_ferrooxidans_A0A9X1V6V7	40.1	137	45	178	634	770	1.50e-28	103	178	784
013_13_RA22_GMCF3029a.sc__NODE_94652_length_536_cov_2.155925_1	REF036_FII_Calidithermus_roseus_A0A399EKG8	36.9	149	30	178	604	752	2.77e-28	103	178	764
013_13_RA22_GMCF3029a.sc__NODE_94652_length_536_cov_2.155925_1	REF037_FII_Fibrella_aestuarina_BUZ_2_I0KFJ2	41.7	139	45	178	650	788	3.81e-28	102	178	796
013_13_RA22_GMCF3029a.sc__NODE_94652_length_536_cov_2.155925_1	REF061_FII_Streptomyces_smaragdinus_A0A7K0CAR3	39.6	134	48	178	636	769	9.60e-28	101	178	791
013_13_RA22_GMCF3029a.sc__NODE_95004_length_535_cov_2.479167_1	REF065_OUT_Megalodesulfovibrio_gigas_Desulfovi_Q46509	46.3	80	3	80	6	85	2.33e-18	70.9	87	907
013_13_RA22_GMCF3029a.sc__NODE_96774_length_531_cov_2.289916_1	REF063_OUT_Bos_taurus_Bovine__P80457	41.5	53	5	57	112	164	1.04e-11	51.6	79	1332
013_13_RA22_GMCF3029a.sc__NODE_99031_length_526_cov_2.106157_1	REF041_FII_Actibacterium_lipolyticum_A0A238JRA4	65.4	104	1	104	253	356	4.87e-44	144	106	765
013_13_RA22_GMCF3029a.sc__NODE_99031_length_526_cov_2.106157_1	REF047_FII_Meiothermus_granaticius_NBRC_107808_A0A399F9R8	45.5	101	4	104	258	358	3.11e-27	97.1	106	789
013_13_RA22_GMCF3029a.sc__NODE_99031_length_526_cov_2.106157_1	REF058_FII_Cupriavidus_laharis_A0ABM8XSX1	40.6	101	4	104	266	366	1.14e-24	89.7	106	791
013_13_RA22_GMCF3029a.sc__NODE_99031_length_526_cov_2.106157_1	REF052_FII_Bradyrhizobium_ivorense_A0A508SVN1	41.6	101	4	104	263	363	1.56e-24	89.4	106	779
013_13_RA22_GMCF3029a.sc__NODE_99031_length_526_cov_2.106157_1	REF056_FII_Comamonas_aquatilis_A0ACE2T5A2	41.6	101	4	104	271	371	7.38e-24	87.4	106	795
013_13_RA22_GMCF3029a.sc__NODE_99658_length_525_cov_1.123404_2	REF063_OUT_Bos_taurus_Bovine__P80457	41.8	122	2	121	6	127	2.20e-29	103	122	1332
013_13_RA22_GMCF3029a.sc__NODE_99658_length_525_cov_1.123404_2	REF065_OUT_Megalodesulfovibrio_gigas_Desulfovi_Q46509	35.7	112	13	117	8	110	1.39e-16	67.4	122	907
013_13_RA22_GMCF3029a.sc__NODE_100010_length_524_cov_1.703625_1	REF066_OUT_Rhodobacter_capsulatus_Rhodopseudom_O54051	42.4	172	1	165	534	699	2.25e-39	134	174	777
013_13_RA22_GMCF3029a.sc__NODE_100010_length_524_cov_1.703625_1	REF063_OUT_Bos_taurus_Bovine__P80457	37.0	165	1	165	1084	1230	1.92e-28	103	174	1332
013_13_RA22_GMCF3029a.sc__NODE_100010_length_524_cov_1.703625_1	REF045_FII_Albidovulum_aquaemixtae_A0A2R8B4Q9	29.6	169	2	165	554	715	5.78e-19	76.3	174	788
013_13_RA22_GMCF3029a.sc__NODE_100010_length_524_cov_1.703625_1	REF062_FII_Falsiruegeria_litorea_R37_A0A1Y5S8H3	31.2	170	4	165	555	714	3.66e-18	73.9	174	787
013_13_RA22_GMCF3029a.sc__NODE_100010_length_524_cov_1.703625_1	REF056_FII_Comamonas_aquatilis_A0ACE2T5A2	31.1	180	2	172	560	729	6.77e-18	73.2	174	795
013_13_RA22_GMCF3029a.sc__NODE_101205_length_521_cov_2.487124_1	REF037_FII_Fibrella_aestuarina_BUZ_2_I0KFJ2	70.5	156	1	156	313	468	9.19e-74	229	173	796
013_13_RA22_GMCF3029a.sc__NODE_101205_length_521_cov_2.487124_1	REF035_FII_Ardenticatena_maritima_A0A0M8K8I5	54.5	154	3	156	306	455	2.57e-55	179	173	789
013_13_RA22_GMCF3029a.sc__NODE_101205_length_521_cov_2.487124_1	REF047_FII_Meiothermus_granaticius_NBRC_107808_A0A399F9R8	54.5	154	3	156	303	452	9.28e-50	164	173	789
013_13_RA22_GMCF3029a.sc__NODE_101205_length_521_cov_2.487124_1	REF045_FII_Albidovulum_aquaemixtae_A0A2R8B4Q9	53.9	154	3	156	308	457	6.21e-49	161	173	788
013_13_RA22_GMCF3029a.sc__NODE_101205_length_521_cov_2.487124_1	REF043_FII_Deinococcus_aluminii_A0ABP9XBM4	51.9	154	3	156	306	455	7.36e-47	155	173	796
013_13_RA22_GMCF3029a.sc__NODE_102943_length_517_cov_3.084416_1	REF064_OUT_Escherichia_coli_strain_K12__Q46799	31.3	144	35	162	103	240	1.53e-11	54.7	172	752
013_13_RA22_GMCF3029a.sc__NODE_104857_length_513_cov_3.655022_1	REF066_OUT_Rhodobacter_capsulatus_Rhodopseudom_O54051	40.8	103	8	110	333	427	5.87e-21	79.3	110	777
013_13_RA22_GMCF3029a.sc__NODE_105577_length_512_cov_1.995624_1	REF064_OUT_Escherichia_coli_strain_K12__Q46799	35.1	148	24	170	260	406	9.13e-23	87.0	170	752
013_13_RA22_GMCF3029a.sc__NODE_105577_length_512_cov_1.995624_1	REF066_OUT_Rhodobacter_capsulatus_Rhodopseudom_O54051	33.6	146	9	154	238	382	1.73e-20	80.5	170	777
013_13_RA22_GMCF3029a.sc__NODE_105577_length_512_cov_1.995624_1	REF065_OUT_Megalodesulfovibrio_gigas_Desulfovi_Q46509	33.6	140	23	162	442	581	1.13e-19	78.2	170	907
013_13_RA22_GMCF3029a.sc__NODE_105577_length_512_cov_1.995624_1	REF035_FII_Ardenticatena_maritima_A0A0M8K8I5	35.6	132	21	147	274	402	3.26e-18	73.9	170	789
013_13_RA22_GMCF3029a.sc__NODE_105577_length_512_cov_1.995624_1	REF059_FII_Streptomonospora_litoralis_A0A4P6PZM8	34.0	150	21	163	278	424	2.81e-17	71.2	170	800
013_13_RA22_GMCF3029a.sc__NODE_106439_length_510_cov_2.503297_1	REF021_FI_Pseudonocardia_autotrophica_Amycola_A0A1Y2N3L2	78.1	151	4	154	5	155	3.65e-79	243	154	794
013_13_RA22_GMCF3029a.sc__NODE_106439_length_510_cov_2.503297_1	REF032_FI_Tepidimonas_aquatica_A0A554WCA0	58.1	155	2	154	3	157	5.96e-53	172	154	801
013_13_RA22_GMCF3029a.sc__NODE_106439_length_510_cov_2.503297_1	REF012_FI_Bacillus_methanolicus_strain_MGA3_A_I3E8H4	58.9	151	4	154	3	153	1.41e-52	171	154	783
013_13_RA22_GMCF3029a.sc__NODE_106439_length_510_cov_2.503297_1	REF013_FI_Capillimicrobium_parvum_A0A9E6Y1X1	60.4	154	1	154	6	157	4.17e-52	169	154	807
013_13_RA22_GMCF3029a.sc__NODE_106439_length_510_cov_2.503297_1	REF010_FI_Cupriavidus_laharis_A0ABM8WM43	59.7	144	11	154	16	159	1.46e-51	168	154	803
013_13_RA22_GMCF3029a.sc__NODE_108466_length_506_cov_2.323725_1	REF034_FII_Actinoallomurus_iriomotensis_A0A9W6W744	31.3	131	1	131	160	290	8.99e-15	63.9	168	751
013_13_RA22_GMCF3029a.sc__NODE_108466_length_506_cov_2.323725_1	REF036_FII_Calidithermus_roseus_A0A399EKG8	36.4	110	24	131	198	307	4.18e-14	62.0	168	764
013_13_RA22_GMCF3029a.sc__NODE_108466_length_506_cov_2.323725_1	REF042_FII_Actinomadura_macrotermitis_A0A7K0C220	29.1	127	5	131	174	300	4.20e-14	62.0	168	798
013_13_RA22_GMCF3029a.sc__NODE_108466_length_506_cov_2.323725_1	REF051_FII_Modestobacter_italicus_strain_DSM_4_I4F486	34.2	111	24	133	190	300	1.64e-12	57.4	168	763
013_13_RA22_GMCF3029a.sc__NODE_108466_length_506_cov_2.323725_1	REF059_FII_Streptomonospora_litoralis_A0A4P6PZM8	30.9	110	22	131	204	313	7.62e-12	55.5	168	800
013_13_RA22_GMCF3029a.sc__NODE_111887_length_500_cov_1.251685_1	REF066_OUT_Rhodobacter_capsulatus_Rhodopseudom_O54051	60.4	53	2	54	309	361	1.59e-17	67.0	58	777
013_13_RA22_GMCF3029a.sc__NODE_111887_length_500_cov_1.251685_1	REF063_OUT_Bos_taurus_Bovine__P80457	49.1	55	1	55	878	932	1.74e-15	61.2	58	1332
013_13_RA22_GMCF3029a.sc__NODE_111887_length_500_cov_1.251685_2	REF066_OUT_Rhodobacter_capsulatus_Rhodopseudom_O54051	44.0	84	1	84	551	633	2.16e-21	79.3	84	777
013_13_RA22_GMCF3029a.sc__NODE_111887_length_500_cov_1.251685_2	REF063_OUT_Bos_taurus_Bovine__P80457	41.2	51	32	82	1112	1162	6.03e-11	49.7	84	1332
013_13_RA22_GMCF3029a.sc__NODE_111908_length_500_cov_1.114607_1	REF063_OUT_Bos_taurus_Bovine__P80457	56.3	103	1	103	1014	1115	7.40e-37	124	103	1332
013_13_RA22_GMCF3029a.sc__NODE_111908_length_500_cov_1.114607_1	REF066_OUT_Rhodobacter_capsulatus_Rhodopseudom_O54051	53.5	99	1	96	464	562	5.84e-28	99.0	103	777
013_13_RA22_GMCF3029a.sc__NODE_111908_length_500_cov_1.114607_1	REF049_FII_Gandjariella_thermophila_A0A4D4J4W8	34.1	82	8	89	458	539	3.36e-11	51.2	103	752
014_14_RA23_GMCF3029a.meta__NODE_144_length_5555_cov_6.574182_6	REF066_OUT_Rhodobacter_capsulatus_Rhodopseudom_O54051	60.2	211	9	219	563	770	3.52e-77	240	227	777
014_14_RA23_GMCF3029a.meta__NODE_144_length_5555_cov_6.574182_6	REF063_OUT_Bos_taurus_Bovine__P80457	49.7	187	35	215	1120	1305	1.37e-50	169	227	1332
014_14_RA23_GMCF3029a.meta__NODE_144_length_5555_cov_6.574182_6	REF056_FII_Comamonas_aquatilis_A0ACE2T5A2	33.8	157	68	220	644	791	7.22e-16	68.9	227	795
014_14_RA23_GMCF3029a.meta__NODE_144_length_5555_cov_6.574182_6	REF058_FII_Cupriavidus_laharis_A0ABM8XSX1	33.3	159	71	223	642	790	4.40e-15	66.6	227	791
014_14_RA23_GMCF3029a.meta__NODE_144_length_5555_cov_6.574182_6	REF048_FII_Ascidiaceihabitans_donghaensis_A0A2R8BD61	26.5	234	1	219	561	785	1.46e-14	65.1	227	788
014_14_RA23_GMCF3029a.meta__NODE_474_length_3915_cov_5.118394_2	REF063_OUT_Bos_taurus_Bovine__P80457	44.1	93	17	107	1231	1323	5.53e-19	74.3	123	1332
014_14_RA23_GMCF3029a.meta__NODE_474_length_3915_cov_5.118394_2	REF066_OUT_Rhodobacter_capsulatus_Rhodopseudom_O54051	48.0	50	17	66	700	749	2.55e-11	52.4	123	777
014_14_RA23_GMCF3029a.meta__NODE_474_length_3915_cov_5.118394_3	REF063_OUT_Bos_taurus_Bovine__P80457	52.8	254	72	325	1002	1230	2.15e-80	259	328	1332
014_14_RA23_GMCF3029a.meta__NODE_474_length_3915_cov_5.118394_3	REF066_OUT_Rhodobacter_capsulatus_Rhodopseudom_O54051	45.1	277	72	325	452	699	9.39e-64	208	328	777
014_14_RA23_GMCF3029a.meta__NODE_474_length_3915_cov_5.118394_3	REF035_FII_Ardenticatena_maritima_A0A0M8K8I5	29.9	251	89	325	486	713	3.37e-18	78.2	328	789
014_14_RA23_GMCF3029a.meta__NODE_474_length_3915_cov_5.118394_3	REF039_FII_Luteitalea_pratensis_A0A143PSW7	27.4	223	91	309	489	706	6.52e-16	71.2	328	787
014_14_RA23_GMCF3029a.meta__NODE_474_length_3915_cov_5.118394_3	REF049_FII_Gandjariella_thermophila_A0A4D4J4W8	28.6	213	91	303	458	663	2.05e-15	69.7	328	752
014_14_RA23_GMCF3029a.meta__NODE_474_length_3915_cov_5.118394_4	REF063_OUT_Bos_taurus_Bovine__P80457	41.6	269	28	296	739	1000	6.07e-66	216	303	1332
014_14_RA23_GMCF3029a.meta__NODE_474_length_3915_cov_5.118394_4	REF066_OUT_Rhodobacter_capsulatus_Rhodopseudom_O54051	35.2	290	28	297	171	451	4.34e-47	161	303	777
014_14_RA23_GMCF3029a.meta__NODE_474_length_3915_cov_5.118394_4	REF040_FII_Nitrolancea_hollandica_Lb_I4ED45	25.3	269	33	298	197	459	4.65e-16	71.2	303	784
014_14_RA23_GMCF3029a.meta__NODE_474_length_3915_cov_5.118394_4	REF064_OUT_Escherichia_coli_strain_K12__Q46799	28.2	216	29	243	180	389	5.10e-13	62.0	303	752
014_14_RA23_GMCF3029a.meta__NODE_474_length_3915_cov_5.118394_4	REF065_OUT_Megalodesulfovibrio_gigas_Desulfovi_Q46509	28.6	203	65	267	399	592	9.63e-13	61.2	303	907
014_14_RA23_GMCF3029a.meta__NODE_816_length_3395_cov_8.819162_1	REF014_FI_Deinococcus_caeni_A0ABP9UI58	23.6	402	86	450	13	404	1.02e-15	73.2	631	792
014_14_RA23_GMCF3029a.meta__NODE_816_length_3395_cov_8.819162_1	REF003_FI_Thermomicrobium_roseum_strain_ATCC__B9L450	22.8	404	97	450	13	396	1.91e-13	65.9	631	781
014_14_RA23_GMCF3029a.meta__NODE_816_length_3395_cov_8.819162_1	REF035_FII_Ardenticatena_maritima_A0A0M8K8I5	23.7	409	88	450	4	399	6.89e-12	60.8	631	789
014_14_RA23_GMCF3029a.meta__NODE_816_length_3395_cov_8.819162_1	REF064_OUT_Escherichia_coli_strain_K12__Q46799	27.8	133	497	622	608	737	2.67e-11	58.9	631	752
014_14_RA23_GMCF3029a.meta__NODE_850_length_3352_cov_3.652108_1	REF065_OUT_Megalodesulfovibrio_gigas_Desulfovi_Q46509	24.2	443	1	392	140	563	1.28e-13	66.2	566	907
014_14_RA23_GMCF3029a.meta__NODE_1625_length_2789_cov_8.311631_2	REF066_OUT_Rhodobacter_capsulatus_Rhodopseudom_O54051	48.4	777	17	774	9	774	1.08e-244	694	780	777
014_14_RA23_GMCF3029a.meta__NODE_1625_length_2789_cov_8.311631_2	REF063_OUT_Bos_taurus_Bovine__P80457	40.1	763	17	772	579	1311	2.92e-172	525	780	1332
014_14_RA23_GMCF3029a.meta__NODE_1625_length_2789_cov_8.311631_2	REF065_OUT_Megalodesulfovibrio_gigas_Desulfovi_Q46509	25.4	755	38	770	205	905	1.32e-48	177	780	907
014_14_RA23_GMCF3029a.meta__NODE_1625_length_2789_cov_8.311631_2	REF036_FII_Calidithermus_roseus_A0A399EKG8	25.9	776	24	770	27	759	4.95e-47	172	780	764
014_14_RA23_GMCF3029a.meta__NODE_1625_length_2789_cov_8.311631_2	REF034_FII_Actinoallomurus_iriomotensis_A0A9W6W744	24.6	771	28	772	21	746	1.09e-46	171	780	751
014_14_RA23_GMCF3029a.meta__NODE_4414_length_2038_cov_3.153807_2	REF065_OUT_Megalodesulfovibrio_gigas_Desulfovi_Q46509	40.4	151	3	149	6	156	1.77e-33	117	153	907
014_14_RA23_GMCF3029a.meta__NODE_4414_length_2038_cov_3.153807_2	REF063_OUT_Bos_taurus_Bovine__P80457	35.0	157	5	148	10	166	3.47e-24	90.5	153	1332
014_14_RA23_GMCF3029a.meta__NODE_6558_length_1784_cov_2.908618_1	REF065_OUT_Megalodesulfovibrio_gigas_Desulfovi_Q46509	36.1	83	6	84	71	153	1.81e-13	57.4	96	907
014_14_RA23_GMCF3029a.meta__NODE_6558_length_1784_cov_2.908618_1	REF063_OUT_Bos_taurus_Bovine__P80457	37.3	67	20	85	99	165	4.15e-12	53.5	96	1332
014_14_RA23_GMCF3029a.meta__NODE_7834_length_1669_cov_6.571871_2	REF065_OUT_Megalodesulfovibrio_gigas_Desulfovi_Q46509	42.4	151	3	150	6	156	9.01e-34	118	169	907
014_14_RA23_GMCF3029a.meta__NODE_7834_length_1669_cov_6.571871_2	REF063_OUT_Bos_taurus_Bovine__P80457	34.8	158	5	148	10	165	6.97e-23	87.4	169	1332
014_14_RA23_GMCF3029a.meta__NODE_8148_length_1645_cov_3.777358_1	REF065_OUT_Megalodesulfovibrio_gigas_Desulfovi_Q46509	36.6	153	1	149	1	153	3.34e-26	96.3	154	907
014_14_RA23_GMCF3029a.meta__NODE_8148_length_1645_cov_3.777358_1	REF063_OUT_Bos_taurus_Bovine__P80457	37.4	147	8	141	10	156	6.44e-26	95.5	154	1332
014_14_RA23_GMCF3029a.meta__NODE_16155_length_1274_cov_3.269893_1	REF036_FII_Calidithermus_roseus_A0A399EKG8	34.5	304	20	306	472	761	1.94e-41	145	312	764
014_14_RA23_GMCF3029a.meta__NODE_16155_length_1274_cov_3.269893_1	REF064_OUT_Escherichia_coli_strain_K12__Q46799	33.2	304	20	308	459	747	4.94e-39	139	312	752
014_14_RA23_GMCF3029a.meta__NODE_16155_length_1274_cov_3.269893_1	REF002_FI_Mycolicibacterium_smegmatis_strain__A0QQG4	35.2	304	20	305	500	792	1.15e-37	135	312	799
014_14_RA23_GMCF3029a.meta__NODE_16155_length_1274_cov_3.269893_1	REF016_FI_Mycobacterium_attenuatum_A0A498PSI1	34.6	306	20	305	503	795	1.16e-37	135	312	802
014_14_RA23_GMCF3029a.meta__NODE_16155_length_1274_cov_3.269893_1	REF023_FI_Rhodococcus_gordoniae_A0A379LVU4	34.6	306	20	305	498	790	1.56e-37	134	312	797
014_14_RA23_GMCF3029a.meta__NODE_17711_length_1230_cov_3.954894_2	REF057_FII_Rhodococcus_coprophilus_A0A2X4U3L5	29.8	198	1	185	207	403	1.57e-13	63.2	278	808
014_14_RA23_GMCF3029a.meta__NODE_17711_length_1230_cov_3.954894_2	REF042_FII_Actinomadura_macrotermitis_A0A7K0C220	27.3	198	1	185	193	389	7.21e-11	55.1	278	798
014_14_RA23_GMCF3029a.meta__NODE_20002_length_1174_cov_2.915996_1	REF064_OUT_Escherichia_coli_strain_K12__Q46799	35.3	136	42	169	604	737	2.41e-15	65.9	176	752
014_14_RA23_GMCF3029a.meta__NODE_20002_length_1174_cov_2.915996_1	REF047_FII_Meiothermus_granaticius_NBRC_107808_A0A399F9R8	35.0	120	43	156	635	753	1.76e-13	60.5	176	789
014_14_RA23_GMCF3029a.meta__NODE_20002_length_1174_cov_2.915996_1	REF036_FII_Calidithermus_roseus_A0A399EKG8	30.9	136	43	172	619	753	2.37e-13	60.1	176	764
014_14_RA23_GMCF3029a.meta__NODE_20002_length_1174_cov_2.915996_1	REF038_FII_Kyrpidia_spormannii_A0A2K8N8V7	29.4	136	43	171	632	766	5.01e-12	56.2	176	780
014_14_RA23_GMCF3029a.meta__NODE_20002_length_1174_cov_2.915996_1	REF061_FII_Streptomyces_smaragdinus_A0A7K0CAR3	33.0	115	51	156	640	751	6.81e-12	55.8	176	791
014_14_RA23_GMCF3029a.meta__NODE_20002_length_1174_cov_2.915996_2	REF065_OUT_Megalodesulfovibrio_gigas_Desulfovi_Q46509	46.6	148	21	164	6	153	4.08e-35	122	169	907
014_14_RA23_GMCF3029a.meta__NODE_20002_length_1174_cov_2.915996_2	REF063_OUT_Bos_taurus_Bovine__P80457	33.5	158	23	167	10	167	5.90e-24	90.5	169	1332
014_14_RA23_GMCF3029a.meta__NODE_22269_length_1126_cov_3.535948_1	REF063_OUT_Bos_taurus_Bovine__P80457	44.0	166	10	170	6	166	1.66e-37	133	264	1332
014_14_RA23_GMCF3029a.meta__NODE_22269_length_1126_cov_3.535948_1	REF065_OUT_Megalodesulfovibrio_gigas_Desulfovi_Q46509	34.0	150	32	178	23	163	1.03e-22	90.1	264	907
014_14_RA23_GMCF3029a.meta__NODE_24232_length_1088_cov_3.426912_1	REF063_OUT_Bos_taurus_Bovine__P80457	40.4	52	1	52	6	57	6.93e-11	48.5	64	1332
014_14_RA23_GMCF3029a.meta__NODE_24375_length_1086_cov_2.616877_2	REF065_OUT_Megalodesulfovibrio_gigas_Desulfovi_Q46509	41.6	149	3	147	6	154	2.51e-31	110	153	907
014_14_RA23_GMCF3029a.meta__NODE_24375_length_1086_cov_2.616877_2	REF063_OUT_Bos_taurus_Bovine__P80457	35.9	153	5	144	10	162	1.42e-22	85.9	153	1332
014_14_RA23_GMCF3029a.meta__NODE_26796_length_1045_cov_3.173737_1	REF063_OUT_Bos_taurus_Bovine__P80457	33.9	245	24	267	266	501	2.17e-36	130	268	1332
014_14_RA23_GMCF3029a.meta__NODE_28610_length_1017_cov_2.374220_1	REF066_OUT_Rhodobacter_capsulatus_Rhodopseudom_O54051	44.8	286	52	319	149	433	6.92e-71	228	338	777
014_14_RA23_GMCF3029a.meta__NODE_28610_length_1017_cov_2.374220_1	REF063_OUT_Bos_taurus_Bovine__P80457	38.2	327	1	326	666	990	1.42e-61	205	338	1332
014_14_RA23_GMCF3029a.meta__NODE_28610_length_1017_cov_2.374220_1	REF065_OUT_Megalodesulfovibrio_gigas_Desulfovi_Q46509	30.3	267	47	307	335	592	7.34e-30	113	338	907
014_14_RA23_GMCF3029a.meta__NODE_28610_length_1017_cov_2.374220_1	REF036_FII_Calidithermus_roseus_A0A399EKG8	30.3	290	2	279	113	399	1.23e-26	103	338	764
014_14_RA23_GMCF3029a.meta__NODE_28610_length_1017_cov_2.374220_1	REF064_OUT_Escherichia_coli_strain_K12__Q46799	27.2	276	49	322	154	425	5.45e-26	101	338	752
014_14_RA23_GMCF3029a.meta__NODE_30552_length_989_cov_3.203426_2	REF066_OUT_Rhodobacter_capsulatus_Rhodopseudom_O54051	47.1	208	22	228	9	215	1.44e-51	171	228	777
014_14_RA23_GMCF3029a.meta__NODE_30552_length_989_cov_3.203426_2	REF063_OUT_Bos_taurus_Bovine__P80457	34.6	208	22	228	579	785	4.80e-31	113	228	1332
014_14_RA23_GMCF3029a.meta__NODE_30552_length_989_cov_3.203426_2	REF050_FII_Blastochloris_viridis_Rhodopseudomo_A0A0H5BCZ6	32.4	170	29	184	19	174	3.60e-17	72.8	228	788
014_14_RA23_GMCF3029a.meta__NODE_30552_length_989_cov_3.203426_2	REF034_FII_Actinoallomurus_iriomotensis_A0A9W6W744	34.4	125	33	155	21	143	4.81e-17	72.4	228	751
014_14_RA23_GMCF3029a.meta__NODE_30552_length_989_cov_3.203426_2	REF058_FII_Cupriavidus_laharis_A0ABM8XSX1	36.6	131	29	145	23	152	2.21e-16	70.5	228	791
014_14_RA23_GMCF3029a.meta__NODE_31674_length_974_cov_4.955386_1	REF063_OUT_Bos_taurus_Bovine__P80457	26.1	341	1	292	146	484	1.61e-31	117	324	1332
014_14_RA23_GMCF3029a.meta__NODE_33424_length_953_cov_2.609131_1	REF064_OUT_Escherichia_coli_strain_K12__Q46799	31.4	223	11	231	147	369	1.09e-27	103	234	752
014_14_RA23_GMCF3029a.meta__NODE_33424_length_953_cov_2.609131_1	REF066_OUT_Rhodobacter_capsulatus_Rhodopseudom_O54051	34.1	214	20	231	148	361	1.49e-27	103	234	777
014_14_RA23_GMCF3029a.meta__NODE_33424_length_953_cov_2.609131_1	REF034_FII_Actinoallomurus_iriomotensis_A0A9W6W744	30.9	230	3	231	139	367	1.91e-23	91.3	234	751
014_14_RA23_GMCF3029a.meta__NODE_33424_length_953_cov_2.609131_1	REF059_FII_Streptomonospora_litoralis_A0A4P6PZM8	30.0	217	21	232	179	392	1.02e-21	86.3	234	800
014_14_RA23_GMCF3029a.meta__NODE_33424_length_953_cov_2.609131_1	REF060_FII_Donghicola_eburneus_A0A1M4N221	30.8	227	16	231	168	391	1.56e-20	82.8	234	788
014_14_RA23_GMCF3029a.meta__NODE_33601_length_951_cov_2.419643_1	REF065_OUT_Megalodesulfovibrio_gigas_Desulfovi_Q46509	44.2	129	1	124	26	154	3.01e-29	103	131	907
014_14_RA23_GMCF3029a.meta__NODE_33601_length_951_cov_2.419643_1	REF063_OUT_Bos_taurus_Bovine__P80457	37.2	137	2	126	30	166	9.07e-23	85.5	131	1332
014_14_RA23_GMCF3029a.meta__NODE_33743_length_949_cov_3.372483_1	REF035_FII_Ardenticatena_maritima_A0A0M8K8I5	32.4	293	22	312	199	490	4.36e-49	167	316	789
014_14_RA23_GMCF3029a.meta__NODE_33743_length_949_cov_3.372483_1	REF038_FII_Kyrpidia_spormannii_A0A2K8N8V7	32.5	311	7	316	179	488	7.83e-49	167	316	780
014_14_RA23_GMCF3029a.meta__NODE_33743_length_949_cov_3.372483_1	REF044_FII_Sulfoacidibacillus_ferrooxidans_A0A9X1V6V7	32.3	285	8	292	180	463	2.04e-45	157	316	784
014_14_RA23_GMCF3029a.meta__NODE_33743_length_949_cov_3.372483_1	REF043_FII_Deinococcus_aluminii_A0ABP9XBM4	31.4	293	22	312	199	490	1.38e-44	155	316	796
014_14_RA23_GMCF3029a.meta__NODE_33743_length_949_cov_3.372483_1	REF054_FII_Cereibacter_sphaeroides_strain_ATCC_Q3J2E6	30.2	298	22	314	202	495	3.45e-44	154	316	790
014_14_RA23_GMCF3029a.meta__NODE_35018_length_934_cov_5.052332_1	REF036_FII_Calidithermus_roseus_A0A399EKG8	35.7	115	198	308	171	284	9.92e-13	61.2	310	764
014_14_RA23_GMCF3029a.meta__NODE_35018_length_934_cov_5.052332_1	REF066_OUT_Rhodobacter_capsulatus_Rhodopseudom_O54051	28.4	116	197	310	148	263	5.64e-11	55.8	310	777
014_14_RA23_GMCF3029a.meta__NODE_35627_length_928_cov_3.016037_1	REF066_OUT_Rhodobacter_capsulatus_Rhodopseudom_O54051	48.3	147	1	147	625	770	2.27e-41	139	159	777
014_14_RA23_GMCF3029a.meta__NODE_35627_length_928_cov_3.016037_1	REF063_OUT_Bos_taurus_Bovine__P80457	40.0	165	1	158	1156	1320	1.91e-34	120	159	1332
014_14_RA23_GMCF3029a.meta__NODE_35627_length_928_cov_3.016037_1	REF048_FII_Ascidiaceihabitans_donghaensis_A0A2R8BD61	34.5	148	1	143	640	781	5.12e-17	70.1	159	788
014_14_RA23_GMCF3029a.meta__NODE_35627_length_928_cov_3.016037_1	REF045_FII_Albidovulum_aquaemixtae_A0A2R8B4Q9	37.9	116	1	111	641	756	1.29e-16	68.9	159	788
014_14_RA23_GMCF3029a.meta__NODE_35627_length_928_cov_3.016037_1	REF060_FII_Donghicola_eburneus_A0A1M4N221	33.6	152	1	147	640	786	1.29e-16	68.9	159	788
014_14_RA23_GMCF3029a.meta__NODE_37091_length_912_cov_1.957993_1	REF064_OUT_Escherichia_coli_strain_K12__Q46799	26.7	318	7	301	103	398	1.63e-12	60.5	303	752
014_14_RA23_GMCF3029a.meta__NODE_40282_length_879_cov_4.495146_1	REF066_OUT_Rhodobacter_capsulatus_Rhodopseudom_O54051	40.7	209	66	274	565	766	6.07e-41	143	285	777
014_14_RA23_GMCF3029a.meta__NODE_40282_length_879_cov_4.495146_1	REF063_OUT_Bos_taurus_Bovine__P80457	34.5	206	73	274	1102	1305	3.18e-30	112	285	1332
014_14_RA23_GMCF3029a.meta__NODE_43878_length_847_cov_1.547980_1	REF035_FII_Ardenticatena_maritima_A0A0M8K8I5	35.3	255	2	253	538	780	2.88e-28	106	264	789
014_14_RA23_GMCF3029a.meta__NODE_43878_length_847_cov_1.547980_1	REF052_FII_Bradyrhizobium_ivorense_A0A508SVN1	31.1	254	1	253	537	776	3.27e-27	103	264	779
014_14_RA23_GMCF3029a.meta__NODE_43878_length_847_cov_1.547980_1	REF054_FII_Cereibacter_sphaeroides_strain_ATCC_Q3J2E6	31.6	266	1	253	540	787	3.29e-27	103	264	790
014_14_RA23_GMCF3029a.meta__NODE_43878_length_847_cov_1.547980_1	REF002_FI_Mycolicibacterium_smegmatis_strain__A0QQG4	31.2	253	4	253	550	790	4.47e-27	102	264	799
014_14_RA23_GMCF3029a.meta__NODE_43878_length_847_cov_1.547980_1	REF019_FI_Mycolicibacterium_chitae_Mycobacter_A0A448IBW4	32.0	253	4	253	547	787	6.06e-27	102	264	796
014_14_RA23_GMCF3029a.meta__NODE_43919_length_846_cov_3.767383_2	REF063_OUT_Bos_taurus_Bovine__P80457	46.4	112	15	124	8	119	1.98e-30	107	124	1332
014_14_RA23_GMCF3029a.meta__NODE_43919_length_846_cov_3.767383_2	REF065_OUT_Megalodesulfovibrio_gigas_Desulfovi_Q46509	40.7	91	35	124	25	106	2.03e-16	67.0	124	907
014_14_RA23_GMCF3029a.meta__NODE_45771_length_831_cov_2.788660_1	REF023_FI_Rhodococcus_gordoniae_A0A379LVU4	34.2	120	21	131	663	781	5.58e-11	52.0	139	797
014_14_RA23_GMCF3029a.meta__NODE_47143_length_820_cov_4.666667_1	REF063_OUT_Bos_taurus_Bovine__P80457	53.2	47	8	53	10	56	4.31e-11	48.5	53	1332
014_14_RA23_GMCF3029a.meta__NODE_47221_length_820_cov_2.312418_1	REF066_OUT_Rhodobacter_capsulatus_Rhodopseudom_O54051	39.2	291	1	273	334	614	1.39e-52	176	273	777
014_14_RA23_GMCF3029a.meta__NODE_47221_length_820_cov_2.312418_1	REF063_OUT_Bos_taurus_Bovine__P80457	36.4	272	1	272	904	1144	3.50e-44	152	273	1332
014_14_RA23_GMCF3029a.meta__NODE_47221_length_820_cov_2.312418_1	REF034_FII_Actinoallomurus_iriomotensis_A0A9W6W744	27.8	216	1	213	340	552	7.45e-15	67.0	273	751
014_14_RA23_GMCF3029a.meta__NODE_47221_length_820_cov_2.312418_1	REF049_FII_Gandjariella_thermophila_A0A4D4J4W8	27.8	216	1	213	341	552	1.35e-14	66.2	273	752
014_14_RA23_GMCF3029a.meta__NODE_47221_length_820_cov_2.312418_1	REF064_OUT_Escherichia_coli_strain_K12__Q46799	26.7	165	1	165	342	502	7.91e-14	63.9	273	752
014_14_RA23_GMCF3029a.meta__NODE_48970_length_807_cov_2.372340_2	REF066_OUT_Rhodobacter_capsulatus_Rhodopseudom_O54051	56.9	130	1	130	1	130	5.54e-45	148	130	777
014_14_RA23_GMCF3029a.meta__NODE_48970_length_807_cov_2.372340_2	REF063_OUT_Bos_taurus_Bovine__P80457	35.7	129	2	130	572	699	9.62e-19	73.9	130	1332
014_14_RA23_GMCF3029a.meta__NODE_48970_length_807_cov_2.372340_2	REF065_OUT_Megalodesulfovibrio_gigas_Desulfovi_Q46509	37.4	123	8	119	181	303	1.59e-15	64.7	130	907
014_14_RA23_GMCF3029a.meta__NODE_48970_length_807_cov_2.372340_2	REF041_FII_Actibacterium_lipolyticum_A0A238JRA4	34.9	126	18	129	21	145	1.63e-13	58.9	130	765
014_14_RA23_GMCF3029a.meta__NODE_48970_length_807_cov_2.372340_2	REF011_FI_Actibacterium_lipolyticum_A0A238JPJ5	35.1	114	18	128	33	144	3.05e-13	58.2	130	806
014_14_RA23_GMCF3029a.meta__NODE_49129_length_806_cov_2.308921_2	REF063_OUT_Bos_taurus_Bovine__P80457	40.0	70	5	74	98	167	4.71e-14	58.9	93	1332
014_14_RA23_GMCF3029a.meta__NODE_49129_length_806_cov_2.308921_2	REF065_OUT_Megalodesulfovibrio_gigas_Desulfovi_Q46509	38.9	72	2	71	82	153	7.69e-13	55.5	93	907
014_14_RA23_GMCF3029a.meta__NODE_49582_length_803_cov_1.848930_1	REF063_OUT_Bos_taurus_Bovine__P80457	41.9	136	2	133	22	156	1.07e-32	115	159	1332
014_14_RA23_GMCF3029a.meta__NODE_49582_length_803_cov_1.848930_1	REF065_OUT_Megalodesulfovibrio_gigas_Desulfovi_Q46509	37.2	137	6	139	23	151	5.40e-26	95.9	159	907
014_14_RA23_GMCF3029a.meta__NODE_49615_length_802_cov_5.068273_2	REF065_OUT_Megalodesulfovibrio_gigas_Desulfovi_Q46509	49.1	57	3	59	5	61	2.94e-15	60.8	63	907
014_14_RA23_GMCF3029a.meta__NODE_49615_length_802_cov_5.068273_2	REF063_OUT_Bos_taurus_Bovine__P80457	56.5	46	6	50	10	55	7.40e-12	51.2	63	1332
014_14_RA23_GMCF3029a.meta__NODE_49985_length_800_cov_2.338255_1	REF063_OUT_Bos_taurus_Bovine__P80457	40.4	94	1	94	784	877	4.12e-20	76.3	95	1332
014_14_RA23_GMCF3029a.meta__NODE_49985_length_800_cov_2.338255_1	REF066_OUT_Rhodobacter_capsulatus_Rhodopseudom_O54051	38.5	91	1	91	214	304	3.15e-18	70.9	95	777
014_14_RA23_GMCF3029a.meta__NODE_49985_length_800_cov_2.338255_1	REF003_FI_Thermomicrobium_roseum_strain_ATCC__B9L450	37.6	85	2	86	236	319	1.36e-11	52.0	95	781
014_14_RA23_GMCF3029a.meta__NODE_50419_length_796_cov_5.443995_1	REF066_OUT_Rhodobacter_capsulatus_Rhodopseudom_O54051	59.2	265	1	265	473	737	1.99e-104	313	265	777
014_14_RA23_GMCF3029a.meta__NODE_50419_length_796_cov_5.443995_1	REF063_OUT_Bos_taurus_Bovine__P80457	46.6	264	1	264	1023	1267	1.90e-67	219	265	1332
014_14_RA23_GMCF3029a.meta__NODE_50419_length_796_cov_5.443995_1	REF038_FII_Kyrpidia_spormannii_A0A2K8N8V7	27.5	236	1	233	484	713	1.27e-20	84.0	265	780
014_14_RA23_GMCF3029a.meta__NODE_50419_length_796_cov_5.443995_1	REF035_FII_Ardenticatena_maritima_A0A0M8K8I5	29.2	236	1	233	490	719	1.04e-19	81.3	265	789
014_14_RA23_GMCF3029a.meta__NODE_50419_length_796_cov_5.443995_1	REF033_FII_Acidiphilium_multivorum_strain_DSM__F0J165	25.9	270	1	263	500	763	1.91e-19	80.5	265	801
014_14_RA23_GMCF3029a.meta__NODE_52123_length_785_cov_2.031507_1	REF049_FII_Gandjariella_thermophila_A0A4D4J4W8	24.7	239	33	236	29	267	9.39e-13	60.5	261	752
014_14_RA23_GMCF3029a.meta__NODE_52123_length_785_cov_2.031507_1	REF063_OUT_Bos_taurus_Bovine__P80457	26.5	264	11	237	573	832	1.05e-12	60.5	261	1332
014_14_RA23_GMCF3029a.meta__NODE_52123_length_785_cov_2.031507_1	REF064_OUT_Escherichia_coli_strain_K12__Q46799	33.7	98	143	238	174	271	3.20e-11	55.8	261	752
014_14_RA23_GMCF3029a.meta__NODE_52528_length_782_cov_3.228336_2	REF066_OUT_Rhodobacter_capsulatus_Rhodopseudom_O54051	46.3	134	11	144	8	141	2.55e-32	114	168	777
014_14_RA23_GMCF3029a.meta__NODE_52528_length_782_cov_3.228336_2	REF063_OUT_Bos_taurus_Bovine__P80457	39.4	137	11	147	578	713	2.32e-22	85.9	168	1332
014_14_RA23_GMCF3029a.meta__NODE_52528_length_782_cov_3.228336_2	REF058_FII_Cupriavidus_laharis_A0ABM8XSX1	38.3	133	19	137	23	154	4.85e-19	76.3	168	791
014_14_RA23_GMCF3029a.meta__NODE_52528_length_782_cov_3.228336_2	REF034_FII_Actinoallomurus_iriomotensis_A0A9W6W744	38.3	115	23	135	21	133	7.68e-18	72.8	168	751
014_14_RA23_GMCF3029a.meta__NODE_52528_length_782_cov_3.228336_2	REF050_FII_Blastochloris_viridis_Rhodopseudomo_A0A0H5BCZ6	36.1	133	19	137	19	150	1.05e-17	72.4	168	788
014_14_RA23_GMCF3029a.meta__NODE_53180_length_778_cov_2.196404_2	REF063_OUT_Bos_taurus_Bovine__P80457	44.0	50	1	50	112	161	1.45e-13	55.8	59	1332
014_14_RA23_GMCF3029a.meta__NODE_53739_length_774_cov_3.144645_1	REF061_FII_Streptomyces_smaragdinus_A0A7K0CAR3	50.9	57	26	82	721	777	6.89e-13	55.1	82	791
014_14_RA23_GMCF3029a.meta__NODE_53739_length_774_cov_3.144645_1	REF042_FII_Actinomadura_macrotermitis_A0A7K0C220	43.8	73	9	81	701	773	6.90e-13	55.1	82	798
014_14_RA23_GMCF3029a.meta__NODE_53739_length_774_cov_3.144645_1	REF053_FII_Nocardioides_aquaticus_A0ABX8EDS7	55.6	54	28	81	737	790	1.76e-12	53.9	82	828
014_14_RA23_GMCF3029a.meta__NODE_53739_length_774_cov_3.144645_1	REF059_FII_Streptomonospora_litoralis_A0A4P6PZM8	51.9	54	28	81	733	786	1.57e-11	51.2	82	800
014_14_RA23_GMCF3029a.meta__NODE_54182_length_771_cov_3.444134_1	REF066_OUT_Rhodobacter_capsulatus_Rhodopseudom_O54051	46.8	263	1	255	170	431	7.75e-75	235	256	777
014_14_RA23_GMCF3029a.meta__NODE_54182_length_771_cov_3.444134_1	REF063_OUT_Bos_taurus_Bovine__P80457	38.9	257	1	255	738	981	7.83e-51	171	256	1332
014_14_RA23_GMCF3029a.meta__NODE_54182_length_771_cov_3.444134_1	REF064_OUT_Escherichia_coli_strain_K12__Q46799	29.6	216	6	220	183	396	1.10e-22	89.7	256	752
014_14_RA23_GMCF3029a.meta__NODE_54182_length_771_cov_3.444134_1	REF065_OUT_Megalodesulfovibrio_gigas_Desulfovi_Q46509	27.2	239	7	245	368	592	3.90e-22	88.2	256	907
014_14_RA23_GMCF3029a.meta__NODE_54182_length_771_cov_3.444134_1	REF059_FII_Streptomonospora_litoralis_A0A4P6PZM8	28.4	183	27	208	225	406	2.38e-18	77.0	256	800
014_14_RA23_GMCF3029a.meta__NODE_54925_length_766_cov_4.115331_2	REF066_OUT_Rhodobacter_capsulatus_Rhodopseudom_O54051	46.7	90	22	111	8	97	1.72e-23	87.4	129	777
014_14_RA23_GMCF3029a.meta__NODE_54925_length_766_cov_4.115331_2	REF063_OUT_Bos_taurus_Bovine__P80457	37.6	101	9	109	565	664	3.84e-17	69.3	129	1332
014_14_RA23_GMCF3029a.meta__NODE_54925_length_766_cov_4.115331_2	REF046_FII_Amycolatopsis_bartoniae_A0A8H9IQQ2	41.8	79	36	111	23	99	1.58e-13	58.9	129	752
014_14_RA23_GMCF3029a.meta__NODE_54925_length_766_cov_4.115331_2	REF030_FI_Roseovarius_gaetbuli_A0A1X6ZH08	38.4	112	12	120	13	123	4.79e-12	54.7	129	805
014_14_RA23_GMCF3029a.meta__NODE_54925_length_766_cov_4.115331_2	REF034_FII_Actinoallomurus_iriomotensis_A0A9W6W744	38.8	80	34	111	21	98	1.20e-11	53.5	129	751
014_14_RA23_GMCF3029a.meta__NODE_58122_length_748_cov_2.473304_1	REF064_OUT_Escherichia_coli_strain_K12__Q46799	35.5	211	12	213	340	538	1.27e-22	89.4	249	752
014_14_RA23_GMCF3029a.meta__NODE_58122_length_748_cov_2.473304_1	REF065_OUT_Megalodesulfovibrio_gigas_Desulfovi_Q46509	33.0	206	2	204	513	710	5.68e-20	81.6	249	907
014_14_RA23_GMCF3029a.meta__NODE_58122_length_748_cov_2.473304_1	REF057_FII_Rhodococcus_coprophilus_A0A2X4U3L5	29.2	243	4	229	355	593	9.29e-18	75.1	249	808
014_14_RA23_GMCF3029a.meta__NODE_58122_length_748_cov_2.473304_1	REF036_FII_Calidithermus_roseus_A0A399EKG8	29.2	236	11	237	355	570	1.67e-17	74.3	249	764
014_14_RA23_GMCF3029a.meta__NODE_58122_length_748_cov_2.473304_1	REF061_FII_Streptomyces_smaragdinus_A0A7K0CAR3	28.3	247	4	237	344	583	1.69e-17	74.3	249	791
014_14_RA23_GMCF3029a.meta__NODE_58913_length_744_cov_2.390421_1	REF054_FII_Cereibacter_sphaeroides_strain_ATCC_Q3J2E6	77.4	248	1	247	133	380	2.48e-133	388	247	790
014_14_RA23_GMCF3029a.meta__NODE_58913_length_744_cov_2.390421_1	REF045_FII_Albidovulum_aquaemixtae_A0A2R8B4Q9	69.1	246	2	247	134	379	5.56e-118	348	247	788
014_14_RA23_GMCF3029a.meta__NODE_58913_length_744_cov_2.390421_1	REF060_FII_Donghicola_eburneus_A0A1M4N221	69.2	247	2	247	134	380	4.78e-116	343	247	788
014_14_RA23_GMCF3029a.meta__NODE_58913_length_744_cov_2.390421_1	REF048_FII_Ascidiaceihabitans_donghaensis_A0A2R8BD61	64.4	247	2	247	134	380	1.79e-108	323	247	788
014_14_RA23_GMCF3029a.meta__NODE_58913_length_744_cov_2.390421_1	REF062_FII_Falsiruegeria_litorea_R37_A0A1Y5S8H3	64.0	247	2	247	134	380	1.61e-105	316	247	787
014_14_RA23_GMCF3029a.meta__NODE_60497_length_735_cov_6.511765_1	REF066_OUT_Rhodobacter_capsulatus_Rhodopseudom_O54051	46.6	236	3	237	55	289	2.05e-62	201	244	777
014_14_RA23_GMCF3029a.meta__NODE_60497_length_735_cov_6.511765_1	REF063_OUT_Bos_taurus_Bovine__P80457	39.2	237	8	243	630	865	2.50e-48	163	244	1332
014_14_RA23_GMCF3029a.meta__NODE_60497_length_735_cov_6.511765_1	REF065_OUT_Megalodesulfovibrio_gigas_Desulfovi_Q46509	27.9	258	1	240	228	483	3.75e-20	82.0	244	907
014_14_RA23_GMCF3029a.meta__NODE_60497_length_735_cov_6.511765_1	REF064_OUT_Escherichia_coli_strain_K12__Q46799	26.0	254	8	243	52	303	2.97e-19	79.3	244	752
014_14_RA23_GMCF3029a.meta__NODE_60497_length_735_cov_6.511765_1	REF058_FII_Cupriavidus_laharis_A0ABM8XSX1	26.9	275	1	243	59	325	1.12e-17	74.7	244	791
014_14_RA23_GMCF3029a.meta__NODE_63674_length_719_cov_3.620482_1	REF063_OUT_Bos_taurus_Bovine__P80457	39.1	233	7	238	652	884	9.46e-52	173	239	1332
014_14_RA23_GMCF3029a.meta__NODE_63674_length_719_cov_3.620482_1	REF066_OUT_Rhodobacter_capsulatus_Rhodopseudom_O54051	41.9	234	7	239	83	315	2.48e-49	165	239	777
014_14_RA23_GMCF3029a.meta__NODE_63674_length_719_cov_3.620482_1	REF065_OUT_Megalodesulfovibrio_gigas_Desulfovi_Q46509	27.8	227	7	222	267	489	3.12e-18	76.3	239	907
014_14_RA23_GMCF3029a.meta__NODE_63674_length_719_cov_3.620482_1	REF046_FII_Amycolatopsis_bartoniae_A0A8H9IQQ2	27.7	224	7	223	85	307	4.51e-17	72.8	239	752
014_14_RA23_GMCF3029a.meta__NODE_63674_length_719_cov_3.620482_1	REF034_FII_Actinoallomurus_iriomotensis_A0A9W6W744	27.5	240	7	239	84	321	1.50e-16	71.2	239	751
014_14_RA23_GMCF3029a.meta__NODE_65724_length_709_cov_3.071865_1	REF066_OUT_Rhodobacter_capsulatus_Rhodopseudom_O54051	46.6	234	1	233	94	326	1.11e-62	202	236	777
014_14_RA23_GMCF3029a.meta__NODE_65724_length_709_cov_3.071865_1	REF063_OUT_Bos_taurus_Bovine__P80457	38.8	232	1	231	663	894	6.55e-48	162	236	1332
014_14_RA23_GMCF3029a.meta__NODE_65724_length_709_cov_3.071865_1	REF064_OUT_Escherichia_coli_strain_K12__Q46799	26.4	212	2	205	97	306	5.45e-20	81.3	236	752
014_14_RA23_GMCF3029a.meta__NODE_65724_length_709_cov_3.071865_1	REF065_OUT_Megalodesulfovibrio_gigas_Desulfovi_Q46509	25.4	213	2	205	279	489	7.34e-15	66.2	236	907
014_14_RA23_GMCF3029a.meta__NODE_65724_length_709_cov_3.071865_1	REF036_FII_Calidithermus_roseus_A0A399EKG8	26.9	223	2	205	110	321	2.22e-11	55.8	236	764
014_14_RA23_GMCF3029a.meta__NODE_68180_length_697_cov_3.448598_1	REF066_OUT_Rhodobacter_capsulatus_Rhodopseudom_O54051	67.2	232	1	232	122	352	1.20e-107	320	232	777
014_14_RA23_GMCF3029a.meta__NODE_68180_length_697_cov_3.448598_1	REF063_OUT_Bos_taurus_Bovine__P80457	43.0	230	2	230	692	920	1.14e-54	181	232	1332
014_14_RA23_GMCF3029a.meta__NODE_68180_length_697_cov_3.448598_1	REF064_OUT_Escherichia_coli_strain_K12__Q46799	29.8	242	2	228	125	356	9.10e-20	80.5	232	752
014_14_RA23_GMCF3029a.meta__NODE_68180_length_697_cov_3.448598_1	REF065_OUT_Megalodesulfovibrio_gigas_Desulfovi_Q46509	26.2	237	2	230	307	541	1.12e-15	68.6	232	907
014_14_RA23_GMCF3029a.meta__NODE_68978_length_693_cov_7.250784_1	REF066_OUT_Rhodobacter_capsulatus_Rhodopseudom_O54051	48.0	229	2	230	281	501	9.11e-64	204	230	777
014_14_RA23_GMCF3029a.meta__NODE_68978_length_693_cov_7.250784_1	REF063_OUT_Bos_taurus_Bovine__P80457	40.3	231	1	230	850	1051	4.63e-47	159	230	1332
014_14_RA23_GMCF3029a.meta__NODE_68978_length_693_cov_7.250784_1	REF064_OUT_Escherichia_coli_strain_K12__Q46799	26.2	229	2	230	289	487	1.54e-14	65.1	230	752
014_14_RA23_GMCF3029a.meta__NODE_68978_length_693_cov_7.250784_1	REF046_FII_Amycolatopsis_bartoniae_A0A8H9IQQ2	23.2	228	4	230	291	488	1.26e-13	62.4	230	752
014_14_RA23_GMCF3029a.meta__NODE_68978_length_693_cov_7.250784_1	REF047_FII_Meiothermus_granaticius_NBRC_107808_A0A399F9R8	24.7	231	2	230	303	515	1.87e-12	58.9	230	789
014_14_RA23_GMCF3029a.meta__NODE_70438_length_687_cov_3.452532_1	REF038_FII_Kyrpidia_spormannii_A0A2K8N8V7	38.3	227	1	227	548	771	1.08e-41	143	228	780
014_14_RA23_GMCF3029a.meta__NODE_70438_length_687_cov_3.452532_1	REF040_FII_Nitrolancea_hollandica_Lb_I4ED45	36.7	229	1	227	551	774	3.77e-41	142	228	784
014_14_RA23_GMCF3029a.meta__NODE_70438_length_687_cov_3.452532_1	REF061_FII_Streptomyces_smaragdinus_A0A7K0CAR3	36.7	229	1	227	549	772	1.81e-40	140	228	791
014_14_RA23_GMCF3029a.meta__NODE_70438_length_687_cov_3.452532_1	REF044_FII_Sulfoacidibacillus_ferrooxidans_A0A9X1V6V7	35.4	229	1	227	548	773	8.44e-40	138	228	784
014_14_RA23_GMCF3029a.meta__NODE_70438_length_687_cov_3.452532_1	REF042_FII_Actinomadura_macrotermitis_A0A7K0C220	35.9	209	19	227	564	769	1.03e-38	135	228	798
014_14_RA23_GMCF3029a.meta__NODE_71623_length_682_cov_3.443381_1	REF066_OUT_Rhodobacter_capsulatus_Rhodopseudom_O54051	47.1	70	1	70	568	637	2.96e-15	65.1	161	777
014_14_RA23_GMCF3029a.meta__NODE_72563_length_678_cov_3.351525_2	REF065_OUT_Megalodesulfovibrio_gigas_Desulfovi_Q46509	44.2	120	3	121	8	126	9.13e-30	105	124	907
014_14_RA23_GMCF3029a.meta__NODE_72563_length_678_cov_3.351525_2	REF063_OUT_Bos_taurus_Bovine__P80457	36.6	131	3	122	10	140	2.78e-23	86.7	124	1332
014_14_RA23_GMCF3029a.meta__NODE_77119_length_660_cov_1.902479_1	REF066_OUT_Rhodobacter_capsulatus_Rhodopseudom_O54051	55.8	104	1	104	669	770	7.53e-34	116	114	777
014_14_RA23_GMCF3029a.meta__NODE_77119_length_660_cov_1.902479_1	REF063_OUT_Bos_taurus_Bovine__P80457	46.0	113	1	107	1200	1312	8.10e-27	96.3	114	1332
014_14_RA23_GMCF3029a.meta__NODE_77952_length_656_cov_5.925125_2	REF063_OUT_Bos_taurus_Bovine__P80457	41.5	82	4	84	85	166	2.36e-17	68.2	90	1332
014_14_RA23_GMCF3029a.meta__NODE_77952_length_656_cov_5.925125_2	REF065_OUT_Megalodesulfovibrio_gigas_Desulfovi_Q46509	37.8	82	3	82	72	153	2.50e-15	62.4	90	907
014_14_RA23_GMCF3029a.meta__NODE_79509_length_651_cov_1.924497_1	REF002_FI_Mycolicibacterium_smegmatis_strain__A0QQG4	43.8	144	80	215	645	788	2.26e-29	107	216	799
014_14_RA23_GMCF3029a.meta__NODE_79509_length_651_cov_1.924497_1	REF016_FI_Mycobacterium_attenuatum_A0A498PSI1	45.9	122	80	196	648	769	4.18e-29	107	216	802
014_14_RA23_GMCF3029a.meta__NODE_79509_length_651_cov_1.924497_1	REF019_FI_Mycolicibacterium_chitae_Mycobacter_A0A448IBW4	43.1	144	80	215	642	785	5.67e-29	106	216	796
014_14_RA23_GMCF3029a.meta__NODE_79509_length_651_cov_1.924497_1	REF061_FII_Streptomyces_smaragdinus_A0A7K0CAR3	39.3	145	80	216	630	774	7.69e-29	106	216	791
014_14_RA23_GMCF3029a.meta__NODE_79509_length_651_cov_1.924497_1	REF023_FI_Rhodococcus_gordoniae_A0A379LVU4	41.8	146	80	215	643	786	1.94e-28	105	216	797
014_14_RA23_GMCF3029a.meta__NODE_79635_length_650_cov_3.324370_2	REF065_OUT_Megalodesulfovibrio_gigas_Desulfovi_Q46509	41.0	61	1	59	90	150	9.31e-13	53.9	66	907
014_14_RA23_GMCF3029a.meta__NODE_79635_length_650_cov_3.324370_2	REF063_OUT_Bos_taurus_Bovine__P80457	51.3	39	10	48	112	150	2.15e-11	50.1	66	1332
014_14_RA23_GMCF3029a.meta__NODE_79910_length_649_cov_3.505051_1	REF066_OUT_Rhodobacter_capsulatus_Rhodopseudom_O54051	51.9	216	13	214	281	496	7.70e-66	209	216	777
014_14_RA23_GMCF3029a.meta__NODE_79910_length_649_cov_3.505051_1	REF063_OUT_Bos_taurus_Bovine__P80457	45.2	199	16	214	854	1046	3.69e-51	170	216	1332
014_14_RA23_GMCF3029a.meta__NODE_79910_length_649_cov_3.505051_1	REF064_OUT_Escherichia_coli_strain_K12__Q46799	28.8	198	15	209	291	477	1.03e-15	68.2	216	752
014_14_RA23_GMCF3029a.meta__NODE_79910_length_649_cov_3.505051_1	REF034_FII_Actinoallomurus_iriomotensis_A0A9W6W744	27.2	195	15	209	289	478	3.44e-15	66.6	216	751
014_14_RA23_GMCF3029a.meta__NODE_79910_length_649_cov_3.505051_1	REF046_FII_Amycolatopsis_bartoniae_A0A8H9IQQ2	26.4	201	15	214	291	483	1.15e-14	65.1	216	752
014_14_RA23_GMCF3029a.meta__NODE_81869_length_642_cov_2.936968_1	REF063_OUT_Bos_taurus_Bovine__P80457	45.8	144	9	147	23	165	4.03e-35	124	213	1332
014_14_RA23_GMCF3029a.meta__NODE_81869_length_642_cov_2.936968_1	REF065_OUT_Megalodesulfovibrio_gigas_Desulfovi_Q46509	39.0	146	8	149	19	156	3.93e-27	101	213	907
014_14_RA23_GMCF3029a.meta__NODE_83383_length_636_cov_6.043029_1	REF063_OUT_Bos_taurus_Bovine__P80457	25.1	203	15	204	242	443	7.23e-21	83.2	212	1332
014_14_RA23_GMCF3029a.meta__NODE_84786_length_631_cov_6.572917_1	REF063_OUT_Bos_taurus_Bovine__P80457	44.6	101	2	102	71	158	1.83e-24	92.0	171	1332
014_14_RA23_GMCF3029a.meta__NODE_84786_length_631_cov_6.572917_1	REF065_OUT_Megalodesulfovibrio_gigas_Desulfovi_Q46509	34.0	106	1	103	57	148	2.94e-17	71.2	171	907
014_14_RA23_GMCF3029a.meta__NODE_84950_length_631_cov_2.480903_1	REF064_OUT_Escherichia_coli_strain_K12__Q46799	35.7	207	3	207	226	431	7.04e-32	114	209	752
014_14_RA23_GMCF3029a.meta__NODE_84950_length_631_cov_2.480903_1	REF065_OUT_Megalodesulfovibrio_gigas_Desulfovi_Q46509	31.7	208	1	208	408	614	7.38e-32	114	209	907
014_14_RA23_GMCF3029a.meta__NODE_84950_length_631_cov_2.480903_1	REF059_FII_Streptomonospora_litoralis_A0A4P6PZM8	35.7	182	2	175	246	424	9.98e-26	97.1	209	800
014_14_RA23_GMCF3029a.meta__NODE_84950_length_631_cov_2.480903_1	REF040_FII_Nitrolancea_hollandica_Lb_I4ED45	33.5	200	2	189	239	435	1.16e-24	94.0	209	784
014_14_RA23_GMCF3029a.meta__NODE_84950_length_631_cov_2.480903_1	REF035_FII_Ardenticatena_maritima_A0A0M8K8I5	35.5	166	2	159	242	402	2.91e-24	92.8	209	789
014_14_RA23_GMCF3029a.meta__NODE_85475_length_629_cov_3.529617_1	REF064_OUT_Escherichia_coli_strain_K12__Q46799	28.9	159	7	161	111	269	4.20e-17	72.0	209	752
014_14_RA23_GMCF3029a.meta__NODE_85475_length_629_cov_3.529617_1	REF034_FII_Actinoallomurus_iriomotensis_A0A9W6W744	27.3	165	2	163	105	269	2.26e-12	58.2	209	751
014_14_RA23_GMCF3029a.meta__NODE_85975_length_628_cov_1.884817_1	REF066_OUT_Rhodobacter_capsulatus_Rhodopseudom_O54051	69.7	208	1	208	481	688	1.11e-97	293	209	777
014_14_RA23_GMCF3029a.meta__NODE_85975_length_628_cov_1.884817_1	REF063_OUT_Bos_taurus_Bovine__P80457	43.8	208	1	208	1031	1219	2.25e-47	159	209	1332
014_14_RA23_GMCF3029a.meta__NODE_85975_length_628_cov_1.884817_1	REF058_FII_Cupriavidus_laharis_A0ABM8XSX1	30.8	211	9	208	509	706	3.72e-18	75.1	209	791
014_14_RA23_GMCF3029a.meta__NODE_85975_length_628_cov_1.884817_1	REF038_FII_Kyrpidia_spormannii_A0A2K8N8V7	28.8	215	4	208	495	696	2.31e-17	72.8	209	780
014_14_RA23_GMCF3029a.meta__NODE_85975_length_628_cov_1.884817_1	REF007_FI_Paraburkholderia_xenovorans_strain__Q13IY1	29.8	208	9	208	522	716	3.14e-17	72.4	209	803
014_14_RA23_GMCF3029a.meta__NODE_89126_length_617_cov_3.980427_1	REF063_OUT_Bos_taurus_Bovine__P80457	43.7	199	3	200	738	936	2.42e-53	176	205	1332
014_14_RA23_GMCF3029a.meta__NODE_89126_length_617_cov_3.980427_1	REF066_OUT_Rhodobacter_capsulatus_Rhodopseudom_O54051	42.2	199	3	201	170	367	9.11e-48	159	205	777
014_14_RA23_GMCF3029a.meta__NODE_89126_length_617_cov_3.980427_1	REF064_OUT_Escherichia_coli_strain_K12__Q46799	32.5	200	5	201	180	375	3.49e-24	92.4	205	752
014_14_RA23_GMCF3029a.meta__NODE_89126_length_617_cov_3.980427_1	REF034_FII_Actinoallomurus_iriomotensis_A0A9W6W744	28.9	180	24	201	197	373	2.14e-19	78.6	205	751
014_14_RA23_GMCF3029a.meta__NODE_89126_length_617_cov_3.980427_1	REF049_FII_Gandjariella_thermophila_A0A4D4J4W8	31.8	201	9	201	182	374	2.14e-19	78.6	205	752
014_14_RA23_GMCF3029a.meta__NODE_90240_length_614_cov_2.223614_1	REF066_OUT_Rhodobacter_capsulatus_Rhodopseudom_O54051	44.1	161	2	162	452	610	7.42e-37	127	162	777
014_14_RA23_GMCF3029a.meta__NODE_90240_length_614_cov_2.223614_1	REF063_OUT_Bos_taurus_Bovine__P80457	40.1	157	1	157	1001	1136	1.74e-28	103	162	1332
014_14_RA23_GMCF3029a.meta__NODE_91719_length_609_cov_5.471119_1	REF063_OUT_Bos_taurus_Bovine__P80457	46.5	198	1	198	1034	1216	9.52e-57	186	202	1332
014_14_RA23_GMCF3029a.meta__NODE_91719_length_609_cov_5.471119_1	REF066_OUT_Rhodobacter_capsulatus_Rhodopseudom_O54051	41.8	213	1	195	484	682	3.00e-44	149	202	777
014_14_RA23_GMCF3029a.meta__NODE_91719_length_609_cov_5.471119_1	REF049_FII_Gandjariella_thermophila_A0A4D4J4W8	27.8	205	1	198	471	663	2.20e-16	69.7	202	752
014_14_RA23_GMCF3029a.meta__NODE_91719_length_609_cov_5.471119_1	REF039_FII_Luteitalea_pratensis_A0A143PSW7	29.5	207	1	198	502	700	5.53e-16	68.6	202	787
014_14_RA23_GMCF3029a.meta__NODE_91719_length_609_cov_5.471119_1	REF046_FII_Amycolatopsis_bartoniae_A0A8H9IQQ2	28.1	203	1	198	471	663	1.85e-15	67.0	202	752
014_14_RA23_GMCF3029a.meta__NODE_93421_length_604_cov_3.697632_2	REF063_OUT_Bos_taurus_Bovine__P80457	35.1	148	1	144	354	500	6.41e-18	73.2	170	1332
014_14_RA23_GMCF3029a.meta__NODE_93758_length_603_cov_3.828467_1	REF066_OUT_Rhodobacter_capsulatus_Rhodopseudom_O54051	59.1	198	3	200	572	767	1.71e-78	243	200	777
014_14_RA23_GMCF3029a.meta__NODE_93758_length_603_cov_3.828467_1	REF063_OUT_Bos_taurus_Bovine__P80457	49.5	194	12	199	1112	1305	4.93e-55	181	200	1332
014_14_RA23_GMCF3029a.meta__NODE_93758_length_603_cov_3.828467_1	REF035_FII_Ardenticatena_maritima_A0A0M8K8I5	30.8	201	9	199	598	777	2.18e-18	75.5	200	789
014_14_RA23_GMCF3029a.meta__NODE_93758_length_603_cov_3.828467_1	REF041_FII_Actibacterium_lipolyticum_A0A238JRA4	37.0	81	56	136	615	695	2.27e-13	60.8	200	765
014_14_RA23_GMCF3029a.meta__NODE_94418_length_601_cov_4.454212_1	REF063_OUT_Bos_taurus_Bovine__P80457	51.5	99	11	108	62	158	2.19e-28	103	178	1332
014_14_RA23_GMCF3029a.meta__NODE_94418_length_601_cov_4.454212_1	REF065_OUT_Megalodesulfovibrio_gigas_Desulfovi_Q46509	34.1	132	31	160	70	194	1.21e-14	63.9	178	907
014_14_RA23_GMCF3029a.meta__NODE_96592_length_595_cov_3.135185_1	REF063_OUT_Bos_taurus_Bovine__P80457	43.5	154	14	158	5	158	3.95e-34	120	198	1332
014_14_RA23_GMCF3029a.meta__NODE_96592_length_595_cov_3.135185_1	REF065_OUT_Megalodesulfovibrio_gigas_Desulfovi_Q46509	44.7	141	35	165	23	154	1.84e-27	101	198	907
014_14_RA23_GMCF3029a.meta__NODE_96875_length_594_cov_4.486085_1	REF066_OUT_Rhodobacter_capsulatus_Rhodopseudom_O54051	43.9	196	2	197	281	468	7.90e-46	154	197	777
014_14_RA23_GMCF3029a.meta__NODE_96875_length_594_cov_4.486085_1	REF063_OUT_Bos_taurus_Bovine__P80457	34.8	198	1	197	850	1018	1.60e-28	104	197	1332
014_14_RA23_GMCF3029a.meta__NODE_96875_length_594_cov_4.486085_1	REF046_FII_Amycolatopsis_bartoniae_A0A8H9IQQ2	31.6	95	4	97	291	383	3.60e-11	54.3	197	752
014_14_RA23_GMCF3029a.meta__NODE_96875_length_594_cov_4.486085_1	REF047_FII_Meiothermus_granaticius_NBRC_107808_A0A399F9R8	29.3	116	2	115	303	418	8.96e-11	53.1	197	789
014_14_RA23_GMCF3029a.meta__NODE_99611_length_587_cov_2.133459_1	REF066_OUT_Rhodobacter_capsulatus_Rhodopseudom_O54051	42.1	145	2	146	464	607	1.19e-33	117	160	777
014_14_RA23_GMCF3029a.meta__NODE_99611_length_587_cov_2.133459_1	REF063_OUT_Bos_taurus_Bovine__P80457	40.0	145	2	146	1014	1138	3.02e-28	102	160	1332
014_14_RA23_GMCF3029a.meta__NODE_99916_length_586_cov_2.333333_1	REF063_OUT_Bos_taurus_Bovine__P80457	36.6	191	2	191	670	860	1.88e-36	127	195	1332
014_14_RA23_GMCF3029a.meta__NODE_99916_length_586_cov_2.333333_1	REF066_OUT_Rhodobacter_capsulatus_Rhodopseudom_O54051	37.8	188	1	187	100	286	6.06e-34	120	195	777
014_14_RA23_GMCF3029a.meta__NODE_99916_length_586_cov_2.333333_1	REF064_OUT_Escherichia_coli_strain_K12__Q46799	28.9	197	1	190	102	297	1.65e-23	90.1	195	752
014_14_RA23_GMCF3029a.meta__NODE_99916_length_586_cov_2.333333_1	REF004_FI_Thermogemmatispora_tikiterensis_A0A328VRJ9	30.6	206	2	189	113	317	8.97e-20	79.3	195	791
014_14_RA23_GMCF3029a.meta__NODE_99916_length_586_cov_2.333333_1	REF005_FI_Thermogemmatispora_aurantia_A0A5J4K876	30.1	206	2	189	113	317	2.25e-19	78.2	195	791
014_14_RA23_GMCF3029a.meta__NODE_102232_length_580_cov_2.636190_1	REF066_OUT_Rhodobacter_capsulatus_Rhodopseudom_O54051	48.3	178	4	180	58	234	3.86e-47	157	192	777
014_14_RA23_GMCF3029a.meta__NODE_102232_length_580_cov_2.636190_1	REF063_OUT_Bos_taurus_Bovine__P80457	38.3	188	6	192	630	816	1.75e-34	121	192	1332
014_14_RA23_GMCF3029a.meta__NODE_102232_length_580_cov_2.636190_1	REF065_OUT_Megalodesulfovibrio_gigas_Desulfovi_Q46509	29.1	196	2	179	231	426	2.64e-13	60.5	192	907
014_14_RA23_GMCF3029a.meta__NODE_102232_length_580_cov_2.636190_1	REF058_FII_Cupriavidus_laharis_A0ABM8XSX1	28.9	201	2	177	62	262	3.50e-13	60.1	192	791
014_14_RA23_GMCF3029a.meta__NODE_102232_length_580_cov_2.636190_1	REF050_FII_Blastochloris_viridis_Rhodopseudomo_A0A0H5BCZ6	31.0	129	3	117	59	174	7.23e-12	56.2	192	788
014_14_RA23_GMCF3029a.meta__NODE_104785_length_574_cov_1.745665_1	REF064_OUT_Escherichia_coli_strain_K12__Q46799	40.7	113	11	117	605	717	3.15e-25	93.6	157	752
014_14_RA23_GMCF3029a.meta__NODE_104785_length_574_cov_1.745665_1	REF061_FII_Streptomyces_smaragdinus_A0A7K0CAR3	42.1	107	9	110	631	737	3.76e-24	90.5	157	791
014_14_RA23_GMCF3029a.meta__NODE_104785_length_574_cov_1.745665_1	REF056_FII_Comamonas_aquatilis_A0ACE2T5A2	41.0	105	12	110	647	751	6.09e-23	87.0	157	795
014_14_RA23_GMCF3029a.meta__NODE_104785_length_574_cov_1.745665_1	REF042_FII_Actinomadura_macrotermitis_A0A7K0C220	41.1	107	9	110	628	734	8.30e-23	86.7	157	798
014_14_RA23_GMCF3029a.meta__NODE_104785_length_574_cov_1.745665_1	REF035_FII_Ardenticatena_maritima_A0A0M8K8I5	41.7	108	8	110	635	742	1.13e-22	86.3	157	789
014_14_RA23_GMCF3029a.meta__NODE_105617_length_572_cov_1.481625_1	REF063_OUT_Bos_taurus_Bovine__P80457	30.6	160	15	171	341	500	1.32e-18	75.9	190	1332
014_14_RA23_GMCF3029a.meta__NODE_106780_length_569_cov_2.235409_1	REF065_OUT_Megalodesulfovibrio_gigas_Desulfovi_Q46509	49.1	55	13	67	6	60	1.06e-12	54.3	77	907
014_14_RA23_GMCF3029a.meta__NODE_108402_length_565_cov_2.296078_1	REF065_OUT_Megalodesulfovibrio_gigas_Desulfovi_Q46509	38.8	121	5	123	6	126	3.08e-25	92.4	129	907
014_14_RA23_GMCF3029a.meta__NODE_108402_length_565_cov_2.296078_1	REF063_OUT_Bos_taurus_Bovine__P80457	33.1	136	7	129	10	145	6.82e-19	74.3	129	1332
014_14_RA23_GMCF3029a.meta__NODE_108625_length_564_cov_4.151277_1	REF063_OUT_Bos_taurus_Bovine__P80457	42.8	187	1	187	1106	1268	1.22e-46	156	187	1332
014_14_RA23_GMCF3029a.meta__NODE_108625_length_564_cov_4.151277_1	REF066_OUT_Rhodobacter_capsulatus_Rhodopseudom_O54051	44.3	176	11	186	585	736	6.89e-42	142	187	777
014_14_RA23_GMCF3029a.meta__NODE_108720_length_564_cov_2.925344_2	REF065_OUT_Megalodesulfovibrio_gigas_Desulfovi_Q46509	47.3	55	3	57	6	60	4.63e-15	60.1	59	907
014_14_RA23_GMCF3029a.meta__NODE_111759_length_557_cov_2.340637_1	REF066_OUT_Rhodobacter_capsulatus_Rhodopseudom_O54051	65.0	163	1	163	182	343	5.03e-72	224	163	777
014_14_RA23_GMCF3029a.meta__NODE_111759_length_557_cov_2.340637_1	REF063_OUT_Bos_taurus_Bovine__P80457	40.5	158	6	163	756	913	1.31e-37	129	163	1332
014_14_RA23_GMCF3029a.meta__NODE_113972_length_552_cov_2.955734_2	REF065_OUT_Megalodesulfovibrio_gigas_Desulfovi_Q46509	37.3	126	1	122	34	159	3.69e-23	86.3	124	907
014_14_RA23_GMCF3029a.meta__NODE_113972_length_552_cov_2.955734_2	REF063_OUT_Bos_taurus_Bovine__P80457	32.8	116	2	105	38	153	1.28e-17	70.5	124	1332
014_14_RA23_GMCF3029a.meta__NODE_115363_length_549_cov_3.157895_1	REF066_OUT_Rhodobacter_capsulatus_Rhodopseudom_O54051	48.3	180	1	180	403	574	1.97e-47	157	182	777
014_14_RA23_GMCF3029a.meta__NODE_115363_length_549_cov_3.157895_1	REF063_OUT_Bos_taurus_Bovine__P80457	47.7	149	1	149	953	1101	3.05e-36	126	182	1332
014_14_RA23_GMCF3029a.meta__NODE_116451_length_547_cov_2.079268_1	REF065_OUT_Megalodesulfovibrio_gigas_Desulfovi_Q46509	36.9	65	5	69	6	70	1.74e-11	51.6	93	907
014_14_RA23_GMCF3029a.meta__NODE_116451_length_547_cov_2.079268_1	REF063_OUT_Bos_taurus_Bovine__P80457	54.3	46	7	51	10	55	6.17e-11	50.1	93	1332
014_14_RA23_GMCF3029a.meta__NODE_117034_length_545_cov_7.038776_1	REF066_OUT_Rhodobacter_capsulatus_Rhodopseudom_O54051	57.9	95	1	95	678	770	3.63e-31	108	105	777
014_14_RA23_GMCF3029a.meta__NODE_117034_length_545_cov_7.038776_1	REF063_OUT_Bos_taurus_Bovine__P80457	49.5	97	1	91	1209	1305	1.64e-22	83.6	105	1332
014_14_RA23_GMCF3029a.meta__NODE_117096_length_545_cov_3.775510_1	REF063_OUT_Bos_taurus_Bovine__P80457	28.1	153	8	155	332	484	2.88e-13	60.1	181	1332
014_14_RA23_GMCF3029a.meta__NODE_123371_length_532_cov_2.371069_2	REF065_OUT_Megalodesulfovibrio_gigas_Desulfovi_Q46509	37.4	123	1	118	33	155	2.47e-22	84.0	125	907
014_14_RA23_GMCF3029a.meta__NODE_123371_length_532_cov_2.371069_2	REF063_OUT_Bos_taurus_Bovine__P80457	29.8	121	1	108	36	156	5.73e-14	60.1	125	1332
014_14_RA23_GMCF3029a.meta__NODE_124817_length_529_cov_2.995781_1	REF036_FII_Calidithermus_roseus_A0A399EKG8	31.6	117	14	124	645	761	2.34e-12	55.5	126	764
014_14_RA23_GMCF3029a.meta__NODE_124817_length_529_cov_2.995781_1	REF064_OUT_Escherichia_coli_strain_K12__Q46799	33.0	112	14	118	631	742	3.19e-12	55.1	126	752
014_14_RA23_GMCF3029a.meta__NODE_126516_length_526_cov_2.195329_2	REF065_OUT_Megalodesulfovibrio_gigas_Desulfovi_Q46509	36.2	116	5	118	8	123	5.83e-21	79.7	118	907
014_14_RA23_GMCF3029a.meta__NODE_126516_length_526_cov_2.195329_2	REF063_OUT_Bos_taurus_Bovine__P80457	37.5	120	3	109	8	127	8.61e-19	73.6	118	1332
014_14_RA23_GMCF3029a.meta__NODE_127526_length_524_cov_2.799574_1	REF066_OUT_Rhodobacter_capsulatus_Rhodopseudom_O54051	41.3	172	2	173	469	638	2.52e-35	123	174	777
014_14_RA23_GMCF3029a.meta__NODE_127526_length_524_cov_2.799574_1	REF063_OUT_Bos_taurus_Bovine__P80457	36.6	172	2	173	1019	1169	1.92e-28	103	174	1332
014_14_RA23_GMCF3029a.meta__NODE_128240_length_523_cov_1.965812_2	REF066_OUT_Rhodobacter_capsulatus_Rhodopseudom_O54051	59.6	146	1	146	584	728	7.72e-57	182	151	777
014_14_RA23_GMCF3029a.meta__NODE_128240_length_523_cov_1.965812_2	REF063_OUT_Bos_taurus_Bovine__P80457	54.0	126	10	135	1124	1249	1.20e-42	143	151	1332
014_14_RA23_GMCF3029a.meta__NODE_128240_length_523_cov_1.965812_2	REF044_FII_Sulfoacidibacillus_ferrooxidans_A0A9X1V6V7	32.5	114	8	116	598	709	1.05e-12	57.4	151	784
014_14_RA23_GMCF3029a.meta__NODE_128240_length_523_cov_1.965812_2	REF038_FII_Kyrpidia_spormannii_A0A2K8N8V7	34.9	86	37	122	628	713	1.94e-12	56.6	151	780
014_14_RA23_GMCF3029a.meta__NODE_128240_length_523_cov_1.965812_2	REF008_FI_Paraburkholderia_xenovorans_strain__Q13YL7	34.1	88	35	122	646	733	3.60e-12	55.8	151	803
014_14_RA23_GMCF3029a.meta__NODE_129153_length_521_cov_2.703863_1	REF064_OUT_Escherichia_coli_strain_K12__Q46799	40.2	82	4	85	670	751	2.31e-18	70.9	87	752
014_14_RA23_GMCF3029a.meta__NODE_129153_length_521_cov_2.703863_1	REF023_FI_Rhodococcus_gordoniae_A0A379LVU4	37.0	73	11	80	717	789	2.60e-11	50.8	87	797
014_14_RA23_GMCF3029a.meta__NODE_132668_length_515_cov_1.736957_1	REF063_OUT_Bos_taurus_Bovine__P80457	46.5	142	2	142	22	158	9.38e-38	130	171	1332
014_14_RA23_GMCF3029a.meta__NODE_132668_length_515_cov_1.736957_1	REF065_OUT_Megalodesulfovibrio_gigas_Desulfovi_Q46509	34.5	148	3	147	20	152	6.16e-22	84.7	171	907
014_14_RA23_GMCF3029a.meta__NODE_136518_length_508_cov_2.214128_2	REF065_OUT_Megalodesulfovibrio_gigas_Desulfovi_Q46509	42.4	125	2	121	30	154	3.22e-28	100	128	907
014_14_RA23_GMCF3029a.meta__NODE_136518_length_508_cov_2.214128_2	REF063_OUT_Bos_taurus_Bovine__P80457	36.6	134	2	123	33	166	9.75e-22	82.4	128	1332
014_14_RA23_GMCF3029a.meta__NODE_137762_length_506_cov_1.882483_1	REF066_OUT_Rhodobacter_capsulatus_Rhodopseudom_O54051	46.7	165	4	167	83	246	1.42e-37	129	168	777
014_14_RA23_GMCF3029a.meta__NODE_137762_length_506_cov_1.882483_1	REF063_OUT_Bos_taurus_Bovine__P80457	34.5	168	1	167	649	816	2.20e-26	97.4	168	1332
014_14_RA23_GMCF3029a.meta__NODE_137762_length_506_cov_1.882483_1	REF003_FI_Thermomicrobium_roseum_strain_ATCC__B9L450	30.9	162	6	152	93	252	3.49e-11	53.5	168	781
014_14_RA23_GMCF3029a.meta__NODE_137762_length_506_cov_1.882483_1	REF057_FII_Rhodococcus_coprophilus_A0A2X4U3L5	28.7	164	5	152	102	262	4.76e-11	53.1	168	808
014_14_RA23_GMCF3029a.meta__NODE_138000_length_505_cov_3.584444_1	REF066_OUT_Rhodobacter_capsulatus_Rhodopseudom_O54051	50.9	167	1	167	201	367	4.49e-53	172	167	777
014_14_RA23_GMCF3029a.meta__NODE_138000_length_505_cov_3.584444_1	REF063_OUT_Bos_taurus_Bovine__P80457	42.3	163	3	165	773	935	1.22e-40	138	167	1332
014_14_RA23_GMCF3029a.meta__NODE_138000_length_505_cov_3.584444_1	REF064_OUT_Escherichia_coli_strain_K12__Q46799	30.6	170	2	167	211	375	2.20e-16	68.6	167	752
014_14_RA23_GMCF3029a.meta__NODE_138000_length_505_cov_3.584444_1	REF038_FII_Kyrpidia_spormannii_A0A2K8N8V7	28.7	167	5	167	225	388	5.54e-14	61.6	167	780
014_14_RA23_GMCF3029a.meta__NODE_138000_length_505_cov_3.584444_1	REF037_FII_Fibrella_aestuarina_BUZ_2_I0KFJ2	29.8	168	5	167	240	403	1.89e-13	60.1	167	796
014_14_RA23_GMCF3029a.meta__NODE_138874_length_504_cov_2.200445_1	REF065_OUT_Megalodesulfovibrio_gigas_Desulfovi_Q46509	43.6	110	6	113	6	115	1.33e-24	91.7	153	907
014_14_RA23_GMCF3029a.meta__NODE_138874_length_504_cov_2.200445_1	REF063_OUT_Bos_taurus_Bovine__P80457	35.8	109	17	113	20	128	7.34e-14	60.8	153	1332
014_14_RA23_GMCF3029a.meta__NODE_139001_length_504_cov_1.790646_2	REF066_OUT_Rhodobacter_capsulatus_Rhodopseudom_O54051	66.2	68	1	68	703	770	1.28e-27	96.7	76	777
014_14_RA23_GMCF3029a.meta__NODE_139001_length_504_cov_1.790646_2	REF063_OUT_Bos_taurus_Bovine__P80457	43.8	73	3	67	1236	1308	2.16e-13	56.2	76	1332
014_14_RA23_GMCF3029a.sc__NODE_468_length_5424_cov_6.391693_5	REF066_OUT_Rhodobacter_capsulatus_Rhodopseudom_O54051	59.9	334	1	334	440	770	2.93e-127	376	342	777
014_14_RA23_GMCF3029a.sc__NODE_468_length_5424_cov_6.391693_5	REF063_OUT_Bos_taurus_Bovine__P80457	46.5	331	6	330	995	1305	1.88e-83	268	342	1332
014_14_RA23_GMCF3029a.sc__NODE_468_length_5424_cov_6.391693_5	REF058_FII_Cupriavidus_laharis_A0ABM8XSX1	28.2	316	32	338	491	790	1.09e-21	89.0	342	791
014_14_RA23_GMCF3029a.sc__NODE_468_length_5424_cov_6.391693_5	REF056_FII_Comamonas_aquatilis_A0ACE2T5A2	28.0	318	32	335	496	791	2.09e-20	85.1	342	795
014_14_RA23_GMCF3029a.sc__NODE_468_length_5424_cov_6.391693_5	REF042_FII_Actinomadura_macrotermitis_A0A7K0C220	26.3	259	8	266	458	711	2.09e-20	85.1	342	798
014_14_RA23_GMCF3029a.sc__NODE_533_length_5213_cov_7.401706_3	REF014_FI_Deinococcus_caeni_A0ABP9UI58	23.6	402	187	551	13	404	1.33e-15	73.2	732	792
014_14_RA23_GMCF3029a.sc__NODE_533_length_5213_cov_7.401706_3	REF003_FI_Thermomicrobium_roseum_strain_ATCC__B9L450	22.8	404	198	551	13	396	2.44e-13	65.9	732	781
014_14_RA23_GMCF3029a.sc__NODE_533_length_5213_cov_7.401706_3	REF035_FII_Ardenticatena_maritima_A0A0M8K8I5	23.7	409	189	551	4	399	8.68e-12	60.8	732	789
014_14_RA23_GMCF3029a.sc__NODE_533_length_5213_cov_7.401706_3	REF064_OUT_Escherichia_coli_strain_K12__Q46799	27.8	133	598	723	608	737	3.35e-11	58.9	732	752
014_14_RA23_GMCF3029a.sc__NODE_533_length_5213_cov_7.401706_4	REF065_OUT_Megalodesulfovibrio_gigas_Desulfovi_Q46509	37.0	154	5	154	6	159	2.13e-29	105	156	907
014_14_RA23_GMCF3029a.sc__NODE_533_length_5213_cov_7.401706_4	REF063_OUT_Bos_taurus_Bovine__P80457	34.0	144	7	137	10	153	2.14e-22	85.5	156	1332
014_14_RA23_GMCF3029a.sc__NODE_787_length_4666_cov_5.170679_2	REF063_OUT_Bos_taurus_Bovine__P80457	44.1	93	17	107	1231	1323	5.53e-19	74.3	123	1332
014_14_RA23_GMCF3029a.sc__NODE_787_length_4666_cov_5.170679_2	REF066_OUT_Rhodobacter_capsulatus_Rhodopseudom_O54051	48.0	50	17	66	700	749	2.55e-11	52.4	123	777
014_14_RA23_GMCF3029a.sc__NODE_787_length_4666_cov_5.170679_3	REF063_OUT_Bos_taurus_Bovine__P80457	52.8	254	72	325	1002	1230	2.15e-80	259	328	1332
014_14_RA23_GMCF3029a.sc__NODE_787_length_4666_cov_5.170679_3	REF066_OUT_Rhodobacter_capsulatus_Rhodopseudom_O54051	45.1	277	72	325	452	699	9.39e-64	208	328	777
014_14_RA23_GMCF3029a.sc__NODE_787_length_4666_cov_5.170679_3	REF035_FII_Ardenticatena_maritima_A0A0M8K8I5	29.9	251	89	325	486	713	3.37e-18	78.2	328	789
014_14_RA23_GMCF3029a.sc__NODE_787_length_4666_cov_5.170679_3	REF039_FII_Luteitalea_pratensis_A0A143PSW7	27.4	223	91	309	489	706	6.52e-16	71.2	328	787
014_14_RA23_GMCF3029a.sc__NODE_787_length_4666_cov_5.170679_3	REF049_FII_Gandjariella_thermophila_A0A4D4J4W8	28.6	213	91	303	458	663	2.05e-15	69.7	328	752
014_14_RA23_GMCF3029a.sc__NODE_787_length_4666_cov_5.170679_4	REF063_OUT_Bos_taurus_Bovine__P80457	33.4	506	6	508	571	1000	5.17e-78	259	515	1332
014_14_RA23_GMCF3029a.sc__NODE_787_length_4666_cov_5.170679_4	REF066_OUT_Rhodobacter_capsulatus_Rhodopseudom_O54051	29.0	524	7	509	2	451	6.50e-58	198	515	777
014_14_RA23_GMCF3029a.sc__NODE_787_length_4666_cov_5.170679_4	REF040_FII_Nitrolancea_hollandica_Lb_I4ED45	25.3	269	245	510	197	459	2.02e-15	71.6	515	784
014_14_RA23_GMCF3029a.sc__NODE_787_length_4666_cov_5.170679_4	REF065_OUT_Megalodesulfovibrio_gigas_Desulfovi_Q46509	24.1	485	9	479	177	592	4.23e-13	64.3	515	907
014_14_RA23_GMCF3029a.sc__NODE_787_length_4666_cov_5.170679_4	REF064_OUT_Escherichia_coli_strain_K12__Q46799	28.2	216	241	455	180	389	1.57e-12	62.4	515	752
014_14_RA23_GMCF3029a.sc__NODE_1188_length_4069_cov_6.746388_2	REF063_OUT_Bos_taurus_Bovine__P80457	27.1	543	14	498	8	521	1.43e-59	206	530	1332
014_14_RA23_GMCF3029a.sc__NODE_1188_length_4069_cov_6.746388_2	REF065_OUT_Megalodesulfovibrio_gigas_Desulfovi_Q46509	34.6	153	36	185	27	148	1.17e-22	94.7	530	907
014_14_RA23_GMCF3029a.sc__NODE_1188_length_4069_cov_6.746388_3	REF066_OUT_Rhodobacter_capsulatus_Rhodopseudom_O54051	47.3	567	17	564	9	574	2.24e-167	488	564	777
014_14_RA23_GMCF3029a.sc__NODE_1188_length_4069_cov_6.746388_3	REF063_OUT_Bos_taurus_Bovine__P80457	39.5	529	17	544	579	1104	2.09e-113	360	564	1332
014_14_RA23_GMCF3029a.sc__NODE_1188_length_4069_cov_6.746388_3	REF034_FII_Actinoallomurus_iriomotensis_A0A9W6W744	26.3	552	28	562	21	559	2.34e-41	152	564	751
014_14_RA23_GMCF3029a.sc__NODE_1188_length_4069_cov_6.746388_3	REF036_FII_Calidithermus_roseus_A0A399EKG8	26.8	553	24	557	27	566	7.02e-39	144	564	764
014_14_RA23_GMCF3029a.sc__NODE_1188_length_4069_cov_6.746388_3	REF065_OUT_Megalodesulfovibrio_gigas_Desulfovi_Q46509	25.6	497	38	513	205	691	1.80e-36	137	564	907
014_14_RA23_GMCF3029a.sc__NODE_2003_length_3371_cov_3.049156_1	REF064_OUT_Escherichia_coli_strain_K12__Q46799	26.4	318	21	315	103	398	3.79e-12	59.7	329	752
014_14_RA23_GMCF3029a.sc__NODE_2003_length_3371_cov_3.049156_2	REF065_OUT_Megalodesulfovibrio_gigas_Desulfovi_Q46509	40.3	144	3	142	6	149	1.44e-32	115	187	907
014_14_RA23_GMCF3029a.sc__NODE_2003_length_3371_cov_3.049156_2	REF063_OUT_Bos_taurus_Bovine__P80457	36.1	144	5	135	10	153	3.56e-23	89.0	187	1332
014_14_RA23_GMCF3029a.sc__NODE_2004_length_3370_cov_6.620211_4	REF066_OUT_Rhodobacter_capsulatus_Rhodopseudom_O54051	53.0	217	3	219	560	774	9.45e-75	234	225	777
014_14_RA23_GMCF3029a.sc__NODE_2004_length_3370_cov_6.620211_4	REF063_OUT_Bos_taurus_Bovine__P80457	48.2	199	25	217	1113	1311	3.42e-57	188	225	1332
014_14_RA23_GMCF3029a.sc__NODE_2004_length_3370_cov_6.620211_4	REF065_OUT_Megalodesulfovibrio_gigas_Desulfovi_Q46509	30.7	166	51	215	752	905	4.82e-14	63.5	225	907
014_14_RA23_GMCF3029a.sc__NODE_2004_length_3370_cov_6.620211_4	REF044_FII_Sulfoacidibacillus_ferrooxidans_A0A9X1V6V7	27.8	205	25	224	598	783	5.15e-13	60.5	225	784
014_14_RA23_GMCF3029a.sc__NODE_2004_length_3370_cov_6.620211_4	REF035_FII_Ardenticatena_maritima_A0A0M8K8I5	28.9	152	65	214	636	784	2.30e-12	58.5	225	789
014_14_RA23_GMCF3029a.sc__NODE_2040_length_3352_cov_3.638459_1	REF065_OUT_Megalodesulfovibrio_gigas_Desulfovi_Q46509	24.2	443	1	392	140	563	1.28e-13	66.2	566	907
014_14_RA23_GMCF3029a.sc__NODE_4429_length_2533_cov_3.969330_2	REF066_OUT_Rhodobacter_capsulatus_Rhodopseudom_O54051	53.6	504	13	502	281	771	2.68e-175	506	508	777
014_14_RA23_GMCF3029a.sc__NODE_4429_length_2533_cov_3.969330_2	REF063_OUT_Bos_taurus_Bovine__P80457	43.8	482	16	497	854	1305	1.86e-115	363	508	1332
014_14_RA23_GMCF3029a.sc__NODE_4429_length_2533_cov_3.969330_2	REF038_FII_Kyrpidia_spormannii_A0A2K8N8V7	26.2	431	7	423	294	713	3.83e-31	120	508	780
014_14_RA23_GMCF3029a.sc__NODE_4429_length_2533_cov_3.969330_2	REF049_FII_Gandjariella_thermophila_A0A4D4J4W8	24.6	500	15	503	289	747	4.92e-31	120	508	752
014_14_RA23_GMCF3029a.sc__NODE_4429_length_2533_cov_3.969330_2	REF043_FII_Deinococcus_aluminii_A0ABP9XBM4	26.4	516	5	503	298	784	5.34e-30	117	508	796
014_14_RA23_GMCF3029a.sc__NODE_4894_length_2434_cov_3.437579_3	REF066_OUT_Rhodobacter_capsulatus_Rhodopseudom_O54051	47.1	208	22	228	9	215	1.44e-51	171	228	777
014_14_RA23_GMCF3029a.sc__NODE_4894_length_2434_cov_3.437579_3	REF063_OUT_Bos_taurus_Bovine__P80457	34.6	208	22	228	579	785	4.80e-31	113	228	1332
014_14_RA23_GMCF3029a.sc__NODE_4894_length_2434_cov_3.437579_3	REF050_FII_Blastochloris_viridis_Rhodopseudomo_A0A0H5BCZ6	32.4	170	29	184	19	174	3.60e-17	72.8	228	788
014_14_RA23_GMCF3029a.sc__NODE_4894_length_2434_cov_3.437579_3	REF034_FII_Actinoallomurus_iriomotensis_A0A9W6W744	34.4	125	33	155	21	143	4.81e-17	72.4	228	751
014_14_RA23_GMCF3029a.sc__NODE_4894_length_2434_cov_3.437579_3	REF058_FII_Cupriavidus_laharis_A0ABM8XSX1	36.6	131	29	145	23	152	2.21e-16	70.5	228	791
014_14_RA23_GMCF3029a.sc__NODE_7051_length_2113_cov_2.815355_1	REF063_OUT_Bos_taurus_Bovine__P80457	22.0	405	2	342	123	523	4.33e-17	75.5	355	1332
014_14_RA23_GMCF3029a.sc__NODE_9921_length_1840_cov_5.909804_2	REF065_OUT_Megalodesulfovibrio_gigas_Desulfovi_Q46509	42.4	151	3	150	6	156	9.01e-34	118	169	907
014_14_RA23_GMCF3029a.sc__NODE_9921_length_1840_cov_5.909804_2	REF063_OUT_Bos_taurus_Bovine__P80457	34.8	158	5	148	10	165	6.97e-23	87.4	169	1332
014_14_RA23_GMCF3029a.sc__NODE_12494_length_1665_cov_3.788820_1	REF063_OUT_Bos_taurus_Bovine__P80457	40.0	70	5	74	98	167	4.71e-14	58.9	93	1332
014_14_RA23_GMCF3029a.sc__NODE_12494_length_1665_cov_3.788820_1	REF065_OUT_Megalodesulfovibrio_gigas_Desulfovi_Q46509	38.9	72	2	71	82	153	7.69e-13	55.5	93	907
014_14_RA23_GMCF3029a.sc__NODE_12494_length_1665_cov_3.788820_2	REF036_FII_Calidithermus_roseus_A0A399EKG8	35.7	115	352	462	171	284	2.95e-12	61.2	464	764
014_14_RA23_GMCF3029a.sc__NODE_12584_length_1660_cov_4.117757_1	REF063_OUT_Bos_taurus_Bovine__P80457	28.0	479	4	430	49	521	1.84e-53	186	461	1332
014_14_RA23_GMCF3029a.sc__NODE_12584_length_1660_cov_4.117757_1	REF065_OUT_Megalodesulfovibrio_gigas_Desulfovi_Q46509	34.2	114	4	116	46	148	5.83e-13	63.5	461	907
014_14_RA23_GMCF3029a.sc__NODE_12584_length_1660_cov_4.117757_2	REF066_OUT_Rhodobacter_capsulatus_Rhodopseudom_O54051	49.2	63	11	73	8	70	2.89e-16	64.3	75	777
014_14_RA23_GMCF3029a.sc__NODE_12584_length_1660_cov_4.117757_2	REF063_OUT_Bos_taurus_Bovine__P80457	41.1	73	3	75	570	642	2.54e-12	53.1	75	1332
014_14_RA23_GMCF3029a.sc__NODE_12584_length_1660_cov_4.117757_2	REF051_FII_Modestobacter_italicus_strain_DSM_4_I4F486	45.8	59	17	73	15	73	4.18e-11	49.7	75	763
014_14_RA23_GMCF3029a.sc__NODE_12584_length_1660_cov_4.117757_2	REF043_FII_Deinococcus_aluminii_A0ABP9XBM4	49.1	55	19	73	22	75	7.84e-11	48.9	75	796
014_14_RA23_GMCF3029a.sc__NODE_12841_length_1645_cov_3.757233_1	REF065_OUT_Megalodesulfovibrio_gigas_Desulfovi_Q46509	36.6	153	1	149	1	153	3.34e-26	96.3	154	907
014_14_RA23_GMCF3029a.sc__NODE_12841_length_1645_cov_3.757233_1	REF063_OUT_Bos_taurus_Bovine__P80457	37.4	147	8	141	10	156	6.44e-26	95.5	154	1332
014_14_RA23_GMCF3029a.sc__NODE_14922_length_1540_cov_3.297643_1	REF063_OUT_Bos_taurus_Bovine__P80457	46.2	234	3	236	1034	1244	5.93e-66	214	240	1332
014_14_RA23_GMCF3029a.sc__NODE_14922_length_1540_cov_3.297643_1	REF066_OUT_Rhodobacter_capsulatus_Rhodopseudom_O54051	41.6	255	3	239	484	716	3.39e-53	176	240	777
014_14_RA23_GMCF3029a.sc__NODE_14922_length_1540_cov_3.297643_1	REF050_FII_Blastochloris_viridis_Rhodopseudomo_A0A0H5BCZ6	28.9	253	1	240	499	730	2.28e-18	76.6	240	788
014_14_RA23_GMCF3029a.sc__NODE_14922_length_1540_cov_3.297643_1	REF039_FII_Luteitalea_pratensis_A0A143PSW7	28.4	236	3	229	502	721	8.51e-17	72.0	240	787
014_14_RA23_GMCF3029a.sc__NODE_14922_length_1540_cov_3.297643_1	REF049_FII_Gandjariella_thermophila_A0A4D4J4W8	27.8	205	3	200	471	663	2.07e-16	70.9	240	752
014_14_RA23_GMCF3029a.sc__NODE_15033_length_1535_cov_3.224324_1	REF063_OUT_Bos_taurus_Bovine__P80457	44.0	166	10	170	6	166	3.66e-36	133	384	1332
014_14_RA23_GMCF3029a.sc__NODE_15033_length_1535_cov_3.224324_1	REF065_OUT_Megalodesulfovibrio_gigas_Desulfovi_Q46509	34.0	150	32	178	23	163	8.84e-22	90.1	384	907
014_14_RA23_GMCF3029a.sc__NODE_18239_length_1413_cov_5.731959_2	REF066_OUT_Rhodobacter_capsulatus_Rhodopseudom_O54051	62.2	127	2	128	646	770	1.58e-49	161	138	777
014_14_RA23_GMCF3029a.sc__NODE_18239_length_1413_cov_5.731959_2	REF063_OUT_Bos_taurus_Bovine__P80457	52.7	129	2	124	1177	1305	1.78e-37	127	138	1332
014_14_RA23_GMCF3029a.sc__NODE_20093_length_1357_cov_4.139785_1	REF053_FII_Nocardioides_aquaticus_A0ABX8EDS7	30.6	108	4	108	193	297	2.70e-11	57.8	399	828
014_14_RA23_GMCF3029a.sc__NODE_21161_length_1326_cov_3.313139_1	REF064_OUT_Escherichia_coli_strain_K12__Q46799	32.8	119	267	379	620	738	1.08e-12	62.0	385	752
014_14_RA23_GMCF3029a.sc__NODE_21321_length_1322_cov_3.225730_1	REF036_FII_Calidithermus_roseus_A0A399EKG8	34.5	304	20	306	472	761	1.94e-41	145	312	764
014_14_RA23_GMCF3029a.sc__NODE_21321_length_1322_cov_3.225730_1	REF064_OUT_Escherichia_coli_strain_K12__Q46799	33.2	304	20	308	459	747	4.94e-39	139	312	752
014_14_RA23_GMCF3029a.sc__NODE_21321_length_1322_cov_3.225730_1	REF002_FI_Mycolicibacterium_smegmatis_strain__A0QQG4	35.2	304	20	305	500	792	1.15e-37	135	312	799
014_14_RA23_GMCF3029a.sc__NODE_21321_length_1322_cov_3.225730_1	REF016_FI_Mycobacterium_attenuatum_A0A498PSI1	34.6	306	20	305	503	795	1.16e-37	135	312	802
014_14_RA23_GMCF3029a.sc__NODE_21321_length_1322_cov_3.225730_1	REF023_FI_Rhodococcus_gordoniae_A0A379LVU4	34.6	306	20	305	498	790	1.56e-37	134	312	797
014_14_RA23_GMCF3029a.sc__NODE_21841_length_1308_cov_3.244214_1	REF065_OUT_Megalodesulfovibrio_gigas_Desulfovi_Q46509	47.3	55	3	57	6	60	3.90e-14	57.8	65	907
014_14_RA23_GMCF3029a.sc__NODE_22403_length_1293_cov_2.596123_2	REF065_OUT_Megalodesulfovibrio_gigas_Desulfovi_Q46509	41.6	149	3	147	6	154	2.51e-31	110	153	907
014_14_RA23_GMCF3029a.sc__NODE_22403_length_1293_cov_2.596123_2	REF063_OUT_Bos_taurus_Bovine__P80457	35.9	153	5	144	10	162	1.42e-22	85.9	153	1332
014_14_RA23_GMCF3029a.sc__NODE_22759_length_1284_cov_3.219691_1	REF042_FII_Actinomadura_macrotermitis_A0A7K0C220	25.6	227	119	332	164	389	3.10e-11	57.8	427	798
014_14_RA23_GMCF3029a.sc__NODE_22759_length_1284_cov_3.219691_1	REF057_FII_Rhodococcus_coprophilus_A0A2X4U3L5	25.0	224	122	332	181	403	5.44e-11	57.0	427	808
014_14_RA23_GMCF3029a.sc__NODE_25134_length_1230_cov_3.954894_2	REF057_FII_Rhodococcus_coprophilus_A0A2X4U3L5	29.8	198	1	185	207	403	1.57e-13	63.2	278	808
014_14_RA23_GMCF3029a.sc__NODE_25134_length_1230_cov_3.954894_2	REF042_FII_Actinomadura_macrotermitis_A0A7K0C220	27.3	198	1	185	193	389	7.21e-11	55.1	278	798
014_14_RA23_GMCF3029a.sc__NODE_28040_length_1174_cov_2.915996_1	REF064_OUT_Escherichia_coli_strain_K12__Q46799	35.3	136	42	169	604	737	2.41e-15	65.9	176	752
014_14_RA23_GMCF3029a.sc__NODE_28040_length_1174_cov_2.915996_1	REF047_FII_Meiothermus_granaticius_NBRC_107808_A0A399F9R8	35.0	120	43	156	635	753	1.76e-13	60.5	176	789
014_14_RA23_GMCF3029a.sc__NODE_28040_length_1174_cov_2.915996_1	REF036_FII_Calidithermus_roseus_A0A399EKG8	30.9	136	43	172	619	753	2.37e-13	60.1	176	764
014_14_RA23_GMCF3029a.sc__NODE_28040_length_1174_cov_2.915996_1	REF038_FII_Kyrpidia_spormannii_A0A2K8N8V7	29.4	136	43	171	632	766	5.01e-12	56.2	176	780
014_14_RA23_GMCF3029a.sc__NODE_28040_length_1174_cov_2.915996_1	REF061_FII_Streptomyces_smaragdinus_A0A7K0CAR3	33.0	115	51	156	640	751	6.81e-12	55.8	176	791
014_14_RA23_GMCF3029a.sc__NODE_28040_length_1174_cov_2.915996_2	REF065_OUT_Megalodesulfovibrio_gigas_Desulfovi_Q46509	46.6	148	21	164	6	153	4.08e-35	122	169	907
014_14_RA23_GMCF3029a.sc__NODE_28040_length_1174_cov_2.915996_2	REF063_OUT_Bos_taurus_Bovine__P80457	33.5	158	23	167	10	167	5.90e-24	90.5	169	1332
014_14_RA23_GMCF3029a.sc__NODE_29306_length_1149_cov_2.862888_2	REF065_OUT_Megalodesulfovibrio_gigas_Desulfovi_Q46509	43.2	125	2	121	30	154	5.00e-29	103	128	907
014_14_RA23_GMCF3029a.sc__NODE_29306_length_1149_cov_2.862888_2	REF063_OUT_Bos_taurus_Bovine__P80457	36.6	134	2	123	33	166	1.51e-22	84.7	128	1332
014_14_RA23_GMCF3029a.sc__NODE_31671_length_1109_cov_2.834915_2	REF002_FI_Mycolicibacterium_smegmatis_strain__A0QQG4	43.9	148	80	219	645	792	1.34e-30	112	235	799
014_14_RA23_GMCF3029a.sc__NODE_31671_length_1109_cov_2.834915_2	REF019_FI_Mycolicibacterium_chitae_Mycobacter_A0A448IBW4	43.2	148	80	219	642	789	3.36e-30	110	235	796
014_14_RA23_GMCF3029a.sc__NODE_31671_length_1109_cov_2.834915_2	REF016_FI_Mycobacterium_attenuatum_A0A498PSI1	41.9	148	80	219	648	795	3.37e-30	110	235	802
014_14_RA23_GMCF3029a.sc__NODE_31671_length_1109_cov_2.834915_2	REF061_FII_Streptomyces_smaragdinus_A0A7K0CAR3	39.9	148	80	219	630	777	6.20e-30	110	235	791
014_14_RA23_GMCF3029a.sc__NODE_31671_length_1109_cov_2.834915_2	REF023_FI_Rhodococcus_gordoniae_A0A379LVU4	42.0	150	80	219	643	790	1.15e-29	109	235	797
014_14_RA23_GMCF3029a.sc__NODE_32984_length_1088_cov_3.426912_1	REF063_OUT_Bos_taurus_Bovine__P80457	40.4	52	1	52	6	57	6.93e-11	48.5	64	1332
014_14_RA23_GMCF3029a.sc__NODE_36189_length_1045_cov_3.336364_1	REF063_OUT_Bos_taurus_Bovine__P80457	33.9	245	24	267	266	501	2.17e-36	130	268	1332
014_14_RA23_GMCF3029a.sc__NODE_38416_length_1017_cov_2.408524_1	REF066_OUT_Rhodobacter_capsulatus_Rhodopseudom_O54051	44.8	286	52	319	149	433	6.92e-71	228	338	777
014_14_RA23_GMCF3029a.sc__NODE_38416_length_1017_cov_2.408524_1	REF063_OUT_Bos_taurus_Bovine__P80457	38.2	327	1	326	666	990	1.42e-61	205	338	1332
014_14_RA23_GMCF3029a.sc__NODE_38416_length_1017_cov_2.408524_1	REF065_OUT_Megalodesulfovibrio_gigas_Desulfovi_Q46509	30.3	267	47	307	335	592	7.34e-30	113	338	907
014_14_RA23_GMCF3029a.sc__NODE_38416_length_1017_cov_2.408524_1	REF036_FII_Calidithermus_roseus_A0A399EKG8	30.3	290	2	279	113	399	1.23e-26	103	338	764
014_14_RA23_GMCF3029a.sc__NODE_38416_length_1017_cov_2.408524_1	REF064_OUT_Escherichia_coli_strain_K12__Q46799	27.2	276	49	322	154	425	5.45e-26	101	338	752
014_14_RA23_GMCF3029a.sc__NODE_38687_length_1013_cov_15.826722_1	REF063_OUT_Bos_taurus_Bovine__P80457	42.7	96	15	108	8	103	6.29e-21	79.3	111	1332
014_14_RA23_GMCF3029a.sc__NODE_38941_length_1010_cov_7.721466_2	REF063_OUT_Bos_taurus_Bovine__P80457	46.6	118	15	130	8	125	1.73e-32	113	130	1332
014_14_RA23_GMCF3029a.sc__NODE_38941_length_1010_cov_7.721466_2	REF065_OUT_Megalodesulfovibrio_gigas_Desulfovi_Q46509	41.1	95	35	128	25	110	4.41e-18	72.0	130	907
014_14_RA23_GMCF3029a.sc__NODE_41806_length_978_cov_3.163597_3	REF061_FII_Streptomyces_smaragdinus_A0A7K0CAR3	50.9	57	26	82	721	777	6.89e-13	55.1	82	791
014_14_RA23_GMCF3029a.sc__NODE_41806_length_978_cov_3.163597_3	REF042_FII_Actinomadura_macrotermitis_A0A7K0C220	43.8	73	9	81	701	773	6.90e-13	55.1	82	798
014_14_RA23_GMCF3029a.sc__NODE_41806_length_978_cov_3.163597_3	REF053_FII_Nocardioides_aquaticus_A0ABX8EDS7	55.6	54	28	81	737	790	1.76e-12	53.9	82	828
014_14_RA23_GMCF3029a.sc__NODE_41806_length_978_cov_3.163597_3	REF059_FII_Streptomonospora_litoralis_A0A4P6PZM8	51.9	54	28	81	733	786	1.57e-11	51.2	82	800
014_14_RA23_GMCF3029a.sc__NODE_44407_length_951_cov_2.453125_2	REF065_OUT_Megalodesulfovibrio_gigas_Desulfovi_Q46509	44.2	129	1	124	26	154	3.01e-29	103	131	907
014_14_RA23_GMCF3029a.sc__NODE_44407_length_951_cov_2.453125_2	REF063_OUT_Bos_taurus_Bovine__P80457	37.2	137	2	126	30	166	9.07e-23	85.5	131	1332
014_14_RA23_GMCF3029a.sc__NODE_44567_length_949_cov_3.372483_1	REF035_FII_Ardenticatena_maritima_A0A0M8K8I5	32.4	293	22	312	199	490	4.36e-49	167	316	789
014_14_RA23_GMCF3029a.sc__NODE_44567_length_949_cov_3.372483_1	REF038_FII_Kyrpidia_spormannii_A0A2K8N8V7	32.5	311	7	316	179	488	7.83e-49	167	316	780
014_14_RA23_GMCF3029a.sc__NODE_44567_length_949_cov_3.372483_1	REF044_FII_Sulfoacidibacillus_ferrooxidans_A0A9X1V6V7	32.3	285	8	292	180	463	2.04e-45	157	316	784
014_14_RA23_GMCF3029a.sc__NODE_44567_length_949_cov_3.372483_1	REF043_FII_Deinococcus_aluminii_A0ABP9XBM4	31.4	293	22	312	199	490	1.38e-44	155	316	796
014_14_RA23_GMCF3029a.sc__NODE_44567_length_949_cov_3.372483_1	REF054_FII_Cereibacter_sphaeroides_strain_ATCC_Q3J2E6	30.2	298	22	314	202	495	3.45e-44	154	316	790
014_14_RA23_GMCF3029a.sc__NODE_44682_length_948_cov_3.239642_1	REF064_OUT_Escherichia_coli_strain_K12__Q46799	24.9	269	3	228	2	269	2.59e-21	86.3	276	752
014_14_RA23_GMCF3029a.sc__NODE_44682_length_948_cov_3.239642_1	REF034_FII_Actinoallomurus_iriomotensis_A0A9W6W744	24.8	238	22	230	32	269	2.68e-13	62.4	276	751
014_14_RA23_GMCF3029a.sc__NODE_44682_length_948_cov_3.239642_1	REF020_FI_Maliponia_aquimaris_A0A238KQS5	24.6	281	12	242	33	308	1.65e-11	57.0	276	805
014_14_RA23_GMCF3029a.sc__NODE_44682_length_948_cov_3.239642_1	REF032_FI_Tepidimonas_aquatica_A0A554WCA0	21.9	311	3	261	21	331	2.94e-11	56.2	276	801
014_14_RA23_GMCF3029a.sc__NODE_44682_length_948_cov_3.239642_1	REF031_FI_Ruegeria_arenilitoris_A0A238KMA5	23.6	288	12	244	33	320	3.94e-11	55.8	276	805
014_14_RA23_GMCF3029a.sc__NODE_45542_length_940_cov_1.851977_1	REF063_OUT_Bos_taurus_Bovine__P80457	26.6	301	11	272	573	869	5.83e-13	62.0	303	1332
014_14_RA23_GMCF3029a.sc__NODE_45542_length_940_cov_1.851977_1	REF049_FII_Gandjariella_thermophila_A0A4D4J4W8	24.7	239	33	236	29	267	1.63e-12	60.5	303	752
014_14_RA23_GMCF3029a.sc__NODE_45542_length_940_cov_1.851977_1	REF064_OUT_Escherichia_coli_strain_K12__Q46799	33.7	98	143	238	174	271	5.22e-11	55.8	303	752
014_14_RA23_GMCF3029a.sc__NODE_46250_length_933_cov_3.162870_1	REF065_OUT_Megalodesulfovibrio_gigas_Desulfovi_Q46509	37.9	87	2	85	70	156	3.29e-16	64.7	86	907
014_14_RA23_GMCF3029a.sc__NODE_46809_length_928_cov_3.005727_1	REF066_OUT_Rhodobacter_capsulatus_Rhodopseudom_O54051	48.3	147	1	147	625	770	2.27e-41	139	159	777
014_14_RA23_GMCF3029a.sc__NODE_46809_length_928_cov_3.005727_1	REF063_OUT_Bos_taurus_Bovine__P80457	40.0	165	1	158	1156	1320	1.91e-34	120	159	1332
014_14_RA23_GMCF3029a.sc__NODE_46809_length_928_cov_3.005727_1	REF048_FII_Ascidiaceihabitans_donghaensis_A0A2R8BD61	34.5	148	1	143	640	781	5.12e-17	70.1	159	788
014_14_RA23_GMCF3029a.sc__NODE_46809_length_928_cov_3.005727_1	REF045_FII_Albidovulum_aquaemixtae_A0A2R8B4Q9	37.9	116	1	111	641	756	1.29e-16	68.9	159	788
014_14_RA23_GMCF3029a.sc__NODE_46809_length_928_cov_3.005727_1	REF060_FII_Donghicola_eburneus_A0A1M4N221	33.6	152	1	147	640	786	1.29e-16	68.9	159	788
014_14_RA23_GMCF3029a.sc__NODE_46941_length_927_cov_2.674312_1	REF066_OUT_Rhodobacter_capsulatus_Rhodopseudom_O54051	46.3	134	11	144	8	141	2.55e-32	114	168	777
014_14_RA23_GMCF3029a.sc__NODE_46941_length_927_cov_2.674312_1	REF063_OUT_Bos_taurus_Bovine__P80457	38.7	137	11	147	578	713	3.16e-22	85.5	168	1332
014_14_RA23_GMCF3029a.sc__NODE_46941_length_927_cov_2.674312_1	REF058_FII_Cupriavidus_laharis_A0ABM8XSX1	38.3	133	19	137	23	154	6.60e-19	75.9	168	791
014_14_RA23_GMCF3029a.sc__NODE_46941_length_927_cov_2.674312_1	REF034_FII_Actinoallomurus_iriomotensis_A0A9W6W744	38.3	115	23	135	21	133	7.68e-18	72.8	168	751
014_14_RA23_GMCF3029a.sc__NODE_46941_length_927_cov_2.674312_1	REF050_FII_Blastochloris_viridis_Rhodopseudomo_A0A0H5BCZ6	36.1	133	19	137	19	150	1.43e-17	72.0	168	788
014_14_RA23_GMCF3029a.sc__NODE_47734_length_920_cov_2.483237_1	REF066_OUT_Rhodobacter_capsulatus_Rhodopseudom_O54051	52.3	287	1	287	403	681	3.27e-95	291	306	777
014_14_RA23_GMCF3029a.sc__NODE_47734_length_920_cov_2.483237_1	REF063_OUT_Bos_taurus_Bovine__P80457	44.1	286	1	286	953	1211	4.27e-65	214	306	1332
014_14_RA23_GMCF3029a.sc__NODE_47734_length_920_cov_2.483237_1	REF035_FII_Ardenticatena_maritima_A0A0M8K8I5	28.6	241	64	289	479	697	2.82e-15	68.9	306	789
014_14_RA23_GMCF3029a.sc__NODE_47734_length_920_cov_2.483237_1	REF044_FII_Sulfoacidibacillus_ferrooxidans_A0A9X1V6V7	29.7	229	69	289	482	693	5.06e-15	68.2	306	784
014_14_RA23_GMCF3029a.sc__NODE_47734_length_920_cov_2.483237_1	REF017_FI_Meiothermus_granaticius_NBRC_107808_A0A399F476	30.8	227	66	286	497	704	6.82e-15	67.8	306	799
014_14_RA23_GMCF3029a.sc__NODE_50293_length_897_cov_2.600950_1	REF064_OUT_Escherichia_coli_strain_K12__Q46799	29.4	289	9	295	84	369	3.89e-32	118	298	752
014_14_RA23_GMCF3029a.sc__NODE_50293_length_897_cov_2.600950_1	REF066_OUT_Rhodobacter_capsulatus_Rhodopseudom_O54051	34.1	214	84	295	148	361	7.31e-27	103	298	777
014_14_RA23_GMCF3029a.sc__NODE_50293_length_897_cov_2.600950_1	REF034_FII_Actinoallomurus_iriomotensis_A0A9W6W744	27.2	290	7	295	80	367	2.21e-24	95.9	298	751
014_14_RA23_GMCF3029a.sc__NODE_50293_length_897_cov_2.600950_1	REF060_FII_Donghicola_eburneus_A0A1M4N221	28.9	298	12	295	99	391	3.05e-24	95.5	298	788
014_14_RA23_GMCF3029a.sc__NODE_50293_length_897_cov_2.600950_1	REF058_FII_Cupriavidus_laharis_A0ABM8XSX1	30.7	283	12	283	104	381	5.57e-24	94.7	298	791
014_14_RA23_GMCF3029a.sc__NODE_52461_length_879_cov_4.495146_1	REF066_OUT_Rhodobacter_capsulatus_Rhodopseudom_O54051	40.7	209	66	274	565	766	6.07e-41	143	285	777
014_14_RA23_GMCF3029a.sc__NODE_52461_length_879_cov_4.495146_1	REF063_OUT_Bos_taurus_Bovine__P80457	34.5	206	73	274	1102	1305	3.18e-30	112	285	1332
014_14_RA23_GMCF3029a.sc__NODE_53734_length_869_cov_2.367322_2	REF065_OUT_Megalodesulfovibrio_gigas_Desulfovi_Q46509	47.3	55	3	57	6	60	4.63e-15	60.1	59	907
014_14_RA23_GMCF3029a.sc__NODE_55518_length_855_cov_4.447253_1	REF064_OUT_Escherichia_coli_strain_K12__Q46799	22.9	231	9	237	157	381	4.21e-12	58.9	285	752
014_14_RA23_GMCF3029a.sc__NODE_56711_length_847_cov_1.547980_1	REF035_FII_Ardenticatena_maritima_A0A0M8K8I5	35.3	255	2	253	538	780	2.88e-28	106	264	789
014_14_RA23_GMCF3029a.sc__NODE_56711_length_847_cov_1.547980_1	REF052_FII_Bradyrhizobium_ivorense_A0A508SVN1	31.1	254	1	253	537	776	3.27e-27	103	264	779
014_14_RA23_GMCF3029a.sc__NODE_56711_length_847_cov_1.547980_1	REF054_FII_Cereibacter_sphaeroides_strain_ATCC_Q3J2E6	31.6	266	1	253	540	787	3.29e-27	103	264	790
014_14_RA23_GMCF3029a.sc__NODE_56711_length_847_cov_1.547980_1	REF002_FI_Mycolicibacterium_smegmatis_strain__A0QQG4	31.2	253	4	253	550	790	4.47e-27	102	264	799
014_14_RA23_GMCF3029a.sc__NODE_56711_length_847_cov_1.547980_1	REF019_FI_Mycolicibacterium_chitae_Mycobacter_A0A448IBW4	32.0	253	4	253	547	787	6.06e-27	102	264	796
014_14_RA23_GMCF3029a.sc__NODE_58962_length_831_cov_2.788660_1	REF023_FI_Rhodococcus_gordoniae_A0A379LVU4	34.2	120	21	131	663	781	5.58e-11	52.0	139	797
014_14_RA23_GMCF3029a.sc__NODE_60684_length_820_cov_2.312418_1	REF066_OUT_Rhodobacter_capsulatus_Rhodopseudom_O54051	39.2	291	1	273	334	614	1.39e-52	176	273	777
014_14_RA23_GMCF3029a.sc__NODE_60684_length_820_cov_2.312418_1	REF063_OUT_Bos_taurus_Bovine__P80457	36.4	272	1	272	904	1144	3.50e-44	152	273	1332
014_14_RA23_GMCF3029a.sc__NODE_60684_length_820_cov_2.312418_1	REF034_FII_Actinoallomurus_iriomotensis_A0A9W6W744	27.8	216	1	213	340	552	7.45e-15	67.0	273	751
014_14_RA23_GMCF3029a.sc__NODE_60684_length_820_cov_2.312418_1	REF049_FII_Gandjariella_thermophila_A0A4D4J4W8	27.8	216	1	213	341	552	1.35e-14	66.2	273	752
014_14_RA23_GMCF3029a.sc__NODE_60684_length_820_cov_2.312418_1	REF064_OUT_Escherichia_coli_strain_K12__Q46799	26.7	165	1	165	342	502	7.91e-14	63.9	273	752
014_14_RA23_GMCF3029a.sc__NODE_61019_length_818_cov_1.996068_1	REF065_OUT_Megalodesulfovibrio_gigas_Desulfovi_Q46509	51.0	51	4	54	856	906	2.73e-11	49.3	57	907
014_14_RA23_GMCF3029a.sc__NODE_62425_length_809_cov_2.538462_1	REF066_OUT_Rhodobacter_capsulatus_Rhodopseudom_O54051	61.6	268	2	269	446	713	3.55e-107	321	269	777
014_14_RA23_GMCF3029a.sc__NODE_62425_length_809_cov_2.538462_1	REF063_OUT_Bos_taurus_Bovine__P80457	46.5	269	1	269	995	1244	5.13e-71	229	269	1332
014_14_RA23_GMCF3029a.sc__NODE_62425_length_809_cov_2.538462_1	REF035_FII_Ardenticatena_maritima_A0A0M8K8I5	29.4	252	22	261	479	719	3.72e-22	88.6	269	789
014_14_RA23_GMCF3029a.sc__NODE_62425_length_809_cov_2.538462_1	REF039_FII_Luteitalea_pratensis_A0A143PSW7	28.4	243	27	261	489	720	4.60e-20	82.4	269	787
014_14_RA23_GMCF3029a.sc__NODE_62425_length_809_cov_2.538462_1	REF058_FII_Cupriavidus_laharis_A0ABM8XSX1	27.8	241	27	262	491	724	8.40e-20	81.6	269	791
014_14_RA23_GMCF3029a.sc__NODE_62608_length_808_cov_2.257636_2	REF063_OUT_Bos_taurus_Bovine__P80457	44.0	50	11	60	112	161	4.15e-13	55.1	69	1332
014_14_RA23_GMCF3029a.sc__NODE_62786_length_807_cov_2.372340_2	REF066_OUT_Rhodobacter_capsulatus_Rhodopseudom_O54051	56.9	130	1	130	1	130	5.54e-45	148	130	777
014_14_RA23_GMCF3029a.sc__NODE_62786_length_807_cov_2.372340_2	REF063_OUT_Bos_taurus_Bovine__P80457	35.7	129	2	130	572	699	9.62e-19	73.9	130	1332
014_14_RA23_GMCF3029a.sc__NODE_62786_length_807_cov_2.372340_2	REF065_OUT_Megalodesulfovibrio_gigas_Desulfovi_Q46509	37.4	123	8	119	181	303	1.59e-15	64.7	130	907
014_14_RA23_GMCF3029a.sc__NODE_62786_length_807_cov_2.372340_2	REF041_FII_Actibacterium_lipolyticum_A0A238JRA4	34.9	126	18	129	21	145	1.63e-13	58.9	130	765
014_14_RA23_GMCF3029a.sc__NODE_62786_length_807_cov_2.372340_2	REF011_FI_Actibacterium_lipolyticum_A0A238JPJ5	35.1	114	18	128	33	144	3.05e-13	58.2	130	806
014_14_RA23_GMCF3029a.sc__NODE_63521_length_802_cov_5.068273_2	REF065_OUT_Megalodesulfovibrio_gigas_Desulfovi_Q46509	49.1	57	3	59	5	61	2.94e-15	60.8	63	907
014_14_RA23_GMCF3029a.sc__NODE_63521_length_802_cov_5.068273_2	REF063_OUT_Bos_taurus_Bovine__P80457	56.5	46	6	50	10	55	7.40e-12	51.2	63	1332
014_14_RA23_GMCF3029a.sc__NODE_63947_length_800_cov_2.381208_1	REF063_OUT_Bos_taurus_Bovine__P80457	40.4	94	1	94	784	877	4.12e-20	76.3	95	1332
014_14_RA23_GMCF3029a.sc__NODE_63947_length_800_cov_2.381208_1	REF066_OUT_Rhodobacter_capsulatus_Rhodopseudom_O54051	38.5	91	1	91	214	304	3.15e-18	70.9	95	777
014_14_RA23_GMCF3029a.sc__NODE_63947_length_800_cov_2.381208_1	REF003_FI_Thermomicrobium_roseum_strain_ATCC__B9L450	37.6	85	2	86	236	319	1.36e-11	52.0	95	781
014_14_RA23_GMCF3029a.sc__NODE_64738_length_795_cov_3.024324_1	REF063_OUT_Bos_taurus_Bovine__P80457	50.9	57	3	59	97	153	4.80e-18	68.6	59	1332
014_14_RA23_GMCF3029a.sc__NODE_64738_length_795_cov_3.024324_1	REF065_OUT_Megalodesulfovibrio_gigas_Desulfovi_Q46509	46.7	60	2	59	83	142	8.65e-15	59.3	59	907
014_14_RA23_GMCF3029a.sc__NODE_65066_length_793_cov_3.224932_1	REF066_OUT_Rhodobacter_capsulatus_Rhodopseudom_O54051	65.1	258	1	258	122	378	4.60e-117	346	264	777
014_14_RA23_GMCF3029a.sc__NODE_65066_length_793_cov_3.224932_1	REF063_OUT_Bos_taurus_Bovine__P80457	42.4	257	2	257	692	947	5.14e-59	195	264	1332
014_14_RA23_GMCF3029a.sc__NODE_65066_length_793_cov_3.224932_1	REF064_OUT_Escherichia_coli_strain_K12__Q46799	30.5	269	2	255	125	383	4.39e-27	102	264	752
014_14_RA23_GMCF3029a.sc__NODE_65066_length_793_cov_3.224932_1	REF065_OUT_Megalodesulfovibrio_gigas_Desulfovi_Q46509	28.0	264	2	257	307	568	1.03e-22	90.1	264	907
014_14_RA23_GMCF3029a.sc__NODE_65066_length_793_cov_3.224932_1	REF059_FII_Streptomonospora_litoralis_A0A4P6PZM8	26.8	269	1	256	140	406	2.07e-18	77.4	264	800
014_14_RA23_GMCF3029a.sc__NODE_67037_length_782_cov_2.826685_1	REF064_OUT_Escherichia_coli_strain_K12__Q46799	29.9	134	20	146	608	738	2.10e-12	56.6	154	752
014_14_RA23_GMCF3029a.sc__NODE_67837_length_778_cov_2.665284_1	REF054_FII_Cereibacter_sphaeroides_strain_ATCC_Q3J2E6	37.2	94	4	97	477	570	4.06e-14	59.3	98	790
014_14_RA23_GMCF3029a.sc__NODE_67837_length_778_cov_2.665284_1	REF035_FII_Ardenticatena_maritima_A0A0M8K8I5	40.7	86	7	92	477	562	1.93e-13	57.4	98	789
014_14_RA23_GMCF3029a.sc__NODE_67837_length_778_cov_2.665284_1	REF004_FI_Thermogemmatispora_tikiterensis_A0A328VRJ9	37.8	90	8	97	482	571	2.34e-12	54.3	98	791
014_14_RA23_GMCF3029a.sc__NODE_67837_length_778_cov_2.665284_1	REF005_FI_Thermogemmatispora_aurantia_A0A5J4K876	37.8	90	8	97	482	571	2.34e-12	54.3	98	791
014_14_RA23_GMCF3029a.sc__NODE_67837_length_778_cov_2.665284_1	REF036_FII_Calidithermus_roseus_A0A399EKG8	37.0	81	18	98	470	550	3.18e-12	53.9	98	764
014_14_RA23_GMCF3029a.sc__NODE_70903_length_761_cov_3.079320_2	REF065_OUT_Megalodesulfovibrio_gigas_Desulfovi_Q46509	44.2	120	3	121	8	126	9.13e-30	105	124	907
014_14_RA23_GMCF3029a.sc__NODE_70903_length_761_cov_3.079320_2	REF063_OUT_Bos_taurus_Bovine__P80457	36.6	131	3	122	10	140	2.78e-23	86.7	124	1332
014_14_RA23_GMCF3029a.sc__NODE_73616_length_747_cov_4.726879_2	REF063_OUT_Bos_taurus_Bovine__P80457	37.7	61	2	61	99	159	3.47e-11	49.7	70	1332
014_14_RA23_GMCF3029a.sc__NODE_73756_length_747_cov_2.105491_1	REF064_OUT_Escherichia_coli_strain_K12__Q46799	35.1	211	12	213	340	538	6.90e-23	90.1	249	752
014_14_RA23_GMCF3029a.sc__NODE_73756_length_747_cov_2.105491_1	REF065_OUT_Megalodesulfovibrio_gigas_Desulfovi_Q46509	33.0	206	2	204	513	710	2.29e-20	82.8	249	907
014_14_RA23_GMCF3029a.sc__NODE_73756_length_747_cov_2.105491_1	REF057_FII_Rhodococcus_coprophilus_A0A2X4U3L5	28.0	261	4	247	355	611	1.53e-18	77.4	249	808
014_14_RA23_GMCF3029a.sc__NODE_73756_length_747_cov_2.105491_1	REF036_FII_Calidithermus_roseus_A0A399EKG8	29.9	214	11	215	355	552	2.26e-17	73.9	249	764
014_14_RA23_GMCF3029a.sc__NODE_73756_length_747_cov_2.105491_1	REF061_FII_Streptomyces_smaragdinus_A0A7K0CAR3	29.9	211	4	201	344	551	2.28e-17	73.9	249	791
014_14_RA23_GMCF3029a.sc__NODE_74140_length_745_cov_2.608696_1	REF066_OUT_Rhodobacter_capsulatus_Rhodopseudom_O54051	39.6	235	12	246	415	638	1.64e-45	155	247	777
014_14_RA23_GMCF3029a.sc__NODE_74140_length_745_cov_2.608696_1	REF063_OUT_Bos_taurus_Bovine__P80457	34.6	246	1	246	945	1169	5.36e-40	139	247	1332
014_14_RA23_GMCF3029a.sc__NODE_74379_length_744_cov_2.436865_1	REF054_FII_Cereibacter_sphaeroides_strain_ATCC_Q3J2E6	77.4	248	1	247	133	380	2.48e-133	388	247	790
014_14_RA23_GMCF3029a.sc__NODE_74379_length_744_cov_2.436865_1	REF045_FII_Albidovulum_aquaemixtae_A0A2R8B4Q9	69.1	246	2	247	134	379	5.56e-118	348	247	788
014_14_RA23_GMCF3029a.sc__NODE_74379_length_744_cov_2.436865_1	REF060_FII_Donghicola_eburneus_A0A1M4N221	69.2	247	2	247	134	380	4.78e-116	343	247	788
014_14_RA23_GMCF3029a.sc__NODE_74379_length_744_cov_2.436865_1	REF048_FII_Ascidiaceihabitans_donghaensis_A0A2R8BD61	64.4	247	2	247	134	380	1.79e-108	323	247	788
014_14_RA23_GMCF3029a.sc__NODE_74379_length_744_cov_2.436865_1	REF062_FII_Falsiruegeria_litorea_R37_A0A1Y5S8H3	64.0	247	2	247	134	380	1.61e-105	316	247	787
014_14_RA23_GMCF3029a.sc__NODE_77873_length_728_cov_2.378900_2	REF064_OUT_Escherichia_coli_strain_K12__Q46799	40.1	147	24	164	605	751	5.97e-32	113	166	752
014_14_RA23_GMCF3029a.sc__NODE_77873_length_728_cov_2.378900_2	REF061_FII_Streptomyces_smaragdinus_A0A7K0CAR3	39.0	146	22	159	631	776	4.75e-28	102	166	791
014_14_RA23_GMCF3029a.sc__NODE_77873_length_728_cov_2.378900_2	REF052_FII_Bradyrhizobium_ivorense_A0A508SVN1	40.7	140	26	160	639	778	4.13e-27	99.4	166	779
014_14_RA23_GMCF3029a.sc__NODE_77873_length_728_cov_2.378900_2	REF037_FII_Fibrella_aestuarina_BUZ_2_I0KFJ2	38.9	149	22	160	648	796	4.14e-27	99.4	166	796
014_14_RA23_GMCF3029a.sc__NODE_77873_length_728_cov_2.378900_2	REF035_FII_Ardenticatena_maritima_A0A0M8K8I5	37.2	148	22	161	636	783	9.09e-26	95.5	166	789
014_14_RA23_GMCF3029a.sc__NODE_79840_length_719_cov_3.614458_1	REF063_OUT_Bos_taurus_Bovine__P80457	39.1	233	7	238	652	884	9.46e-52	173	239	1332
014_14_RA23_GMCF3029a.sc__NODE_79840_length_719_cov_3.614458_1	REF066_OUT_Rhodobacter_capsulatus_Rhodopseudom_O54051	41.9	234	7	239	83	315	2.48e-49	165	239	777
014_14_RA23_GMCF3029a.sc__NODE_79840_length_719_cov_3.614458_1	REF065_OUT_Megalodesulfovibrio_gigas_Desulfovi_Q46509	27.8	227	7	222	267	489	3.12e-18	76.3	239	907
014_14_RA23_GMCF3029a.sc__NODE_79840_length_719_cov_3.614458_1	REF046_FII_Amycolatopsis_bartoniae_A0A8H9IQQ2	27.7	224	7	223	85	307	4.51e-17	72.8	239	752
014_14_RA23_GMCF3029a.sc__NODE_79840_length_719_cov_3.614458_1	REF034_FII_Actinoallomurus_iriomotensis_A0A9W6W744	27.5	240	7	239	84	321	1.50e-16	71.2	239	751
014_14_RA23_GMCF3029a.sc__NODE_81876_length_711_cov_2.336890_1	REF066_OUT_Rhodobacter_capsulatus_Rhodopseudom_O54051	43.0	251	1	231	188	438	2.20e-67	214	236	777
014_14_RA23_GMCF3029a.sc__NODE_81876_length_711_cov_2.336890_1	REF063_OUT_Bos_taurus_Bovine__P80457	39.0	231	1	231	758	988	1.31e-54	181	236	1332
014_14_RA23_GMCF3029a.sc__NODE_81876_length_711_cov_2.336890_1	REF064_OUT_Escherichia_coli_strain_K12__Q46799	29.6	199	3	195	199	390	2.01e-23	91.3	236	752
014_14_RA23_GMCF3029a.sc__NODE_81876_length_711_cov_2.336890_1	REF065_OUT_Megalodesulfovibrio_gigas_Desulfovi_Q46509	27.9	197	18	214	398	592	5.03e-21	84.3	236	907
014_14_RA23_GMCF3029a.sc__NODE_81876_length_711_cov_2.336890_1	REF042_FII_Actinomadura_macrotermitis_A0A7K0C220	27.2	191	5	194	209	398	1.74e-17	73.9	236	798
014_14_RA23_GMCF3029a.sc__NODE_82117_length_710_cov_2.177099_1	REF059_FII_Streptomonospora_litoralis_A0A4P6PZM8	35.5	93	3	94	226	318	2.29e-12	56.6	157	800
014_14_RA23_GMCF3029a.sc__NODE_82117_length_710_cov_2.177099_1	REF044_FII_Sulfoacidibacillus_ferrooxidans_A0A9X1V6V7	35.4	99	3	100	216	311	3.60e-11	53.1	157	784
014_14_RA23_GMCF3029a.sc__NODE_82264_length_709_cov_3.071865_1	REF066_OUT_Rhodobacter_capsulatus_Rhodopseudom_O54051	46.6	234	1	233	94	326	1.11e-62	202	236	777
014_14_RA23_GMCF3029a.sc__NODE_82264_length_709_cov_3.071865_1	REF063_OUT_Bos_taurus_Bovine__P80457	38.8	232	1	231	663	894	6.55e-48	162	236	1332
014_14_RA23_GMCF3029a.sc__NODE_82264_length_709_cov_3.071865_1	REF064_OUT_Escherichia_coli_strain_K12__Q46799	26.4	212	2	205	97	306	5.45e-20	81.3	236	752
014_14_RA23_GMCF3029a.sc__NODE_82264_length_709_cov_3.071865_1	REF065_OUT_Megalodesulfovibrio_gigas_Desulfovi_Q46509	25.4	213	2	205	279	489	7.34e-15	66.2	236	907
014_14_RA23_GMCF3029a.sc__NODE_82264_length_709_cov_3.071865_1	REF036_FII_Calidithermus_roseus_A0A399EKG8	26.9	223	2	205	110	321	2.22e-11	55.8	236	764
014_14_RA23_GMCF3029a.sc__NODE_86249_length_693_cov_2.487461_1	REF038_FII_Kyrpidia_spormannii_A0A2K8N8V7	47.8	113	2	114	6	116	2.49e-22	83.6	117	780
014_14_RA23_GMCF3029a.sc__NODE_86249_length_693_cov_2.487461_1	REF056_FII_Comamonas_aquatilis_A0ACE2T5A2	41.9	117	1	115	12	128	4.64e-22	82.8	117	795
014_14_RA23_GMCF3029a.sc__NODE_86249_length_693_cov_2.487461_1	REF050_FII_Blastochloris_viridis_Rhodopseudomo_A0A0H5BCZ6	41.0	117	1	115	6	122	1.18e-21	81.6	117	788
014_14_RA23_GMCF3029a.sc__NODE_86249_length_693_cov_2.487461_1	REF058_FII_Cupriavidus_laharis_A0ABM8XSX1	42.7	117	1	115	10	126	2.19e-21	80.9	117	791
014_14_RA23_GMCF3029a.sc__NODE_86249_length_693_cov_2.487461_1	REF045_FII_Albidovulum_aquaemixtae_A0A2R8B4Q9	39.1	115	1	115	7	121	4.08e-21	80.1	117	788
014_14_RA23_GMCF3029a.sc__NODE_87641_length_688_cov_1.666667_1	REF065_OUT_Megalodesulfovibrio_gigas_Desulfovi_Q46509	44.6	101	1	98	54	153	1.47e-20	77.8	101	907
014_14_RA23_GMCF3029a.sc__NODE_87641_length_688_cov_1.666667_1	REF063_OUT_Bos_taurus_Bovine__P80457	34.7	95	5	99	71	165	3.59e-17	68.2	101	1332
014_14_RA23_GMCF3029a.sc__NODE_87737_length_687_cov_3.446203_1	REF038_FII_Kyrpidia_spormannii_A0A2K8N8V7	38.3	227	1	227	548	771	1.08e-41	143	228	780
014_14_RA23_GMCF3029a.sc__NODE_87737_length_687_cov_3.446203_1	REF040_FII_Nitrolancea_hollandica_Lb_I4ED45	36.7	229	1	227	551	774	3.77e-41	142	228	784
014_14_RA23_GMCF3029a.sc__NODE_87737_length_687_cov_3.446203_1	REF061_FII_Streptomyces_smaragdinus_A0A7K0CAR3	36.7	229	1	227	549	772	1.81e-40	140	228	791
014_14_RA23_GMCF3029a.sc__NODE_87737_length_687_cov_3.446203_1	REF044_FII_Sulfoacidibacillus_ferrooxidans_A0A9X1V6V7	35.4	229	1	227	548	773	8.44e-40	138	228	784
014_14_RA23_GMCF3029a.sc__NODE_87737_length_687_cov_3.446203_1	REF042_FII_Actinomadura_macrotermitis_A0A7K0C220	35.9	209	19	227	564	769	1.03e-38	135	228	798
014_14_RA23_GMCF3029a.sc__NODE_87991_length_686_cov_3.906498_2	REF065_OUT_Megalodesulfovibrio_gigas_Desulfovi_Q46509	33.3	105	1	101	54	158	2.10e-15	63.2	102	907
014_14_RA23_GMCF3029a.sc__NODE_87991_length_686_cov_3.906498_2	REF063_OUT_Bos_taurus_Bovine__P80457	31.4	86	5	88	71	156	1.79e-11	52.0	102	1332
014_14_RA23_GMCF3029a.sc__NODE_89749_length_680_cov_2.577600_1	REF064_OUT_Escherichia_coli_strain_K12__Q46799	35.6	236	5	224	470	691	2.97e-29	107	226	752
014_14_RA23_GMCF3029a.sc__NODE_89749_length_680_cov_2.577600_1	REF012_FI_Bacillus_methanolicus_strain_MGA3_A_I3E8H4	35.0	226	10	220	503	714	2.99e-27	102	226	783
014_14_RA23_GMCF3029a.sc__NODE_89749_length_680_cov_2.577600_1	REF059_FII_Streptomonospora_litoralis_A0A4P6PZM8	35.8	232	5	220	506	724	5.55e-27	101	226	800
014_14_RA23_GMCF3029a.sc__NODE_89749_length_680_cov_2.577600_1	REF019_FI_Mycolicibacterium_chitae_Mycobacter_A0A448IBW4	35.1	228	10	220	513	726	7.53e-27	100	226	796
014_14_RA23_GMCF3029a.sc__NODE_89749_length_680_cov_2.577600_1	REF002_FI_Mycolicibacterium_smegmatis_strain__A0QQG4	33.8	228	10	220	516	729	2.56e-26	99.4	226	799
014_14_RA23_GMCF3029a.sc__NODE_91200_length_675_cov_1.690323_1	REF066_OUT_Rhodobacter_capsulatus_Rhodopseudom_O54051	34.7	95	8	101	83	177	1.63e-13	57.8	102	777
014_14_RA23_GMCF3029a.sc__NODE_93332_length_667_cov_3.160131_1	REF066_OUT_Rhodobacter_capsulatus_Rhodopseudom_O54051	50.3	189	34	222	155	342	4.35e-58	189	222	777
014_14_RA23_GMCF3029a.sc__NODE_93332_length_667_cov_3.160131_1	REF063_OUT_Bos_taurus_Bovine__P80457	40.8	223	2	222	691	912	2.19e-48	162	222	1332
014_14_RA23_GMCF3029a.sc__NODE_95571_length_660_cov_1.963636_1	REF066_OUT_Rhodobacter_capsulatus_Rhodopseudom_O54051	56.7	104	1	104	669	770	2.17e-34	117	114	777
014_14_RA23_GMCF3029a.sc__NODE_95571_length_660_cov_1.963636_1	REF063_OUT_Bos_taurus_Bovine__P80457	46.9	113	1	107	1200	1312	2.34e-27	97.8	114	1332
014_14_RA23_GMCF3029a.sc__NODE_96552_length_656_cov_5.925125_2	REF063_OUT_Bos_taurus_Bovine__P80457	41.5	82	4	84	85	166	2.36e-17	68.2	90	1332
014_14_RA23_GMCF3029a.sc__NODE_96552_length_656_cov_5.925125_2	REF065_OUT_Megalodesulfovibrio_gigas_Desulfovi_Q46509	37.8	82	3	82	72	153	2.50e-15	62.4	90	907
014_14_RA23_GMCF3029a.sc__NODE_98062_length_652_cov_1.770519_1	REF039_FII_Luteitalea_pratensis_A0A143PSW7	32.1	134	63	183	633	763	4.59e-12	57.0	199	787
014_14_RA23_GMCF3029a.sc__NODE_98062_length_652_cov_1.770519_1	REF023_FI_Rhodococcus_gordoniae_A0A379LVU4	32.3	127	62	182	644	769	2.08e-11	55.1	199	797
014_14_RA23_GMCF3029a.sc__NODE_98062_length_652_cov_1.770519_1	REF004_FI_Thermogemmatispora_tikiterensis_A0A328VRJ9	30.5	128	62	180	638	761	3.78e-11	54.3	199	791
014_14_RA23_GMCF3029a.sc__NODE_98062_length_652_cov_1.770519_1	REF047_FII_Meiothermus_granaticius_NBRC_107808_A0A399F9R8	30.1	133	62	182	633	758	5.11e-11	53.9	199	789
014_14_RA23_GMCF3029a.sc__NODE_98062_length_652_cov_1.770519_1	REF044_FII_Sulfoacidibacillus_ferrooxidans_A0A9X1V6V7	31.8	132	74	196	640	764	9.31e-11	53.1	199	784
014_14_RA23_GMCF3029a.sc__NODE_98472_length_650_cov_3.324370_2	REF065_OUT_Megalodesulfovibrio_gigas_Desulfovi_Q46509	41.0	61	1	59	90	150	9.31e-13	53.9	66	907
014_14_RA23_GMCF3029a.sc__NODE_98472_length_650_cov_3.324370_2	REF063_OUT_Bos_taurus_Bovine__P80457	51.3	39	10	48	112	150	2.15e-11	50.1	66	1332
014_14_RA23_GMCF3029a.sc__NODE_98557_length_650_cov_2.534454_1	REF066_OUT_Rhodobacter_capsulatus_Rhodopseudom_O54051	47.1	204	2	204	32	234	5.35e-53	174	216	777
014_14_RA23_GMCF3029a.sc__NODE_98557_length_650_cov_2.534454_1	REF063_OUT_Bos_taurus_Bovine__P80457	38.1	215	3	216	603	816	2.72e-38	133	216	1332
014_14_RA23_GMCF3029a.sc__NODE_98557_length_650_cov_2.534454_1	REF065_OUT_Megalodesulfovibrio_gigas_Desulfovi_Q46509	29.9	221	1	203	206	426	5.40e-19	77.8	216	907
014_14_RA23_GMCF3029a.sc__NODE_98557_length_650_cov_2.534454_1	REF046_FII_Amycolatopsis_bartoniae_A0A8H9IQQ2	31.1	209	1	201	34	240	3.06e-16	69.7	216	752
014_14_RA23_GMCF3029a.sc__NODE_98557_length_650_cov_2.534454_1	REF058_FII_Cupriavidus_laharis_A0ABM8XSX1	30.0	217	10	201	46	262	3.09e-16	69.7	216	791
014_14_RA23_GMCF3029a.sc__NODE_99092_length_648_cov_5.779089_1	REF064_OUT_Escherichia_coli_strain_K12__Q46799	28.2	170	21	184	103	269	5.67e-13	60.1	215	752
014_14_RA23_GMCF3029a.sc__NODE_99932_length_646_cov_2.160745_1	REF063_OUT_Bos_taurus_Bovine__P80457	44.7	161	9	166	8	167	8.95e-41	139	193	1332
014_14_RA23_GMCF3029a.sc__NODE_99932_length_646_cov_2.160745_1	REF065_OUT_Megalodesulfovibrio_gigas_Desulfovi_Q46509	39.5	147	21	164	17	154	1.83e-28	104	193	907
014_14_RA23_GMCF3029a.sc__NODE_101100_length_642_cov_2.936968_1	REF063_OUT_Bos_taurus_Bovine__P80457	45.8	144	9	147	23	165	4.03e-35	124	213	1332
014_14_RA23_GMCF3029a.sc__NODE_101100_length_642_cov_2.936968_1	REF065_OUT_Megalodesulfovibrio_gigas_Desulfovi_Q46509	39.0	146	8	149	19	156	3.93e-27	101	213	907
014_14_RA23_GMCF3029a.sc__NODE_101486_length_641_cov_2.409556_2	REF063_OUT_Bos_taurus_Bovine__P80457	47.9	119	5	117	8	126	3.08e-31	109	124	1332
014_14_RA23_GMCF3029a.sc__NODE_101486_length_641_cov_2.409556_2	REF065_OUT_Megalodesulfovibrio_gigas_Desulfovi_Q46509	43.0	93	23	114	23	110	5.30e-21	80.1	124	907
014_14_RA23_GMCF3029a.sc__NODE_103224_length_636_cov_1.874355_1	REF066_OUT_Rhodobacter_capsulatus_Rhodopseudom_O54051	69.5	210	1	210	479	688	6.10e-98	294	211	777
014_14_RA23_GMCF3029a.sc__NODE_103224_length_636_cov_1.874355_1	REF063_OUT_Bos_taurus_Bovine__P80457	43.8	210	1	210	1029	1219	1.77e-47	159	211	1332
014_14_RA23_GMCF3029a.sc__NODE_103224_length_636_cov_1.874355_1	REF058_FII_Cupriavidus_laharis_A0ABM8XSX1	30.6	216	6	210	504	706	3.91e-18	75.1	211	791
014_14_RA23_GMCF3029a.sc__NODE_103224_length_636_cov_1.874355_1	REF043_FII_Deinococcus_aluminii_A0ABP9XBM4	28.2	220	1	210	496	702	1.32e-17	73.6	211	796
014_14_RA23_GMCF3029a.sc__NODE_103224_length_636_cov_1.874355_1	REF038_FII_Kyrpidia_spormannii_A0A2K8N8V7	28.8	215	6	210	495	696	2.42e-17	72.8	211	780
014_14_RA23_GMCF3029a.sc__NODE_104788_length_631_cov_2.480903_1	REF064_OUT_Escherichia_coli_strain_K12__Q46799	35.7	207	3	207	226	431	7.04e-32	114	209	752
014_14_RA23_GMCF3029a.sc__NODE_104788_length_631_cov_2.480903_1	REF065_OUT_Megalodesulfovibrio_gigas_Desulfovi_Q46509	31.7	208	1	208	408	614	7.38e-32	114	209	907
014_14_RA23_GMCF3029a.sc__NODE_104788_length_631_cov_2.480903_1	REF059_FII_Streptomonospora_litoralis_A0A4P6PZM8	35.7	182	2	175	246	424	9.98e-26	97.1	209	800
014_14_RA23_GMCF3029a.sc__NODE_104788_length_631_cov_2.480903_1	REF040_FII_Nitrolancea_hollandica_Lb_I4ED45	33.5	200	2	189	239	435	1.16e-24	94.0	209	784
014_14_RA23_GMCF3029a.sc__NODE_104788_length_631_cov_2.480903_1	REF035_FII_Ardenticatena_maritima_A0A0M8K8I5	35.5	166	2	159	242	402	2.91e-24	92.8	209	789
014_14_RA23_GMCF3029a.sc__NODE_107102_length_625_cov_2.145614_1	REF066_OUT_Rhodobacter_capsulatus_Rhodopseudom_O54051	44.1	161	2	162	452	610	7.42e-37	127	162	777
014_14_RA23_GMCF3029a.sc__NODE_107102_length_625_cov_2.145614_1	REF063_OUT_Bos_taurus_Bovine__P80457	40.1	157	1	157	1001	1136	1.74e-28	103	162	1332
014_14_RA23_GMCF3029a.sc__NODE_107922_length_622_cov_4.218695_1	REF063_OUT_Bos_taurus_Bovine__P80457	51.5	99	11	108	62	158	2.19e-28	103	178	1332
014_14_RA23_GMCF3029a.sc__NODE_107922_length_622_cov_4.218695_1	REF065_OUT_Megalodesulfovibrio_gigas_Desulfovi_Q46509	34.1	132	31	160	70	194	1.21e-14	63.9	178	907
014_14_RA23_GMCF3029a.sc__NODE_108180_length_622_cov_1.761905_1	REF063_OUT_Bos_taurus_Bovine__P80457	44.9	156	24	178	8	158	1.09e-38	134	207	1332
014_14_RA23_GMCF3029a.sc__NODE_108180_length_622_cov_1.761905_1	REF065_OUT_Megalodesulfovibrio_gigas_Desulfovi_Q46509	33.3	165	28	183	3	152	5.16e-22	86.3	207	907
014_14_RA23_GMCF3029a.sc__NODE_109796_length_617_cov_3.980427_1	REF063_OUT_Bos_taurus_Bovine__P80457	43.7	199	3	200	738	936	2.42e-53	176	205	1332
014_14_RA23_GMCF3029a.sc__NODE_109796_length_617_cov_3.980427_1	REF066_OUT_Rhodobacter_capsulatus_Rhodopseudom_O54051	42.2	199	3	201	170	367	9.11e-48	159	205	777
014_14_RA23_GMCF3029a.sc__NODE_109796_length_617_cov_3.980427_1	REF064_OUT_Escherichia_coli_strain_K12__Q46799	32.5	200	5	201	180	375	3.49e-24	92.4	205	752
014_14_RA23_GMCF3029a.sc__NODE_109796_length_617_cov_3.980427_1	REF034_FII_Actinoallomurus_iriomotensis_A0A9W6W744	28.9	180	24	201	197	373	2.14e-19	78.6	205	751
014_14_RA23_GMCF3029a.sc__NODE_109796_length_617_cov_3.980427_1	REF049_FII_Gandjariella_thermophila_A0A4D4J4W8	31.8	201	9	201	182	374	2.14e-19	78.6	205	752
014_14_RA23_GMCF3029a.sc__NODE_112054_length_611_cov_6.758993_2	REF066_OUT_Rhodobacter_capsulatus_Rhodopseudom_O54051	57.9	95	1	95	678	770	2.66e-31	108	105	777
014_14_RA23_GMCF3029a.sc__NODE_112054_length_611_cov_6.758993_2	REF063_OUT_Bos_taurus_Bovine__P80457	47.1	102	1	96	1209	1310	1.20e-22	84.0	105	1332
014_14_RA23_GMCF3029a.sc__NODE_113036_length_609_cov_1.787004_2	REF035_FII_Ardenticatena_maritima_A0A0M8K8I5	37.9	124	23	136	21	143	1.81e-21	82.0	138	789
014_14_RA23_GMCF3029a.sc__NODE_113036_length_609_cov_1.787004_2	REF026_FI_Polymorphum_gilvum_strain_LMG_25793_F2IW51	35.2	125	17	136	25	146	8.88e-19	74.3	138	806
014_14_RA23_GMCF3029a.sc__NODE_113036_length_609_cov_1.787004_2	REF063_OUT_Bos_taurus_Bovine__P80457	33.9	121	14	134	577	696	9.27e-19	74.3	138	1332
014_14_RA23_GMCF3029a.sc__NODE_113036_length_609_cov_1.787004_2	REF066_OUT_Rhodobacter_capsulatus_Rhodopseudom_O54051	33.9	118	12	129	5	122	1.64e-18	73.6	138	777
014_14_RA23_GMCF3029a.sc__NODE_113036_length_609_cov_1.787004_2	REF003_FI_Thermomicrobium_roseum_strain_ATCC__B9L450	33.3	138	4	138	12	139	7.74e-18	71.6	138	781
014_14_RA23_GMCF3029a.sc__NODE_114601_length_605_cov_1.585455_2	REF065_OUT_Megalodesulfovibrio_gigas_Desulfovi_Q46509	43.0	79	3	80	54	132	7.49e-19	72.0	82	907
014_14_RA23_GMCF3029a.sc__NODE_114601_length_605_cov_1.585455_2	REF063_OUT_Bos_taurus_Bovine__P80457	38.4	73	5	76	69	141	5.13e-13	55.5	82	1332
014_14_RA23_GMCF3029a.sc__NODE_114699_length_604_cov_3.688525_2	REF063_OUT_Bos_taurus_Bovine__P80457	35.1	148	1	144	354	500	6.41e-18	73.2	170	1332
014_14_RA23_GMCF3029a.sc__NODE_115036_length_603_cov_4.122263_1	REF066_OUT_Rhodobacter_capsulatus_Rhodopseudom_O54051	59.1	198	3	200	572	767	1.71e-78	243	200	777
014_14_RA23_GMCF3029a.sc__NODE_115036_length_603_cov_4.122263_1	REF063_OUT_Bos_taurus_Bovine__P80457	49.5	194	12	199	1112	1305	4.93e-55	181	200	1332
014_14_RA23_GMCF3029a.sc__NODE_115036_length_603_cov_4.122263_1	REF035_FII_Ardenticatena_maritima_A0A0M8K8I5	30.8	201	9	199	598	777	2.18e-18	75.5	200	789
014_14_RA23_GMCF3029a.sc__NODE_115036_length_603_cov_4.122263_1	REF041_FII_Actibacterium_lipolyticum_A0A238JRA4	37.0	81	56	136	615	695	2.27e-13	60.8	200	765
014_14_RA23_GMCF3029a.sc__NODE_116750_length_599_cov_2.194853_1	REF065_OUT_Megalodesulfovibrio_gigas_Desulfovi_Q46509	37.7	130	16	140	26	155	1.29e-23	88.6	147	907
014_14_RA23_GMCF3029a.sc__NODE_116750_length_599_cov_2.194853_1	REF063_OUT_Bos_taurus_Bovine__P80457	30.0	140	4	130	17	156	6.93e-17	69.3	147	1332
014_14_RA23_GMCF3029a.sc__NODE_118206_length_595_cov_3.135185_1	REF063_OUT_Bos_taurus_Bovine__P80457	43.5	154	14	158	5	158	3.95e-34	120	198	1332
014_14_RA23_GMCF3029a.sc__NODE_118206_length_595_cov_3.135185_1	REF065_OUT_Megalodesulfovibrio_gigas_Desulfovi_Q46509	44.7	141	35	165	23	154	1.84e-27	101	198	907
014_14_RA23_GMCF3029a.sc__NODE_119942_length_591_cov_2.246269_1	REF032_FI_Tepidimonas_aquatica_A0A554WCA0	82.4	165	19	183	619	783	2.39e-100	300	196	801
014_14_RA23_GMCF3029a.sc__NODE_119942_length_591_cov_2.246269_1	REF010_FI_Cupriavidus_laharis_A0ABM8WM43	80.6	165	19	183	621	785	2.49e-100	300	196	803
014_14_RA23_GMCF3029a.sc__NODE_119942_length_591_cov_2.246269_1	REF008_FI_Paraburkholderia_xenovorans_strain__Q13YL7	81.2	165	19	183	621	785	9.68e-100	299	196	803
014_14_RA23_GMCF3029a.sc__NODE_119942_length_591_cov_2.246269_1	REF009_FI_Cupriavidus_numazuensis_A0ABM8THX1	80.6	165	19	183	622	786	9.87e-100	299	196	804
014_14_RA23_GMCF3029a.sc__NODE_119942_length_591_cov_2.246269_1	REF007_FI_Paraburkholderia_xenovorans_strain__Q13IY1	80.6	165	19	183	621	785	1.91e-99	298	196	803
014_14_RA23_GMCF3029a.sc__NODE_121172_length_588_cov_2.335835_1	REF065_OUT_Megalodesulfovibrio_gigas_Desulfovi_Q46509	36.8	114	1	112	2	115	8.73e-21	79.0	112	907
014_14_RA23_GMCF3029a.sc__NODE_121172_length_588_cov_2.335835_1	REF063_OUT_Bos_taurus_Bovine__P80457	33.3	108	17	112	21	128	2.89e-17	68.9	112	1332
014_14_RA23_GMCF3029a.sc__NODE_122004_length_586_cov_2.327684_1	REF063_OUT_Bos_taurus_Bovine__P80457	36.6	191	2	191	670	860	1.88e-36	127	195	1332
014_14_RA23_GMCF3029a.sc__NODE_122004_length_586_cov_2.327684_1	REF066_OUT_Rhodobacter_capsulatus_Rhodopseudom_O54051	37.8	188	1	187	100	286	6.06e-34	120	195	777
014_14_RA23_GMCF3029a.sc__NODE_122004_length_586_cov_2.327684_1	REF064_OUT_Escherichia_coli_strain_K12__Q46799	28.9	197	1	190	102	297	1.65e-23	90.1	195	752
014_14_RA23_GMCF3029a.sc__NODE_122004_length_586_cov_2.327684_1	REF004_FI_Thermogemmatispora_tikiterensis_A0A328VRJ9	30.6	206	2	189	113	317	8.97e-20	79.3	195	791
014_14_RA23_GMCF3029a.sc__NODE_122004_length_586_cov_2.327684_1	REF005_FI_Thermogemmatispora_aurantia_A0A5J4K876	30.1	206	2	189	113	317	2.25e-19	78.2	195	791
014_14_RA23_GMCF3029a.sc__NODE_127463_length_574_cov_1.868979_1	REF064_OUT_Escherichia_coli_strain_K12__Q46799	40.7	113	11	117	605	717	3.15e-25	93.6	157	752
014_14_RA23_GMCF3029a.sc__NODE_127463_length_574_cov_1.868979_1	REF061_FII_Streptomyces_smaragdinus_A0A7K0CAR3	42.1	107	9	110	631	737	3.76e-24	90.5	157	791
014_14_RA23_GMCF3029a.sc__NODE_127463_length_574_cov_1.868979_1	REF056_FII_Comamonas_aquatilis_A0ACE2T5A2	41.0	105	12	110	647	751	6.09e-23	87.0	157	795
014_14_RA23_GMCF3029a.sc__NODE_127463_length_574_cov_1.868979_1	REF042_FII_Actinomadura_macrotermitis_A0A7K0C220	41.1	107	9	110	628	734	8.30e-23	86.7	157	798
014_14_RA23_GMCF3029a.sc__NODE_127463_length_574_cov_1.868979_1	REF035_FII_Ardenticatena_maritima_A0A0M8K8I5	41.7	108	8	110	635	742	1.13e-22	86.3	157	789
014_14_RA23_GMCF3029a.sc__NODE_128453_length_572_cov_1.481625_1	REF063_OUT_Bos_taurus_Bovine__P80457	30.6	160	15	171	341	500	1.32e-18	75.9	190	1332
014_14_RA23_GMCF3029a.sc__NODE_129045_length_570_cov_3.174757_1	REF066_OUT_Rhodobacter_capsulatus_Rhodopseudom_O54051	58.7	189	1	189	75	262	1.46e-66	210	189	777
014_14_RA23_GMCF3029a.sc__NODE_129045_length_570_cov_3.174757_1	REF063_OUT_Bos_taurus_Bovine__P80457	39.1	184	7	189	650	832	8.51e-35	122	189	1332
014_14_RA23_GMCF3029a.sc__NODE_129045_length_570_cov_3.174757_1	REF064_OUT_Escherichia_coli_strain_K12__Q46799	30.5	187	8	188	85	269	7.46e-18	73.6	189	752
014_14_RA23_GMCF3029a.sc__NODE_129045_length_570_cov_3.174757_1	REF034_FII_Actinoallomurus_iriomotensis_A0A9W6W744	30.4	161	9	158	84	238	1.54e-14	63.9	189	751
014_14_RA23_GMCF3029a.sc__NODE_129045_length_570_cov_3.174757_1	REF036_FII_Calidithermus_roseus_A0A399EKG8	31.9	163	10	158	99	255	3.67e-12	57.0	189	764
014_14_RA23_GMCF3029a.sc__NODE_129654_length_569_cov_2.235409_1	REF065_OUT_Megalodesulfovibrio_gigas_Desulfovi_Q46509	49.1	55	13	67	6	60	1.06e-12	54.3	77	907
014_14_RA23_GMCF3029a.sc__NODE_129815_length_569_cov_1.655642_1	REF049_FII_Gandjariella_thermophila_A0A4D4J4W8	36.4	110	10	116	194	297	3.96e-14	61.6	155	752
014_14_RA23_GMCF3029a.sc__NODE_129815_length_569_cov_1.655642_1	REF011_FI_Actibacterium_lipolyticum_A0A238JPJ5	35.0	100	10	108	227	326	3.44e-13	58.9	155	806
014_14_RA23_GMCF3029a.sc__NODE_129815_length_569_cov_1.655642_1	REF014_FI_Deinococcus_caeni_A0ABP9UI58	31.8	110	3	109	209	316	8.63e-13	57.8	155	792
014_14_RA23_GMCF3029a.sc__NODE_129815_length_569_cov_1.655642_1	REF046_FII_Amycolatopsis_bartoniae_A0A8H9IQQ2	32.3	99	10	107	196	294	1.58e-12	57.0	155	752
014_14_RA23_GMCF3029a.sc__NODE_129815_length_569_cov_1.655642_1	REF030_FI_Roseovarius_gaetbuli_A0A1X6ZH08	33.3	111	3	111	218	328	2.17e-12	56.6	155	805
014_14_RA23_GMCF3029a.sc__NODE_131386_length_565_cov_3.019608_1	REF066_OUT_Rhodobacter_capsulatus_Rhodopseudom_O54051	43.9	180	10	188	8	187	1.62e-40	138	188	777
014_14_RA23_GMCF3029a.sc__NODE_131386_length_565_cov_3.019608_1	REF063_OUT_Bos_taurus_Bovine__P80457	39.3	178	10	187	578	754	2.46e-33	118	188	1332
014_14_RA23_GMCF3029a.sc__NODE_131386_length_565_cov_3.019608_1	REF058_FII_Cupriavidus_laharis_A0ABM8XSX1	37.4	131	18	134	23	152	1.35e-17	72.8	188	791
014_14_RA23_GMCF3029a.sc__NODE_131386_length_565_cov_3.019608_1	REF065_OUT_Megalodesulfovibrio_gigas_Desulfovi_Q46509	30.3	198	7	184	178	375	4.70e-17	71.2	188	907
014_14_RA23_GMCF3029a.sc__NODE_131386_length_565_cov_3.019608_1	REF034_FII_Actinoallomurus_iriomotensis_A0A9W6W744	32.5	123	24	144	23	143	1.14e-16	70.1	188	751
014_14_RA23_GMCF3029a.sc__NODE_131759_length_564_cov_4.151277_1	REF063_OUT_Bos_taurus_Bovine__P80457	42.8	187	1	187	1106	1268	1.22e-46	156	187	1332
014_14_RA23_GMCF3029a.sc__NODE_131759_length_564_cov_4.151277_1	REF066_OUT_Rhodobacter_capsulatus_Rhodopseudom_O54051	44.3	176	11	186	585	736	6.89e-42	142	187	777
014_14_RA23_GMCF3029a.sc__NODE_135306_length_557_cov_2.340637_1	REF066_OUT_Rhodobacter_capsulatus_Rhodopseudom_O54051	65.0	163	1	163	182	343	5.03e-72	224	163	777
014_14_RA23_GMCF3029a.sc__NODE_135306_length_557_cov_2.340637_1	REF063_OUT_Bos_taurus_Bovine__P80457	40.5	158	6	163	756	913	1.31e-37	129	163	1332
014_14_RA23_GMCF3029a.sc__NODE_140518_length_547_cov_2.101626_1	REF065_OUT_Megalodesulfovibrio_gigas_Desulfovi_Q46509	36.9	65	5	69	6	70	1.74e-11	51.6	93	907
014_14_RA23_GMCF3029a.sc__NODE_140518_length_547_cov_2.101626_1	REF063_OUT_Bos_taurus_Bovine__P80457	54.3	46	7	51	10	55	6.17e-11	50.1	93	1332
014_14_RA23_GMCF3029a.sc__NODE_141336_length_545_cov_3.773469_1	REF063_OUT_Bos_taurus_Bovine__P80457	28.1	153	8	155	332	484	2.88e-13	60.1	181	1332
014_14_RA23_GMCF3029a.sc__NODE_142695_length_543_cov_1.733607_1	REF066_OUT_Rhodobacter_capsulatus_Rhodopseudom_O54051	40.5	121	7	127	602	722	3.54e-28	100	131	777
014_14_RA23_GMCF3029a.sc__NODE_142695_length_543_cov_1.733607_1	REF063_OUT_Bos_taurus_Bovine__P80457	38.0	121	7	127	1133	1253	3.58e-23	86.7	131	1332
014_14_RA23_GMCF3029a.sc__NODE_142695_length_543_cov_1.733607_1	REF061_FII_Streptomyces_smaragdinus_A0A7K0CAR3	36.6	93	29	121	633	722	1.75e-11	53.1	131	791
014_14_RA23_GMCF3029a.sc__NODE_142695_length_543_cov_1.733607_1	REF042_FII_Actinomadura_macrotermitis_A0A7K0C220	30.8	120	10	128	613	730	2.39e-11	52.8	131	798
014_14_RA23_GMCF3029a.sc__NODE_142695_length_543_cov_1.733607_1	REF056_FII_Comamonas_aquatilis_A0ACE2T5A2	39.5	76	30	104	647	722	3.25e-11	52.4	131	795
014_14_RA23_GMCF3029a.sc__NODE_145250_length_538_cov_2.155280_3	REF066_OUT_Rhodobacter_capsulatus_Rhodopseudom_O54051	68.4	38	1	38	1	38	1.56e-16	63.2	39	777
014_14_RA23_GMCF3029a.sc__NODE_150042_length_529_cov_2.995781_1	REF036_FII_Calidithermus_roseus_A0A399EKG8	31.6	117	14	124	645	761	2.34e-12	55.5	126	764
014_14_RA23_GMCF3029a.sc__NODE_150042_length_529_cov_2.995781_1	REF064_OUT_Escherichia_coli_strain_K12__Q46799	33.0	112	14	118	631	742	3.19e-12	55.1	126	752
014_14_RA23_GMCF3029a.sc__NODE_150258_length_529_cov_2.002110_1	REF041_FII_Actibacterium_lipolyticum_A0A238JRA4	53.3	45	1	45	684	728	1.79e-12	52.0	45	765
014_14_RA23_GMCF3029a.sc__NODE_150729_length_528_cov_2.348837_1	REF065_OUT_Megalodesulfovibrio_gigas_Desulfovi_Q46509	45.2	73	18	89	8	80	1.78e-15	66.2	175	907
014_14_RA23_GMCF3029a.sc__NODE_150729_length_528_cov_2.348837_1	REF063_OUT_Bos_taurus_Bovine__P80457	35.7	84	18	90	10	93	9.58e-12	55.5	175	1332
014_14_RA23_GMCF3029a.sc__NODE_151886_length_526_cov_2.195329_2	REF065_OUT_Megalodesulfovibrio_gigas_Desulfovi_Q46509	36.2	116	5	118	8	123	5.83e-21	79.7	118	907
014_14_RA23_GMCF3029a.sc__NODE_151886_length_526_cov_2.195329_2	REF063_OUT_Bos_taurus_Bovine__P80457	37.5	120	3	109	8	127	8.61e-19	73.6	118	1332
014_14_RA23_GMCF3029a.sc__NODE_152801_length_524_cov_7.614072_1	REF066_OUT_Rhodobacter_capsulatus_Rhodopseudom_O54051	51.7	174	1	174	336	501	9.78e-51	166	174	777
014_14_RA23_GMCF3029a.sc__NODE_152801_length_524_cov_7.614072_1	REF063_OUT_Bos_taurus_Bovine__P80457	40.5	173	2	174	907	1051	1.28e-34	121	174	1332
014_14_RA23_GMCF3029a.sc__NODE_152801_length_524_cov_7.614072_1	REF064_OUT_Escherichia_coli_strain_K12__Q46799	28.2	170	5	174	348	487	7.35e-11	52.8	174	752
014_14_RA23_GMCF3029a.sc__NODE_153775_length_523_cov_1.965812_2	REF066_OUT_Rhodobacter_capsulatus_Rhodopseudom_O54051	59.6	146	1	146	584	728	7.72e-57	182	151	777
014_14_RA23_GMCF3029a.sc__NODE_153775_length_523_cov_1.965812_2	REF063_OUT_Bos_taurus_Bovine__P80457	54.0	126	10	135	1124	1249	1.20e-42	143	151	1332
014_14_RA23_GMCF3029a.sc__NODE_153775_length_523_cov_1.965812_2	REF044_FII_Sulfoacidibacillus_ferrooxidans_A0A9X1V6V7	32.5	114	8	116	598	709	1.05e-12	57.4	151	784
014_14_RA23_GMCF3029a.sc__NODE_153775_length_523_cov_1.965812_2	REF038_FII_Kyrpidia_spormannii_A0A2K8N8V7	34.9	86	37	122	628	713	1.94e-12	56.6	151	780
014_14_RA23_GMCF3029a.sc__NODE_153775_length_523_cov_1.965812_2	REF008_FI_Paraburkholderia_xenovorans_strain__Q13YL7	34.1	88	35	122	646	733	3.60e-12	55.8	151	803
014_14_RA23_GMCF3029a.sc__NODE_156308_length_519_cov_1.778017_1	REF065_OUT_Megalodesulfovibrio_gigas_Desulfovi_Q46509	41.3	126	1	123	28	152	1.57e-26	95.9	124	907
014_14_RA23_GMCF3029a.sc__NODE_156308_length_519_cov_1.778017_1	REF063_OUT_Bos_taurus_Bovine__P80457	38.9	131	1	121	31	161	1.31e-22	84.7	124	1332
014_14_RA23_GMCF3029a.sc__NODE_157144_length_517_cov_3.891775_1	REF066_OUT_Rhodobacter_capsulatus_Rhodopseudom_O54051	58.3	168	4	171	444	611	6.52e-57	183	172	777
014_14_RA23_GMCF3029a.sc__NODE_157144_length_517_cov_3.891775_1	REF063_OUT_Bos_taurus_Bovine__P80457	44.2	163	5	167	995	1138	4.73e-35	122	172	1332
014_14_RA23_GMCF3029a.sc__NODE_158565_length_515_cov_2.736957_2	REF066_OUT_Rhodobacter_capsulatus_Rhodopseudom_O54051	53.6	112	1	112	204	315	6.50e-35	119	115	777
014_14_RA23_GMCF3029a.sc__NODE_158565_length_515_cov_2.736957_2	REF063_OUT_Bos_taurus_Bovine__P80457	45.0	109	3	111	776	884	1.78e-27	98.2	115	1332
014_14_RA23_GMCF3029a.sc__NODE_163158_length_508_cov_2.214128_2	REF065_OUT_Megalodesulfovibrio_gigas_Desulfovi_Q46509	42.4	125	2	121	30	154	3.22e-28	100	128	907
014_14_RA23_GMCF3029a.sc__NODE_163158_length_508_cov_2.214128_2	REF063_OUT_Bos_taurus_Bovine__P80457	36.6	134	2	123	33	166	9.75e-22	82.4	128	1332
014_14_RA23_GMCF3029a.sc__NODE_164585_length_506_cov_1.882483_1	REF066_OUT_Rhodobacter_capsulatus_Rhodopseudom_O54051	46.7	165	4	167	83	246	1.42e-37	129	168	777
014_14_RA23_GMCF3029a.sc__NODE_164585_length_506_cov_1.882483_1	REF063_OUT_Bos_taurus_Bovine__P80457	34.5	168	1	167	649	816	2.20e-26	97.4	168	1332
014_14_RA23_GMCF3029a.sc__NODE_164585_length_506_cov_1.882483_1	REF003_FI_Thermomicrobium_roseum_strain_ATCC__B9L450	30.9	162	6	152	93	252	3.49e-11	53.5	168	781
014_14_RA23_GMCF3029a.sc__NODE_164585_length_506_cov_1.882483_1	REF057_FII_Rhodococcus_coprophilus_A0A2X4U3L5	28.7	164	5	152	102	262	4.76e-11	53.1	168	808
014_14_RA23_GMCF3029a.sc__NODE_164853_length_505_cov_3.853333_1	REF066_OUT_Rhodobacter_capsulatus_Rhodopseudom_O54051	50.9	167	1	167	201	367	4.49e-53	172	167	777
014_14_RA23_GMCF3029a.sc__NODE_164853_length_505_cov_3.853333_1	REF063_OUT_Bos_taurus_Bovine__P80457	42.3	163	3	165	773	935	1.22e-40	138	167	1332
014_14_RA23_GMCF3029a.sc__NODE_164853_length_505_cov_3.853333_1	REF064_OUT_Escherichia_coli_strain_K12__Q46799	30.6	170	2	167	211	375	2.20e-16	68.6	167	752
014_14_RA23_GMCF3029a.sc__NODE_164853_length_505_cov_3.853333_1	REF038_FII_Kyrpidia_spormannii_A0A2K8N8V7	28.7	167	5	167	225	388	5.54e-14	61.6	167	780
014_14_RA23_GMCF3029a.sc__NODE_164853_length_505_cov_3.853333_1	REF037_FII_Fibrella_aestuarina_BUZ_2_I0KFJ2	29.8	168	5	167	240	403	1.89e-13	60.1	167	796
014_14_RA23_GMCF3029a.sc__NODE_165814_length_504_cov_2.200445_1	REF065_OUT_Megalodesulfovibrio_gigas_Desulfovi_Q46509	43.6	110	6	113	6	115	1.33e-24	91.7	153	907
014_14_RA23_GMCF3029a.sc__NODE_165814_length_504_cov_2.200445_1	REF063_OUT_Bos_taurus_Bovine__P80457	35.8	109	17	113	20	128	7.34e-14	60.8	153	1332
014_14_RA23_GMCF3029a.sc__NODE_165950_length_504_cov_1.790646_2	REF066_OUT_Rhodobacter_capsulatus_Rhodopseudom_O54051	66.2	68	1	68	703	770	1.28e-27	96.7	76	777
014_14_RA23_GMCF3029a.sc__NODE_165950_length_504_cov_1.790646_2	REF063_OUT_Bos_taurus_Bovine__P80457	43.8	73	3	67	1236	1308	2.16e-13	56.2	76	1332
014_14_RA23_GMCF3029a.sc__NODE_166286_length_503_cov_3.129464_1	REF066_OUT_Rhodobacter_capsulatus_Rhodopseudom_O54051	52.1	48	2	49	702	749	1.22e-11	50.1	53	777
014_14_RA23_GMCF3029a.sc__NODE_166286_length_503_cov_3.129464_2	REF066_OUT_Rhodobacter_capsulatus_Rhodopseudom_O54051	62.8	94	1	94	636	729	8.55e-39	129	94	777
014_14_RA23_GMCF3029a.sc__NODE_166286_length_503_cov_3.129464_2	REF063_OUT_Bos_taurus_Bovine__P80457	52.1	94	1	94	1167	1260	2.55e-29	102	94	1332
014_14_RA23_GMCF3029a.sc__NODE_166286_length_503_cov_3.129464_2	REF041_FII_Actibacterium_lipolyticum_A0A238JRA4	33.3	69	2	70	627	695	6.25e-11	50.1	94	765
