group	PAA1	PAA2	PAA3	PAA4	PAS1	PAS3	PAS4	PNA1	PNA2	PNA3	PNA4	PNS1	PNS2	PNS3	PNS4	PVA1	PVA2	PVA3	PVA4	PVS1	PVS2	PVS3	PVS4	PWA1	PWA2	PWA3	PWA4	PWS1	PWS2	PWS3	PWS4	RA1	RA10	RA11	RA12	RA13	RA14	RA15	RA16	RA17	RA18	RA19	RA2	RA20	RA21	RA22	RA23	RA24	RA3	RA4	RA5	RA6	RA7	RA8	RA9	RS1	RS10	RS11	RS12	RS13	RS14	RS15	RS16	RS17	RS18	RS19	RS2	RS20	RS21	RS22	RS23	RS24	RS25	RS26	RS27	RS28	RS29	RS3	RS30	RS31	RS32	RS33	RS34	RS35	RS36	RS37	RS38	RS39	RS4	RS40	RS41	RS42	RS43	RS44	RS45	RS46	RS47	RS48	RS49	RS5	RS50	RS51	RS52	RS53	RS54	RS55	RS56	RS57	RS58	RS59	RS6	RS60	RS61	RS62	RS63	RS7	RS8	RS9	SGA1	SGA2	SGA3	SGA4	SGS1	SGS2	SGS3	SGS4	YA1	YA10	YA11	YA12	YA13	YA14	YA15	YA16	YA17	YA18	YA19	YA2	YA20	YA21	YA22	YA23	YA24	YA25	YA26	YA27	YA28	YA29	YA3	YA30	YA4	YA5	YA6	YA7	YA8	YA9	YS1	YS2	YS3	YS4	YS5	YS6
methanotrophy	0	0.0001444043321	0	0.0001787310098	0.02357594525	0.01093596978	0.007698031136	0.0006591851828	0	0	0.0003721968922	0.01353832459	0.005438329345	0.02228899623	0.01404467453	0.001061034762	4.731488053e-05	0.0001655355074	0	0.03171155517	0.01485829103	0.01788866659	0.02397414025	5.298855447e-05	0	0	0	0.0223917731	0.02914618814	0.02517753389	0.01643499591	0	3.903200625e-05	7.246901949e-05	0	2.403615037e-05	1.619328303e-05	0	0.000207429155	5.146547953e-05	0	0	0	4.101049869e-05	0	3.467887363e-05	2.657454159e-05	0	0	0	2.225040607e-05	3.225598348e-05	2.980270609e-05	0	4.857906242e-05	4.804997197e-05	0.000514857311	0	8.492569002e-05	3.028192472e-05	7.474958888e-05	0.0002632237007	0.001144728963	0.001960722305	0.0008444848642	0.001106148516	0.0001717819514	0.00102486018	9.363821938e-05	0	0.0001132823563	0	0.0001958192588	7.809083526e-05	0.0002228412256	6.107709456e-05	9.173638632e-05	5.412231644e-05	9.865581453e-05	0.01409239384	0.01854342133	0.002841530055	0.02634941465	0.0230833996	0.08227465215	0.03747058824	0.04168578859	0.08681925809	5.292685509e-05	0.1148539969	0	1.096996424e-05	0.0004811933595	0.0003739080186	0.0002109148431	0.002106808067	0.001448259752	0.001047580427	0.000663423264	5.136898341e-05	0.002107515725	0.0004291845494	0.0006422406366	0.002501959366	0.00357413625	0.0006390456918	0.003075992134	0.007909559382	0.0211287578	0.00532892319	0.002428325239	0.01551193546	0.000422832981	0.0004502476362	0.0002723682419	0.000193490132	0.0003129664404	4.110827921e-05	0.001165889407	0.0009465513977	0.002637664402	0.001057732517	0.01168424052	0.01798603716	0.01231910059	0.0148607337	0.0001030229888	6.552650547e-05	0	6.388279636e-05	2.18321544e-05	6.788098201e-05	0	0	2.981514609e-05	4.61701833e-05	2.66028199e-05	6.450572488e-05	1.878392847e-05	0	0	8.825541116e-05	5.160491279e-05	4.838163433e-05	0	0	0	2.170562827e-05	0	2.544658761e-05	0	1.929272857e-05	0	1.585137748e-05	1.723216901e-05	2.205995897e-05	0.00116776956	0.0003965107058	0.003823661718	0.0001371318866	0	0.0008627555084
acetoclastic_methanogenesis	0	0	0	0	0	0	0	0	0	0	0	0	0	0	0	0	0	0	0	0	0	0	0	0	0	0	0	0	0	0	0	0	0	0	0	0	0	0	0	0	0	0	0	0	0	0	0	0	0	0	0	0	0	0	0	0	0	0	0	0	0	0	0	0	0	0	0	0	0	0	0	0	0	0	0	0	0	0	0	0	0	0	0	0	0	0	0	0	0	0	0	0	0	0	0	0	0	0	0	0	0	0	0	0	0	0	0	0	0	0	0	0	0	0	0	0	0	0	0	0	0	0	0	0	0	0	0	0	0	0	0	0	0	0	0	0	0	0	0	0	0	0	0	0	0	0	0	0	0	0	0	0	0	0	0	0	0	0	0	0	0	0
methanogenesis_by_disproportionation_of_methyl_groups	0	0	0	0	0	0	0	0	0	0	0	0	0	0	0	0	0	0	0	0	0	0	0	0	0	0	0	0	0	0	0	0	0	0	0	0	0	0	0	0	0	0	0	0	0	0	0	0	0	0	0	0	0	0	0	0	0	0	0	0	0	0	0	0	0	0	0	0	0	0	0	0	0	0	0	0	0	0	0	0	0	0	0	0	0	0	0	0	0	0	0	0	0	0	0	0	0	0	0	0	0	0	0	0	0	0	0	0	0	0	0	0	0	0	0	0	0	0	0	0	0	0	0	0	0	0	0	0	0	0	0	0	0	0	0	0	0	0	0	0	0	0	0	0	0	0	0	0	0	0	0	0	0	0	0	0	0	0	0	0	0	0
methanogenesis_using_formate	0	0	0	0	0	0	0	0	0	0	0	0	0	0	0	0	0	0	0	0	0	0	0	0	0	0	0	0	0	0	0	0	0	0	0	0	0	0	0	0	0	0	0	0	0	0	0	0	0	0	0	0	0	0	0	0	0	0	0	0	0	0	0	0	0	0	0	0	0	0	0	0	0	0	0	0	0	0	0	0	0	0	0	0	0	0	0	0	0	0	0	0	0	0	0	0	0	0	0	0	0	0	0	0	0	0	0	0	0	0	0	0	0	0	0	0	0	0	0	0	0	0	0	0	0	0	0	0	0	0	0	0	0	0	0	0	0	0	0	0	0	0	0	0	0	0	0	0	0	0	0	0	0	0	0	0	0	0	0	0	0	0
methanogenesis_by_CO2_reduction_with_H2	0	0	0	0	0.001301100731	0.0001865410624	0.0002003205128	0	0	0	0	0.01073793142	0.004374833829	0.002548400593	0.007573578756	0	0	0	0	0	0	0	0	0	0	0	0	0	0	0	0	0	0	0	0	0	0	0	0	0	0	0	0	0	0	0	0	0	0	0	0	0	0	0	0	0	0	0	0	0	0	0	0	0	0	0	0	0	0	0	0	0	7.343222206e-05	0	8.356545961e-05	6.107709456e-05	5.504183179e-05	0	0	0	0	0	0	0	0	0	0	0	0	0	0	0	0	0	0	0	0	0	0	0	0	0	0	0	0	0	0	0	0	0	0	0	0	0	0	0	0	0	0	0	0	0	0	0	0	2.122961957e-05	2.943513967e-05	3.276325274e-05	0	0	0	0	0	0.003513209668	0	0	0	0	0	0	0	0	0	0	0	0	0	0	0	0	0	0	6.177987829e-05	0	0	0	0	0	0	0	0	0
methanogenesis_by_reduction_of_methyl_compounds_with_H2	0	0	0	0	2.602201462e-05	0	0	0	0	0	0	0.0002040021513	0.0002175331738	0.0002282149785	0.0004314063848	0	0	0	0	0	0	0	0	0	0	0	0	0	0	0	0	0	0	0	0	0	0	0	0	0	0	0	0	0	0	0	0	0	0	0	0	0	0	0	0	0	0	0	0	0	0	0	0	0	0	0	0	0	0	0	0	0	0	0	0	0	0	0	0	0	0	0	0	0	0	0	0	0	0	0	0	0	0	0	0	0	0	0	0	0	0	0	0	0	0	0	0	0	0	0	0	0	0	0	0	0	0	0	0	0	0	0	0	0	0	0	0	0	0	0	0	0	0	0	0	0	0	0	0	0	0	0	0	0	0	0	0	0	0	0	0	0	0	0	0	0	0	0	0	0	0	0
hydrogenotrophic_methanogenesis	0	0	0	0	0.001327122746	0.0001865410624	0.0002003205128	0	0	0	0	0.01094193357	0.004592367003	0.002776615572	0.00800498514	0	0	0	0	0	0	0	0	0	0	0	0	0	0	0	0	0	0	0	0	0	0	0	0	0	0	0	0	0	0	0	0	0	0	0	0	0	0	0	0	0	0	0	0	0	0	0	0	0	0	0	0	0	0	0	0	0	7.343222206e-05	0	8.356545961e-05	6.107709456e-05	5.504183179e-05	0	0	0	0	0	0	0	0	0	0	0	0	0	0	0	0	0	0	0	0	0	0	0	0	0	0	0	0	0	0	0	0	0	0	0	0	0	0	0	0	0	0	0	0	0	0	0	0	2.122961957e-05	2.943513967e-05	3.276325274e-05	0	0	0	0	0	0.003513209668	0	0	0	0	0	0	0	0	0	0	0	0	0	0	0	0	0	0	6.177987829e-05	0	0	0	0	0	0	0	0	0
methanogenesis	0	0	0	0	0.002498113404	0.0001865410624	0.0002003205128	0	0	0	0	0.01096047922	0.004592367003	0.002776615572	0.00800498514	0	0	0	0	0	0	0	0	0	0	0	0	0	0	0	0	0	0	0	0	0	0	0	0	0	0	0	0	0	0	0	0	0	0	0	0	0	0	0	0	0	0	0	0	0	0	0	0	0	0	0	0	0	0	0	0	0	7.343222206e-05	0	8.356545961e-05	6.107709456e-05	5.504183179e-05	0	0	0	0	0	0	0	0	0	0	0	0	0	0	0	0	0	0	0	0	0	0	0	0	0	0	0	0	0	0	0	0	0	0	0	0	0	0	0	0	0	0	0	0	0	0	0	0	2.122961957e-05	2.943513967e-05	3.276325274e-05	0	0	0	0	0	0.003513209668	0	0	0	0	0	0	0	0	0	0	0	0	0	0	0	0	0	0	6.177987829e-05	0	0	0	0	0	0	0	0	0
methanol_oxidation	0.005298970314	0.01090252708	0.02430311231	0.002323503128	2.602201462e-05	2.331763279e-05	0.00154532967	0.006543618766	0.005019610665	0.01224754367	0.0025867684	0	4.834070529e-05	7.60716595e-05	0	0.008286176233	0.01386326	0.00314517464	0.01321100917	0	0	0	0	0.02657376007	0.02096377601	0.01295064753	0.0253706251	0	0	0	8.176614881e-05	0.01837763067	0.02732240437	0.009058627437	0.03097992288	0.01406114797	0.005230430417	0.002762290928	0.004340056165	0.0003087928772	0.001191195511	0.003674235415	0.02257280461	0.01783956693	0.01659286653	0.006901095852	0.001249003455	0.01577729045	0.02111743162	0.03125422507	0.01804507932	0.01622475969	0.008344757704	0.04540153282	0.008428467331	0.0003683831184	0.001544571933	0.001139211666	0.001302193914	0.00102958544	0.001295659541	0.0008949605823	0.00098622803	0.0001581227665	0.005110216102	0.0003339316275	0.0004867155291	0.0002342537554	0.0007303781111	0.000379336506	0.0002265647125	0.001357466063	0.0007098448132	0.0002030361717	0.000139275766	0.0002290391046	9.173638632e-05	0.0004329785315	0.0003452953508	4.666355576e-05	0.0001415528346	0.0004098360656	0.0001036018925	0.0002806492352	8.066142367e-05	0.0006764705882	0.0008158686451	3.431591229e-05	0.0002117074203	9.153796864e-05	0.000337723742	0.0003290989271	0.0005613922528	0.001495632075	0.000131821777	0.0004260960136	0.0002803083392	0.000101378751	0.000663423264	0.001258540093	0.0001296932754	0.0004517732098	0.0004699321731	0.000120576355	0.0004332286364	0.0002130152306	0.002874287731	0.001677785323	0.0005317640386	0.0002940095553	0.0002349992167	0.0008317391666	0	5.628095452e-05	0.0001361841209	0.0001289934213	0.0004814868313	0.0005755159089	0.0009993337775	0.000126206853	0.002926723515	0.0004427717512	0.0005699629524	0	0	0	0.002443116593	0.004423039119	0.002876091223	0.006516045229	0.004846738276	0.005113700645	0.0101120755	0.01714446318	0.01267143709	0.01325084261	0.02027134876	0.006708595388	0.002629749986	0.0155246954	0.02262026275	0.007236943715	0.00142773592	0.01678842711	0.001033642126	0.002395010789	0.03182653902	0.01577999175	0.01558528428	0.03407298081	0.01123595506	0.008045067814	0.00471071572	0.008385378689	0.009391532112	0.003154574132	0.0002224322972	5.664438654e-05	0.0001686909582	6.85659433e-05	0.003630144159	9.95487125e-05
methylotrophy	0.005298970314	0.01104693141	0.02430311231	0.002502234138	0.02362798928	0.01095928741	0.009243360806	0.007202803949	0.005019610665	0.01224754367	0.002958965293	0.01374232674	0.005704203224	0.02259328287	0.01447608091	0.009347210994	0.01391057488	0.003310710147	0.01321100917	0.03171155517	0.01485829103	0.01788866659	0.02397414025	0.02662674862	0.02096377601	0.01295064753	0.0253706251	0.0223917731	0.02914618814	0.02517753389	0.01651676206	0.01837763067	0.02736143638	0.009131096456	0.03097992288	0.01408518412	0.0052466237	0.002762290928	0.00454748532	0.0003602583567	0.001191195511	0.003674235415	0.02257280461	0.01788057743	0.01659286653	0.006935774726	0.001275577996	0.01577729045	0.02111743162	0.03125422507	0.01806732973	0.01625701568	0.00837456041	0.04540153282	0.008477046393	0.0004164330904	0.002059429244	0.001139211666	0.001387119604	0.001059867365	0.001370409129	0.001158184283	0.002130956993	0.002118845071	0.005954700966	0.001440080144	0.0006584974805	0.001259113935	0.0008240163305	0.000379336506	0.0003398470688	0.001357466063	0.0009056640721	0.0002811270069	0.0003621169916	0.0002901161992	0.0001834727726	0.0004871008479	0.0004439511654	0.0141390574	0.01868497417	0.00325136612	0.02645301654	0.02336404883	0.08235531357	0.03814705882	0.04250165723	0.086853574	0.0002646342754	0.1149455349	0.000337723742	0.0003400688914	0.001042585612	0.001869540093	0.0003427366201	0.002532904081	0.001728568092	0.001148959178	0.001326846528	0.001309909077	0.002237209001	0.0008809577592	0.00111217281	0.002622535721	0.004007364887	0.0008520609224	0.005950279865	0.009587344705	0.02166052184	0.005622932745	0.002663324456	0.01634367462	0.000422832981	0.0005065285907	0.0004085523628	0.0003224835533	0.0007944532717	0.0006166241881	0.002165223185	0.001072758251	0.005564387917	0.001500504268	0.01225420348	0.01798603716	0.01231910059	0.0148607337	0.002546139581	0.004488565625	0.002876091223	0.006579928025	0.004868570431	0.005181581627	0.0101120755	0.01714446318	0.01270125224	0.01329701279	0.02029795158	0.006773101113	0.002648533914	0.0155246954	0.02262026275	0.007325199126	0.001479340833	0.01683680875	0.001033642126	0.002395010789	0.03182653902	0.01580169738	0.01558528428	0.0340984274	0.01123595506	0.008064360543	0.00471071572	0.008401230067	0.009408764281	0.003176634091	0.001390201857	0.0004531550923	0.003992352677	0.0002056978299	0.003630144159	0.0009623042209
aerobic_ammonia_oxidation	0	0.004909747292	5.412719892e-05	0.005004468275	0.003226729813	0.002541621975	0.0002575549451	4.823306216e-05	0	0	0	0.001687654161	0.002876271965	0.008976455821	0.004649602147	0.001061034762	9.462976106e-05	6.621420295e-05	0.001939711664	0.02546698523	0.02643824027	0.02771566435	0.02810451648	0	0.0004816345155	0.001911634043	0	0.007463924366	0.007086524174	0.0081773187	0.0105478332	1.976089319e-05	0	0	0	4.807230074e-05	1.619328303e-05	0.0001013684744	3.191217769e-05	0.0001543964386	0.0002071644368	0.0002643334831	0	0	0	6.935774726e-05	0.0003720435822	0	0	4.506737573e-05	0	0	0	2.77685216e-05	0	0.0520541363	0.08120035305	0.01982228298	0.02448690729	0.04303061503	0.02900284048	0.01418775747	0.04413370434	0.04661459157	0.03570655234	0.03297574822	0.02058520385	0.04450821352	0.008595988539	0.01572522243	0.01699235344	0.03403720463	0.01688941107	0.02174048854	0.02	0.02238475516	0.0196866285	0.01721089663	0.02505857689	0.01894540364	0.01836648029	0.03103825137	0.02289601823	0.01658169231	0.03004638032	0.04041176471	0.04382744378	0.0413163584	0.01584277196	0.01579683802	0.009726443769	0.01106869392	0.0423717486	0.02311431388	0.01658317954	0.03574472114	0.06409717356	0.03930116248	0.07961079169	0.05776442184	0.06170157577	0.01985543257	0.02614389323	0.03581117743	0.03135492256	0.03940781766	0.06868034895	0.03986737506	0.08192711288	0.06784270489	0.0689853256	0.08026282958	0.007188160677	0.04997748762	0.07438376685	0.07999742013	0.05890991381	0.06630765436	0.006828780813	0.008834479712	0.003938430409	0.00553464689	0.1174123682	0.1537096202	0.1174500658	0.194251019	0.0006475730727	0.0002948692746	8.459091832e-05	0	0	2.2626994e-05	0	0	2.981514609e-05	2.308509165e-05	2.66028199e-05	0.0005805515239	3.756785694e-05	0	0	0.0005515963197	1.72016376e-05	0	1.950268162e-05	2.371297811e-05	0	2.170562827e-05	0	2.544658761e-05	9.172208209e-05	0	1.544496957e-05	1.585137748e-05	3.446433803e-05	0	0.007451481955	0.04576866433	0.008912505623	0.01364462272	0.02041956089	0.03563843908
aerobic_nitrite_oxidation	0	0	0	0	0.0003382861901	0.0003264468591	0.0003147893773	0	0	0	0	9.272825059e-05	0.0001450221159	3.803582975e-05	0.0002396702138	0	0	9.932130442e-05	0	0.0004887054735	0	0.000235377192	0.0002693723624	0	0	0	0	0.001492784873	0.000114298777	0.0001075962987	0.0002452984464	0	0	0	6.648052121e-05	0	0	0.0002027369488	6.382435537e-05	2.573273976e-05	0	0	0	0	0	0	0	0	0	0	0	0	0	0	0	0.002258348683	0.002255565362	0.002050580998	0.0016985138	0.0006964842685	0.001843823192	0.001460891539	0.001127117749	0	0.002685028799	2.087072672e-05	0.001173843335	0.0002635354748	0.000299642302	0.0005517621905	0.0001132823563	0.0005530417295	0.002716992216	0.0003279815081	0.0003342618384	0.000381731841	3.669455453e-05	0.0001172650189	0.0002959674436	0	0.0001061646259	0.0001639344262	6.906792831e-05	7.016230881e-05	8.066142367e-05	0.0004411764706	0.0002039671613	0	0.0001411382802	0.000156922232	0	0	0.0001069318577	0.0009517658656	0.0003427366201	7.101600227e-05	9.343611306e-05	0.000101378751	0	0.003005085529	0	0.0002258866049	0.0001096508404	0	0	0	0	0	0	7.350238883e-05	0	4.158695833e-05	0	0	5.447364837e-05	0.001526422152	0.003731522943	0.002219847077	0	0.000126206853	0	0	0	0	0.0001196029183	8.491847826e-05	4.41527095e-05	0	1.691818366e-05	0	0	9.050797602e-05	0	0	0	0	0	0	0	0	0	0	0	0	0	0	0	0	0	0	0	1.929272857e-05	0	0	0	0	0.001223377634	0.0001132887731	0.0001686909582	0	0.002059408705	0.0005641093709
nitrification	0	0.004909747292	5.412719892e-05	0.005004468275	0.003565016004	0.002868068834	0.0005723443223	4.823306216e-05	0	0	0	0.001780382411	0.003021294081	0.009014491651	0.004889272361	0.001061034762	9.462976106e-05	0.0001655355074	0.001939711664	0.0259556907	0.02643824027	0.02795104154	0.02837388884	0	0.0004816345155	0.001911634043	0	0.008956709239	0.007200822951	0.008284914999	0.01079313164	1.976089319e-05	0	0	6.648052121e-05	4.807230074e-05	1.619328303e-05	0.0003041054232	9.573653306e-05	0.0001801291784	0.0002071644368	0.0002643334831	0	0	0	6.935774726e-05	0.0003720435822	0	0	4.506737573e-05	0	0	0	2.77685216e-05	0	0.05431248498	0.08345591841	0.02187286398	0.02618542109	0.04372709929	0.03084666368	0.015648649	0.04526082209	0.04661459157	0.03839158114	0.03299661894	0.02175904718	0.044771749	0.008895630841	0.01627698462	0.0171056358	0.03459024635	0.01960640329	0.02206847004	0.02033426184	0.022766487	0.01972332306	0.01732816165	0.02535454433	0.01894540364	0.01847264491	0.03120218579	0.02296508616	0.01665185462	0.03012704174	0.04085294118	0.04403141094	0.0413163584	0.01598391024	0.01595376025	0.009726443769	0.01106869392	0.04247868046	0.02406607974	0.01692591616	0.03581573715	0.06419060967	0.03940254123	0.07961079169	0.06076950737	0.06170157577	0.02008131918	0.02625354407	0.03581117743	0.03135492256	0.03940781766	0.06868034895	0.03986737506	0.08192711288	0.06791620728	0.0689853256	0.08030441653	0.007188160677	0.04997748762	0.0744382405	0.08152384228	0.06264143676	0.06852750144	0.006828780813	0.008960686565	0.003938430409	0.00553464689	0.1174123682	0.1537096202	0.1175696687	0.1943359375	0.0006917257822	0.0002948692746	0.000101509102	0	0	0.00011313497	0	0	2.981514609e-05	2.308509165e-05	2.66028199e-05	0.0005805515239	3.756785694e-05	0	0	0.0005515963197	1.72016376e-05	0	1.950268162e-05	2.371297811e-05	0	2.170562827e-05	0	2.544658761e-05	9.172208209e-05	1.929272857e-05	1.544496957e-05	1.585137748e-05	3.446433803e-05	0	0.00867485959	0.0458819531	0.009081196581	0.01364462272	0.0224789696	0.03620254845
sulfate_respiration	0	0	0	0.0004766160262	0.0001040880585	2.331763279e-05	0	0	1.799143608e-05	0	0	0.0002040021513	2.417035265e-05	0.000760716595	0.0003355382993	0	0	0	0.002306684142	0	5.287648054e-05	0	0	0	0	0.001076976926	0	0.0001658649859	0	0.0007531740908	0	0.0003952178638	0.002263856362	0	0	0	0.002380412605	0.002889001521	0.003558207812	0.003010730552	0.006353042728	0.005498136449	0	0.001599409449	0	0.003814676099	0.004809992028	0.009929337232	0	0	0.001713281267	0	0	0	0.002744717027	0	0	0	0	9.084577416e-05	0	0	1.761121482e-05	0	2.165345806e-05	0	0.0002004122767	0	1.872764388e-05	0.0001034554107	0.00334182951	0.0003016591252	0.0003916385176	0	0	4.580782092e-05	0	9.020386073e-06	0	0	0	0	0	0	0	0	0	0	0	0	0	0	0	0	0	0	0	0	0	0.0005907433092	0	0	0	0	0	3.550253843e-05	0	0	0	0	0	0	0	0	2.723682419e-05	2.149890356e-05	7.22230247e-05	0	0	0	0	0	0	0	0	0	4.41527095e-05	0	0.001438045611	0.0009795362109	0	0.000158388958	0	0.005902192243	0.0002981514609	0.001315850224	0	0	0.0009204124951	0	0.002238977972	0.0005515963197	0	0.0004838163433	0.0003510482691	0.0005928244528	0.001331389083	0	0	0	0.001421692272	0.0003279763857	0.0002625644827	0.0003645816821	0.0004308042253	0	5.560807429e-05	0	0	0	0	0
sulfur_respiration	0	0	0	0	0	0	0.003376831502	0	0	0	0	0	0	0	0	0	0	0	0	0	0	0	0	0	0	0	0	0	0	0	0	9.880446596e-05	0	0	0	0	0.0004048320757	0.0001773948302	0.0001755169773	0.0002315946579	0.0002244281398	0.0001850334382	0	0	0	0.000277430989	0	0.001157407407	0	0	0	0	0	0	0.0008987126548	0	4.903402962e-05	0	0	0	0	0	0	0	0	0	0	0	0	0	0.0002265647125	0	0.0002202966662	0	0	1.526927364e-05	3.669455453e-05	0	2.466395363e-05	0	0	0	0	0	0	0	0	0	0	0	0	0	0	0	0	0	0	0	0	0	0	0	0	0	0	0	0	0	0	0	0	0	0	0	0	0	0	0	0	0	0	0	0	0	0	0	0	0	0	0	0	0	0	0	0	0	0	0	0	0	0	0	0	0	0	0	0	0	0	0	0	0	0	0	0	0	0	0	0	0	0	0
dark_sulfite_oxidation	0	0	0	0.0002978850164	0	0	0	1.607768739e-05	0	0	1.860984461e-05	0	0	0	0	5.052546483e-05	0	0	0	0	0	5.884429799e-05	0	0	0.001013967401	0	0	0	0.000114298777	0	0	0.004070743998	0	0	0	0.003581386405	0.01267934061	0.006132792701	0.007834439622	0.01327809372	0.02258092361	0.02437154714	0.001147769726	0.01111384514	0.001654420709	0.004820363435	0.01315439809	0.008650097466	7.792410192e-05	0	0	0.001580543191	0.001609346129	2.77685216e-05	0.0007043964051	0	0	0	0	0	0	0	1.761121482e-05	3.16245533e-05	0	0	0	2.928171942e-05	1.872764388e-05	0	0	0	0	0	2.78551532e-05	0	0	0	0	0	0	2.732240437e-05	0	4.677487254e-05	0	8.823529412e-05	2.549589516e-05	0	0	0	0	0	0	0	0	0	0	3.3792917e-05	0.000221141088	0	0	0	1.566440577e-05	0	0	0	0	3.99472696e-05	0	0	0	4.158695833e-05	0	0	0	0	0	0	0	0	0.000505853447	0	0	0	0	0	0.0001618932682	0.001343293362	0.002097854774	0.002129426545	0	0.004389636837	0	0.001264755481	0.001580202743	0.003162657556	0	0.002160941784	0.004996524973	0.001877811258	0	0.0004633409086	0.0001376131008	0.00179012047	0.001150658216	0.0005453984966	0.001775185443	0	0.001204013378	0	0.0001834441642	0.001601296471	0.004618045902	0.004200615033	0.002033395944	0.0006397388101	5.560807429e-05	0	0	0	0	0
sulfite_respiration	0	0	0	0.0004766160262	0	0	0	0	0	0	0	0	0	0	0	0	0	0	0	0	0	0	0	0	0	0	0	0.0001658649859	0	0.0005379814934	0	0.0003952178638	0	0	0	0	0.0009877902646	0.000253421186	0.001547740618	0.001428167057	0.002261545101	0.001823901034	0	0.001599409449	0	0.0005201831045	0.002604305076	0	0	0	0	0	0	0	0.000461501093	0	0	0	0	0	0	0	0	0	2.165345806e-05	0	0	0	0	0	0	0	0	0	0	1.526927364e-05	0	0	0	0	0	0	0	0	0	0	0	0	0	0	0	0	0	0	0	0	0	0	0	0	0	0	0	0	0	0	0	0	0	0	0	0	0	0	0	0	0	0	0	0	0	0	0	0	0	0	2.943513967e-05	0	0	0.0009795362109	0	0	0	0.003864530635	0	0	0	0	0.0004320303548	0	0	0	0	0	0.0001560214529	0.0001422778687	0	0	0	0	0	0.0003279763857	0	0	0.0001723216901	0	5.560807429e-05	0	0	0	0	0
thiosulfate_respiration	0	0	5.412719892e-05	5.957700328e-05	0	0	0	0	0	0.0002046943231	0.0002605378245	0	0	0	0	0	0.0001419446416	0	0.0005766710354	0	0	0	0	0	0.0006844279956	0.0002692442314	5.094503031e-05	0	0	0	0	0.0003952178638	3.903200625e-05	0.003550981955	0	0	0.0009877902646	0.0003294475418	0.002297676793	0.001569697126	0.002952093224	0.001744600989	0.0001575370212	0.001640419948	0.001265145248	0.001387154945	0.002710603242	0	0	0	0.0008900162428	9.676795045e-05	0.0005364487095	0.002332555815	0.00259897984	0	0	0	0	0	0	0	0	0	0.0006712571998	2.087072672e-05	0	0	0	0	0	0	0	0	0	1.526927364e-05	0	0	0	0	0	0	0	0	0	0	0	0	0	1.307685266e-05	0	0	0	0	0	0	0	0	0	0	0	0	0	0	0	0	5.042610055e-05	0	0	0	0	0	0	0	0	0	0	0	0	0	0	2.459843062e-05	0	0	0	0	1.471756983e-05	0	0	0	0	0	0.0003792028314	0	0.0005963029219	0.0005540421995	0	9.675858732e-05	0.0004320303548	0.001310100878	0.0001646307333	0.0001765108223	0	0	0.0001560214529	0.0001422778687	0.001077791162	0.000238761911	0	0	0.001926163724	7.717091428e-05	0	0.0009352312716	0.0004652685634	0	5.560807429e-05	0	0	0	0	0
respiration_of_sulfur_compounds	0	0	5.412719892e-05	0.0004766160262	0.0001040880585	2.331763279e-05	0.003376831502	0	1.799143608e-05	0.0002046943231	0.0002605378245	0.0002040021513	2.417035265e-05	0.000760716595	0.0003355382993	0	0.0001419446416	0	0.002883355177	0	5.287648054e-05	0	0	0	0.0006844279956	0.001346221157	5.094503031e-05	0.0001658649859	0	0.0007531740908	0	0.0004940223298	0.002302888368	0.003550981955	0	0	0.002785244681	0.003142422707	0.004483660965	0.003409588019	0.007440656021	0.005841769977	0.0001575370212	0.001640419948	0.001265145248	0.004959078929	0.004916290194	0.01108674464	0	0	0.00260329751	9.676795045e-05	0.0005364487095	0.002332555815	0.004760748118	0	4.903402962e-05	0	0	9.084577416e-05	0	0	1.761121482e-05	0	0.0006929106578	2.087072672e-05	0.0002004122767	0	1.872764388e-05	0.0001034554107	0.003568394223	0.0003016591252	0.0006119351838	0	0	6.107709456e-05	3.669455453e-05	9.020386073e-06	2.466395363e-05	0	0	0	0	0	0	0	0	0	0	1.307685266e-05	0	0	0	0	0	0	0	0	0	0.0005907433092	0	0	0	0	0	3.550253843e-05	5.042610055e-05	0	0	0	0	0	0	0	2.723682419e-05	2.149890356e-05	7.22230247e-05	0	0	0	0	2.459843062e-05	0	0	0	0	5.887027934e-05	0	0.001438045611	0.0009795362109	0	0.000158388958	0.0003792028314	0.005902192243	0.0008944543828	0.001869892423	0	9.675858732e-05	0.0009391964235	0.001310100878	0.002403608706	0.0007281071421	0	0.0004838163433	0.0003510482691	0.0005928244528	0.002409180245	0.000238761911	0	0	0.003347855996	0.0004051473	0.0002625644827	0.001299812954	0.0007237510986	0	5.560807429e-05	0	0	0	0	0
arsenate_detoxification	0	0	0	0	0	0	0	0	0	0	0	0	0	0	0	0	0	0	0	0	0	0	0	0	0	0	0	0	0	0	0	0	0	0	0	0	0	0	0	0	0	0	0	0	0	0	0	0	0	0	0	0	0	0	0	0	0	0	0	0	0	0	0	0	0	0	0	0	0	0	0	0	0	0	0	0	0	0	0	0	0	0	0	0	0	0	0	0	0	0	0	0	0	0	0	0	0	0	0	0	0	0	0	0	0	0	0	0	0	0	0	0	0	0	0	0	0	0	0	0	0	0	0	0	0	0	0	0	0	0	0	0	0	0	0	0	0	0	0	0	0	0	0	0	0	0	0	0	0	0	0	0	0	0	0	0	0	0	0	0	0	0
arsenate_respiration	0	0	0	0	0	0	0	0	0	0	0	0	0	0	0	0	0	0	0	0	0	0	0	0	0	0	0	0	0	0	0	0	0	0	0	0	0	0	0	0	0	0	0	0	0	0	0	0	0	0	0	0	0	0	0	0	0	0	0	0	0	0	0	0	0	0	0	0	0	0	0	0	0	0	0	0	0	0	0	0	0	0	0	0	0	0	0	0	0	0	0	0	0	0	0	0	0	0	0	0	0	0	0	0	0	0	0	0	0	0	0	0	0	0	0	0	0	0	0	0	0	0	0	0	0	0	0	0	0	0	0	0	0	0	0	0	0	0	0	0	0	0	0	0	0	0	0	0	0	0	0	0	0	0	0	0	0	0	0	0	0	0
dissimilatory_arsenate_reduction	0	0	0	0	0	0	0	0	0	0	0	0	0	0	0	0	0	0	0	0	0	0	0	0	0	0	0	0	0	0	0	0	0	0	0	0	0	0	0	0	0	0	0	0	0	0	0	0	0	0	0	0	0	0	0	0	0	0	0	0	0	0	0	0	0	0	0	0	0	0	0	0	0	0	0	0	0	0	0	0	0	0	0	0	0	0	0	0	0	0	0	0	0	0	0	0	0	0	0	0	0	0	0	0	0	0	0	0	0	0	0	0	0	0	0	0	0	0	0	0	0	0	0	0	0	0	0	0	0	0	0	0	0	0	0	0	0	0	0	0	0	0	0	0	0	0	0	0	0	0	0	0	0	0	0	0	0	0	0	0	0	0
arsenite_oxidation_detoxification	0	0	0	0	0	0	0	0	0	0	0	0	0	0	0	0	0	0	0	0	0	0	0	0	0	0	0	0	0	0	0	0	0	0	0	0	0	0	0	0	0	0	0	0	0	0	0	0	0	0	0	0	0	0	0	0	0	0	0	0	0	0	0	0	0	0	0	0	0	0	0	0	0	0	0	0	0	0	0	0	0	0	0	0	0	0	0	0	0	0	0	0	0	0	0	0	0	0	0	0	0	0	0	0	0	0	0	0	0	0	0	0	0	0	0	0	0	0	0	0	0	0	0	0	0	0	0	0	0	0	0	0	0	0	0	0	0	0	0	0	0	0	0	0	0	0	0	0	0	0	0	0	0	0	0	0	0	0	0	0	0	0
arsenite_oxidation_energy_yielding	0	0	0	0	0	0	0	0	0	0	0	0	0	0	0	0	0	0	0	0	0	0	0	0	0	0	0	0	0	0	0	0	0	0	0	0	0	0	0	0	0	0	0	0	0	0	0	0	0	0	0	0	0	0	0	0	0	0	0	0	0	0	0	0	0	0	0	0	0	0	0	0	0	0	0	0	0	0	0	0	0	0	0	0	0	0	0	0	0	0	0	0	0	0	0	0	0	0	0	0	0	0	0	0	0	0	0	0	0	0	0	0	0	0	0	0	0	0	0	0	0	0	0	0	0	0	0	0	0	0	0	0	0	0	0	0	0	0	0	0	0	0	0	0	0	0	0	0	0	0	0	0	0	0	0	0	0	0	0	0	0	0
dissimilatory_arsenite_oxidation	0	0	0	0	0	0	0	0	0	0	0	0	0	0	0	0	0	0	0	0	0	0	0	0	0	0	0	0	0	0	0	0	0	0	0	0	0	0	0	0	0	0	0	0	0	0	0	0	0	0	0	0	0	0	0	0	0	0	0	0	0	0	0	0	0	0	0	0	0	0	0	0	0	0	0	0	0	0	0	0	0	0	0	0	0	0	0	0	0	0	0	0	0	0	0	0	0	0	0	0	0	0	0	0	0	0	0	0	0	0	0	0	0	0	0	0	0	0	0	0	0	0	0	0	0	0	0	0	0	0	0	0	0	0	0	0	0	0	0	0	0	0	0	0	0	0	0	0	0	0	0	0	0	0	0	0	0	0	0	0	0	0
anammox	0	0	0	0	0	0	0	0	0	0	0	0	0	0	0	0	0	0	0	0	0	0	0	0	0	0	0	0	0	0	0	0	0	0	0	0	0	0	0	0	0	0	0	0	0	0	0	0	0	0	0	0	0	0	0	0	0	0	0	0	0	0	0	0	0	0	0	0	0	0	0	0	0	0	0	0	0	0	0	0	0	0	0	0	0	0	0	0	0	0	0	0	0	0	0	0	0	0	0	0	0	0	0	0	0	0	0	0	0	0	0	0	0	0	0	0	0	0	0	0	0	0	0	0	0	0	0	0	0	0	0	0	0	0	0	0	0	0	0	0	0	0	0	0	0	0	0	0	0	0	0	0	0	0	0	0	0	0	0	0	0	0
nitrate_denitrification	0.0003612934305	0.001732851986	5.412719892e-05	0.0008340780459	0.001587342892	0.002191857483	0.003062042125	0.0004662529342	7.196574431e-05	0.0007846615721	0.0003349772029	0.002540754066	0.001933628212	0.003803582975	0.006758700029	0.0002021018593	0.0003312041637	0.0009601059427	0.0005766710354	0.001520417029	0.001427664975	0.00147110745	0.003052886774	0.0002119542179	0.001495601916	0.0006731105786	0.001171735697	0.004644219605	0.002971768202	0.001936733376	0.005805396566	9.880446596e-05	0.002459016393	0.004782955287	0.0001994415636	0.001610422075	8.096641513e-05	0	0.0002552974215	1.286636988e-05	8.631851532e-05	0	0.001957960121	0.0006151574803	0.0001946377305	0.001629907061	5.314908318e-05	0.002923976608	0.001168861529	0.001306953896	0.001201521928	0.0002257918844	0.001043094713	0.002388092858	0.0003886324994	0.001009049411	0.001299401785	0	0.0002264685067	0.0008176119674	9.96661185e-05	0.0004343191061	0.001990067275	0.002150469625	0.0003464553289	0.001419209417	0.0001431516262	0.001434804252	0.0001123658633	6.897027381e-05	5.664117814e-05	0.0002011060835	0.0001958192588	0.001655525708	0.002144846797	0.00100777206	0.001394393072	0.0003427746708	0.001578493032	0.001259916006	0.001946351476	0.0009016393443	0.002590047312	0.001309696431	0.001734220609	0.002882352941	0.002626077202	0.0009265296318	7.056914012e-05	0.0008761491284	0.001485984465	0.0005594681761	0.0009623867191	0.0003059247425	0.0005009227524	0.001657040053	0.001915440318	0.003784806705	0.001547987616	0.000436636359	0.002918098697	0.0005647165123	0.0009868575636	0.002110086212	0.001949528864	0.002378670075	0.002823861631	0.001358207167	0.002517016449	0.00341786108	0.002584991383	0.003160608833	0	0	8.171047256e-05	0.001977899127	0.0006259328807	8.221655841e-05	0.001665556296	0.0005679308386	0.001047839283	0.0005903623349	0.004844685095	0.004259850905	0.004186102141	0.003078294837	0.0007653136314	0.0002621060219	0.0003891182243	0.0001277655927	0.001331761418	9.050797602e-05	0.0008005393107	0	0.001013714967	0.001731381874	0.001835594573	0	7.513571388e-05	0.001200925805	0.0006255967864	0.001875427487	0.0002236212887	0.0006773428806	0	0.0002845557374	0.0001901984404	0.001172103927	0.000602006689	0.0001526795257	0.0003210272873	0.001292612814	0.001003923022	0.001236407444	0.00105116231	0.000683858728	0.0004448645943	0	0.0008996851102	0	0	3.318290417e-05
nitrite_denitrification	0.0003612934305	0.001732851986	5.412719892e-05	0.0008340780459	0.001587342892	0.002191857483	0.003062042125	0.0004662529342	7.196574431e-05	0.0007846615721	0.0003349772029	0.002540754066	0.001933628212	0.003803582975	0.006758700029	0.0002021018593	0.0003312041637	0.0009601059427	0.0005766710354	0.001520417029	0.001427664975	0.00147110745	0.003052886774	0.0002119542179	0.001495601916	0.0006731105786	0.001171735697	0.004644219605	0.002971768202	0.001936733376	0.005805396566	9.880446596e-05	0.002459016393	0.004782955287	0.0001994415636	0.001610422075	8.096641513e-05	0	0.0002552974215	1.286636988e-05	8.631851532e-05	0	0.001957960121	0.0006151574803	0.0001946377305	0.001629907061	5.314908318e-05	0.002923976608	0.001168861529	0.001306953896	0.001201521928	0.0002257918844	0.001043094713	0.002388092858	0.0003886324994	0.001009049411	0.001299401785	0	0.0002264685067	0.0008176119674	9.96661185e-05	0.0004343191061	0.001990067275	0.002150469625	0.0003464553289	0.001419209417	0.0001431516262	0.001434804252	0.0001123658633	6.897027381e-05	5.664117814e-05	0.0002011060835	0.0001958192588	0.001655525708	0.002144846797	0.00100777206	0.001394393072	0.0003427746708	0.001578493032	0.001259916006	0.001946351476	0.0009016393443	0.002590047312	0.001309696431	0.001734220609	0.002882352941	0.002626077202	0.0009265296318	7.056914012e-05	0.0008761491284	0.001485984465	0.0005594681761	0.0009623867191	0.0003059247425	0.0005009227524	0.001657040053	0.001915440318	0.003784806705	0.001547987616	0.000436636359	0.002918098697	0.0005647165123	0.0009868575636	0.002110086212	0.001949528864	0.002378670075	0.002823861631	0.001358207167	0.002517016449	0.00341786108	0.002584991383	0.003160608833	0	0	8.171047256e-05	0.001977899127	0.0006259328807	8.221655841e-05	0.001665556296	0.0005679308386	0.001047839283	0.0005903623349	0.004844685095	0.004259850905	0.004186102141	0.003078294837	0.0007653136314	0.0002621060219	0.0003891182243	0.0001277655927	0.001331761418	9.050797602e-05	0.0008005393107	0	0.001013714967	0.001731381874	0.001835594573	0	7.513571388e-05	0.001200925805	0.0006255967864	0.001875427487	0.0002236212887	0.0006773428806	0	0.0002845557374	0.0001901984404	0.001172103927	0.000602006689	0.0001526795257	0.0003210272873	0.001292612814	0.001003923022	0.001236407444	0.00105116231	0.000683858728	0.0004448645943	0	0.0008996851102	0	0	3.318290417e-05
nitrous_oxide_denitrification	0	0	0	0	0	0	0	0	0	0	0	0	0	0	0	0	0	0	0	0	0	0	0	0	0	0	0	0	0	0	0	0	0	0	0	0	0	0	0	0	0	0	0	0	0	0	0	0	0	0	0	0	0	0	0	0	0	0	0	0	0	0	0	0	0	0	0	0	0	0	0	0	0	0	0	0	0	0	0	0	0	0	0	0	0	0	0	0	0	0	0	0	0	0	0	0	0	0	0	0	0	0	0	0	0	0	0	0	0	0	0	0	0	0	0	0	0	0	0	0	0	0	0	0	0	0	0	0	0	0	0	0	0	0	0	0	0	0	0	0	0	0	0	0	0	0	0	0	0	0	0	0	0	0	0	0	0	0	0	0	0	0
denitrification	0.0003612934305	0.001732851986	5.412719892e-05	0.0008340780459	0.001587342892	0.002285128014	0.003262362637	0.0004662529342	7.196574431e-05	0.0007846615721	0.0003349772029	0.002540754066	0.001981968917	0.004107869613	0.0069504362	0.0002021018593	0.0003312041637	0.0009601059427	0.0005766710354	0.001520417029	0.001427664975	0.00147110745	0.003052886774	0.0002119542179	0.001495601916	0.0007269594249	0.001171735697	0.004810084591	0.002971768202	0.001936733376	0.005805396566	9.880446596e-05	0.002459016393	0.004782955287	0.0001994415636	0.001610422075	8.096641513e-05	0	0.0002552974215	1.286636988e-05	8.631851532e-05	0	0.001957960121	0.0006151574803	0.0001946377305	0.001629907061	5.314908318e-05	0.002923976608	0.001168861529	0.001306953896	0.001201521928	0.0002257918844	0.001043094713	0.002388092858	0.0003886324994	0.001057099383	0.001299401785	0.0006835269993	0.0002830856334	0.0008781758169	9.96661185e-05	0.0005132862163	0.00200767849	0.002150469625	0.0003464553289	0.001419209417	0.0001431516262	0.001434804252	0.002041313182	0.002551900131	0.0002832058907	0.0003519356461	0.0001958192588	0.001655525708	0.002423398329	0.001023041334	0.001394393072	0.0003878766011	0.001578493032	0.001493233784	0.001946351476	0.001092896175	0.002590047312	0.001333083867	0.001734220609	0.002882352941	0.002626077202	0.0009265296318	7.056914012e-05	0.0008761491284	0.002904424181	0.02218126769	0.001256449328	0.000611849485	0.001212760348	0.001657040053	0.001915440318	0.003784806705	0.001547987616	0.001001695176	0.003047791972	0.001603794895	0.001362803302	0.002200518478	0.004278132785	0.002556182767	0.002823861631	0.001358207167	0.002517016449	0.00341786108	0.002584991383	0.003160608833	0.000422832981	0	8.171047256e-05	0.001977899127	0.0006259328807	8.221655841e-05	0.001665556296	0.0005679308386	0.001047839283	0.0005903623349	0.004844685095	0.004259850905	0.004186102141	0.003078294837	0.006505165867	0.001113950593	0.0003891182243	0.0001277655927	0.001331761418	9.050797602e-05	0.0008005393107	0	0.001669648181	0.001731381874	0.001835594573	0	7.513571388e-05	0.001200925805	0.0006255967864	0.001875427487	0.0002408229263	0.001161159224	0	0.0005216855185	0.0001901984404	0.001172103927	0.009431438127	0.0001526795257	0.0004127493694	0.001292612814	0.001266487505	0.001236407444	0.00105116231	0.000683858728	0.0004448645943	5.664438654e-05	0.0008996851102	3.428297165e-05	0	3.318290417e-05
chitinolysis	0	7.220216606e-05	0	0.0004766160262	0	2.331763279e-05	0	0	0	0	0	0	0	0	0	0	0	0	0	0	0	5.884429799e-05	0	0	0.001039316586	0	0.0007896479698	0	0	0	0	0	3.903200625e-05	0	0	0.0004326507067	0.000599151472	0.0004308160162	0	0	0	0	0	0	0	3.467887363e-05	0.0001062981664	0	0	0	0.0005340097457	0	0.0001490135304	0	0	0.0001121166013	4.903402962e-05	0	8.492569002e-05	6.056384944e-05	9.96661185e-05	0.000802832287	0.0002113345779	6.324910661e-05	0.0002381880386	2.087072672e-05	0	0	0.0005618293163	6.897027381e-05	0	0	0.0004405933324	0.0007965265196	0.0009470752089	0.000763463682	0.000348598268	0	0.0001479837218	0	0	0	3.453396415e-05	4.677487254e-05	4.033071184e-05	0	0.0001019835806	0.0001715795614	1.764228503e-05	0.0003269213166	0	0	0	0	0	0	0	0	0	0	6.48466377e-05	0	0	0	0	7.100507686e-05	0.0004034088044	7.989453921e-05	0.0001772546795	0	5.222204815e-05	0	0	0	0.0002723682419	0	0.0001444460494	8.221655841e-05	0	0	0	4.919686124e-05	0	0	0	0	4.41527095e-05	0	3.383636733e-05	0	0.0005239717055	0	0	0	0	0	0	0.0001612643122	0	0	0.0001975568799	0.0003088939391	0	0	1.950268162e-05	0	0.003233373486	6.511688481e-05	0	0	0	0	0	0.001521732239	3.446433803e-05	0	0.004615470166	0	0.0004779577148	3.428297165e-05	0	0
knallgas_bacteria	0	0	0	0	0	0	0	0	0	0	0	0	0	0	0	0	0	0	0	0	0	0	0	0	0	0	0	0	0	0	0	0	0	0	0	0	0	0	0	0	0	0	0	0	0	0	0	0	0	0	0	0	0	0	0	0	0	0	0	0	0	0	0	0	0	0	0	0	0	0	0	0	0	0	0	0	0	0	0	0	0	0	0	0	0	0	2.549589516e-05	0	0	0	0	0	0	0	0	0	0	0	0	0	0	0	0	0	0	0	0	0	0	0	0	0	0	0	0	0	0	0	0	0	0	0	0	0	0	0	0	0	0	0	0	0	0	0	0	0	0	0.0006450572488	0	0	0	0	0	0	0	0	0	0	0	0	0	0	0	0	0	0	0	0	0	0	0	0
dark_hydrogen_oxidation	0	0.001371841155	0	0.0007149240393	0.001301100731	0.0001865410624	0.0002003205128	3.215537477e-05	1.799143608e-05	0.0007505458515	0	0.01073793142	0.004374833829	0.002510364764	0.007573578756	5.052546483e-05	0	0.0003310710147	5.242463958e-05	0	0	0	0	0	0	0	0	0	0	0	0	0.0003952178638	0.002263856362	0.000579752156	0	0.0006009037593	0.004631278945	0.00689305626	0.003669900434	0.002907799593	0.006232196806	0.006793370516	0.001125264437	0.002706692913	0.001167826383	0.00735192121	0.00518203561	0.01108674464	0.001168861529	0.0003154716301	0	0.002096638927	0.002950467902	0	0.003521982026	0	4.903402962e-05	0	0	6.056384944e-05	0	1.316118503e-05	7.044485929e-05	6.324910661e-05	0	0	0.001030691709	0	3.745528775e-05	0.007414304435	0.01704899462	0.008094519859	0.0003916385176	0.0001249453364	0.0004178272981	9.161564184e-05	5.504183179e-05	0.0005953454808	9.865581453e-05	0	0	0	0	0	0	2.941176471e-05	7.648768548e-05	0	0	0	0	0	0	0	0	0.0002840640091	0	0	0	0.00256844917	0	0	0	3.014408874e-05	0	0	0	0	0	0	0	0	0	0	2.723682419e-05	2.149890356e-05	0.0001203717078	0.0005344076297	0	0	0	0	0.0002849814762	0	0	2.122961957e-05	0.0006917257822	0.0002948692746	0.003637409488	0.0003407082473	8.732861759e-05	0.0007466908021	0.001306143086	0.003513209668	0.0002981514609	0.001315850224	0	0.004160619255	0.002385558916	0.001200925805	0.006091337131	0.002184321426	0.0002236212887	0	0.001053144807	0.001304213796	0.001331389083	0	0.001070234114	0	0.0001375831231	0.001543418286	0.001714391623	0.001474178106	0.002498664507	0.002073636143	5.560807429e-05	0	2.811515969e-05	0	0	3.318290417e-05
nitrogen_fixation	0	0.003176895307	0	0.002442657134	0.03000338286	0.02861073544	0.009844322344	0.002009710923	0	0.001023471616	0.000428026426	0.02470280596	0.01447804123	0.03023848465	0.02343974691	0.002728375101	4.731488053e-05	0.001390498262	0.0007339449541	0.04843614248	0.03304780034	0.02883370601	0.03762233995	0.0006888512081	0.001596998656	0	0.001375515818	0.07331232377	0.08240941822	0.06617172369	0.07170891251	0	0.0005464480874	7.246901949e-05	0.0009307272969	0.0007931929622	0.0001943193963	0	1.595608884e-05	0.0001672628085	3.452740613e-05	0.0005022336179	0	0.0006971784777	0.000389275461	3.467887363e-05	7.972362477e-05	0	0.001714330242	0	0.000311505685	3.225598348e-05	8.940811826e-05	0	7.286859364e-05	0.005333546889	0.001838776111	0.00364547733	0.004359518754	0.005208491052	0.005431803458	0.002987589003	0.007150153218	0.007115524493	0.007816898359	0.006929081271	0.001431516262	0.009955784604	0.003614435268	0.002862266363	0.002718776551	0.003016591252	0.003010721104	0.005341413132	0.004540389972	0.00448916645	0.005724350506	0.001019303626	0.006190652362	0.0178254783	0.02144525444	0.007076502732	0.03166764513	0.02876654661	0.08473482557	0.04220588235	0.04540818928	0.08877526509	0.0005821954059	0.1164232193	0.0006079027356	0.0004497685338	0.007618894859	0.005404670451	0.002188241497	0.003290408105	0.002242466713	0.003751013788	0.00110570544	0.00136127806	0.004344724726	0.004427377457	0.003571484516	0.00599867366	0.008339651251	0.002556182767	0.006555393071	0.0103862901	0.0220150312	0.007975009188	0.008251083607	0.02033602262	0.0008456659619	0.0005628095452	0.0003540787144	0.00290235198	0.002648177572	0.0007399490257	0.006662225183	0.00393344692	0.003288047406	0.003615969301	0.02963807353	0.03538042835	0.03827293386	0.02573029891	0.0008977717599	6.552650547e-05	1.691818366e-05	6.388279636e-05	2.18321544e-05	9.050797602e-05	0	0	2.981514609e-05	4.61701833e-05	2.66028199e-05	0.0002580228995	0.0001502714278	0	0	0.0001323831167	5.160491279e-05	4.838163433e-05	0.0002145294978	0	0.001014391682	2.170562827e-05	0.0002006688963	0.0002035727009	0	1.929272857e-05	0.0004015692089	1.585137748e-05	1.723216901e-05	0.0001985396307	0.008508035367	0.0005664438654	0.005763607737	0.0006513764613	0.006597088904	0.00199097425
nitrate_ammonification	0	0	0	0	0	0	0	0	0	0	0	0	0	0	0	0	0	0	0	0	0	0	0	0	0	0	0	0	0	0	0	0	0	0	0	0	0	0	0	0	0	0	0	0	0	0	0	0	0	0	0	0	0	0	0	0	0	0	0	0	0	0	0	0	0	0	0	0	0	0	0	0	0	0	0	0	0	0	0	0	0	0	0	0	0	0	0	0	0	0	0	0	0	0	0	0	0	0	0	0	0	0	0	0	0	0	0	0	0	0	0	0	0	0	0	0	0	0	0	0	0	0	0	0	0	0	0	0	0	0	0	0	0	0	0	0	0	0	0	0	0	0	0	0	0	0	0	0	0	0	0	0	0	0	0	0	0	0	0	0	0	0
nitrite_ammonification	0	0	0	0	0	0	0	0	0	0	0	0	0	0	0	0	0	0	0	0	0	0	0	0	0	0	0	0	0	0	0	0	0	0	0	0	0	0	0	0	0	0	0	0	0	0	0	0	0	0	0	0	0	0	0	0	0	0	0	0	0	0	0	0	0	0	0	0	0	0	0	0	0	0	0	0	0	0	0	0	0	0	0	0	0	0	0	0	0	0	0	0	0	0	0	0	0	0	0	0	0	0	0	0	0	0	0	0	0	0	0	0	0	0	0	0	0	0	0	0	0	0	0	0	0	0	0	0	0	0	0	0	0	0	0	0	0	0	0	0	0	0	0	0	0	0	0	0	0	0	0	0	0	0	0	0	0	0	0	0	0	0
nitrite_respiration	0.0003612934305	0.001732851986	5.412719892e-05	0.0008340780459	0.001587342892	0.002191857483	0.003062042125	0.0004662529342	7.196574431e-05	0.0007846615721	0.0003349772029	0.002540754066	0.001933628212	0.003803582975	0.006758700029	0.0002021018593	0.0003312041637	0.0009601059427	0.0005766710354	0.001520417029	0.001427664975	0.00147110745	0.003052886774	0.0002119542179	0.002281426652	0.0006731105786	0.001171735697	0.004644219605	0.002971768202	0.001936733376	0.005805396566	9.880446596e-05	0.002459016393	0.004782955287	0.0001994415636	0.001610422075	8.096641513e-05	0	0.0002552974215	1.286636988e-05	8.631851532e-05	0	0.001957960121	0.0006151574803	0.0001946377305	0.001629907061	5.314908318e-05	0.002923976608	0.001168861529	0.001306953896	0.001201521928	0.0002257918844	0.001043094713	0.002388092858	0.0003886324994	0.001009049411	0.001299401785	0	0.0002264685067	0.0008176119674	9.96661185e-05	0.0004343191061	0.001990067275	0.002150469625	0.0003464553289	0.001419209417	0.0001431516262	0.001434804252	0.0001123658633	6.897027381e-05	5.664117814e-05	0.0002011060835	0.0001958192588	0.001655525708	0.002144846797	0.00100777206	0.001394393072	0.0003427746708	0.001578493032	0.001259916006	0.001946351476	0.0009016393443	0.002590047312	0.001309696431	0.001734220609	0.002882352941	0.002626077202	0.0009265296318	7.056914012e-05	0.0008761491284	0.001485984465	0.0005594681761	0.0009623867191	0.0003059247425	0.0005009227524	0.001657040053	0.001915440318	0.003784806705	0.001547987616	0.000436636359	0.002918098697	0.0005647165123	0.0009868575636	0.002110086212	0.001949528864	0.002378670075	0.002823861631	0.001358207167	0.002517016449	0.00341786108	0.002584991383	0.003160608833	0	0	8.171047256e-05	0.001977899127	0.0006259328807	8.221655841e-05	0.001665556296	0.0005679308386	0.001047839283	0.0005903623349	0.004844685095	0.004259850905	0.004186102141	0.003078294837	0.0007653136314	0.0002621060219	0.0003891182243	0.0001277655927	0.001331761418	9.050797602e-05	0.0008005393107	0	0.001013714967	0.001731381874	0.001835594573	0.0003870343493	7.513571388e-05	0.001200925805	0.0006255967864	0.001875427487	0.0002236212887	0.0006773428806	0	0.0002845557374	0.0001901984404	0.001172103927	0.000602006689	0.0001526795257	0.0003210272873	0.001292612814	0.001003923022	0.001236407444	0.00105116231	0.000683858728	0.0004448645943	0	0.0008996851102	0	0	3.318290417e-05
cellulolysis	0.001324742578	0.002815884477	0	0.001608579088	0.06471675037	0.06923005177	0.1039377289	0.006189909643	0.0004857687741	0.0004776200873	0.0008932725412	0.07633389588	0.09511033766	0.07740291354	0.06284153005	0.00166734034	0.0002838892832	0.002880317828	0.002621231979	0.05902476108	0.05694796954	0.0642579734	0.0608781539	0.0003709198813	0.0001520951101	8.077326943e-05	0	0.0281970476	0.04354783404	0.0329244674	0.03188879804	0.00185752396	3.903200625e-05	0	0	2.403615037e-05	0.005602875927	0.001393816523	0.008488639265	0.01293070173	0.009736728528	0.006344003595	2.250528874e-05	0	0.004379348937	0.002358163407	0.01113473293	0.001096491228	0.004207901504	0	0.0005562601517	0	0	0	7.286859364e-05	6.406662929e-05	0.0001471020888	0.0006835269993	0.0003397027601	0.001059867365	0.0002491652963	0.001158184283	0.001549786904	0.001201733026	0.000368108787	0.001565304504	0	0.002606073029	0.002546959567	0.002620870405	0.0004531294251	0.0002513826043	0.0001468644441	0.0002186543387	0.0006406685237	0.0003206547465	7.338910906e-05	0.004789825005	0.0009865581453	0.0006066262249	0.0008493170076	0.002076502732	0.001933901993	0.001660507975	0.00153256705	0.003294117647	0.002116159298	0.001406952404	0.0001764228503	0.0005623046645	0.001756163458	0.02218126769	0.00368914909	0.00105374078	0.0007645663064	0.003976896127	0.004765241766	0.009225466342	0.00110570544	0.0005650588175	0.004182608132	0.001784504179	0.0008772067232	0.0004823054199	0.002653525398	0.0005680406149	0.002269174525	0.001478048975	0.0006026659104	0.001764057332	0.0014099953	0.0008317391666	0.06976744186	0.02014858172	0.03156747923	0.0001074945178	0.0002407434157	0.0004932993505	0.002664890073	0.002019309649	0.001264633618	0.001623496421	0.0002849814762	0.003194888179	0.0001196029183	0.001846976902	0.007079151091	0.00108118734	0.001793327468	0.0001916483891	0	0.00181015952	0	0.0007026419337	0.001282051282	0.001777552057	0	0.0003225286244	0.0009204124951	0.0003275252194	0	0.001103192639	3.440327519e-05	0.0004838163433	9.751340809e-05	0.0007588152996	0	0.001215515183	0.008829431438	5.089317523e-05	0.0001375831231	0.002083614686	0.001050257931	1.585137748e-05	0.001637056056	0.001698616841	0.001000945337	0.020222046	0.0006747638327	0.006582330556	0.00760934064	0.01718874436
xylanolysis	0	0	0	0	0.0001040880585	0.0002798115935	0	0	0	0	0	3.709130024e-05	0.0001450221159	0.001445361531	0.0001438021283	0	0	0	0	0.0002715030408	5.287648054e-05	0.000176532894	0	0.0006093683764	0	0	0	0.0001658649859	0	0.0001075962987	0	0	0	0	0	0	0.0004048320757	2.53421186e-05	0	0	0	0	0	0	0	3.467887363e-05	0.0001062981664	0	0	0	0.0005340097457	0	0	0	0	6.406662929e-05	0	0	0	0	0	3.94835551e-05	5.283364446e-05	0.0001264982132	0	0	5.726065048e-05	0	0.0003558252336	0.0001034554107	0.0002265647125	0.0001508295626	0	6.247266821e-05	0.0003064066852	0.0001221541891	5.504183179e-05	9.020386073e-06	0.0003452953508	0	0	0	0	0	0	0	7.648768548e-05	0	0	0	0	0	0	0	2.636435539e-05	0	4.671805653e-05	0	0	2.56844917e-05	0	0	3.132881154e-05	0	0	0	0	0	7.090187181e-05	0	0	0	0	0	8.171047256e-05	2.149890356e-05	0	0	0	8.413790202e-05	0	9.839372248e-05	0	0.0001183291918	0	0.0004033627717	0.0003237865364	0	0	0	0	9.050797602e-05	0	0	0	0	0	0	1.878392847e-05	0	0	0	0	0	1.950268162e-05	0.0004742595623	0	0.0004124069371	0	0.001501348669	0	0	0.000324344361	0.0002219192848	0.0004997329014	0.0004411991794	0	0	0	6.85659433e-05	0	0
dark_sulfide_oxidation	0.0003612934305	0	0	0.0004170390229	0	0	0	0.0009968166179	0	0.0001705786026	1.860984461e-05	1.854565012e-05	0	0	0	0	9.462976106e-05	0.000629034928	0	0	0	0	0	0.002040059347	0.0005069837005	0	0.001477405879	0	0	0	0	0	0.002615144418	0	0.001462571467	0.0004326507067	0.0008582440004	0.001165737456	4.786826653e-05	0.0005661202748	0.001018558481	0.0006872670561	0.001597875501	0	0.002043696171	0	0.0008769598724	0	0.002727343567	0.0002478705665	2.225040607e-05	0.001322495323	0.0005364487095	0.001249583472	0.0008258440612	0.001457515816	0.001618122977	0	0.0002547770701	0.0008478938921	0.0002740818259	0.0002763848857	0.0006692261632	0.0004743682995	0.001385821316	0.0004382852611	0	0.000204972036	0.0001123658633	3.448513691e-05	0	0.0001508295626	2.447740735e-05	4.685450116e-05	0.0001114206128	7.63463682e-05	3.669455453e-05	0.0001353057911	0.0002219755827	9.332711153e-05	0	0	0	9.354974508e-05	4.033071184e-05	2.941176471e-05	0.0002039671613	6.863182458e-05	0.0001587805653	3.923055799e-05	0	0	0	0	2.636435539e-05	7.101600227e-05	0	0	0	0.000256844917	0	0	0	0	0.0001624607387	0	0.0001008522011	0.0002796308872	3.54509359e-05	0	0	0	0	0	0	0.009416519757	0.002575954548	0.003165337499	0.0003331112592	0	0.0001445295563	0	0	0	0.0001196029183	0	0	0.0003276325274	0.0003552818569	0.0004471795745	2.18321544e-05	0.0005204208621	0.001769613213	0.0008431703204	0.001282051282	0.002308509165	0.001489757914	0.0009675858732	0.0005823017826	0.0005022053365	0.0001975568799	0	0.0002924278391	0	0.0001170160897	0.0001185648906	0.0005705953211	0.0009767532721	0.0006688963211	0.0003816988142	0	0.0004437327571	0.001946066166	1.585137748e-05	1.723216901e-05	0.0002647195076	0	0.0001132887731	5.623031939e-05	0	0	0
dark_sulfur_oxidation	0	0	0	0.0002978850164	0	0	0	1.607768739e-05	0	0	1.860984461e-05	0	0	0	0	5.052546483e-05	0	0	0	0	0	5.884429799e-05	0	0	0.001013967401	0	0	0	0.000114298777	0	0	0.004070743998	0	0	0	0.003581386405	0.01267934061	0.006132792701	0.007882307889	0.01327809372	0.02258092361	0.02437154714	0.001147769726	0.01111384514	0.001654420709	0.004820363435	0.01315439809	0.008650097466	7.792410192e-05	0	0	0.001580543191	0.001609346129	2.77685216e-05	0.0007043964051	0	0	0	0	0	0	0	1.761121482e-05	3.16245533e-05	0	0	0	2.928171942e-05	1.872764388e-05	0	0	0	0	0	2.78551532e-05	0	0	0	0	0	0	2.732240437e-05	0	4.677487254e-05	0	8.823529412e-05	0.0001019835806	0	0	0	0	0	0	0	0	0	0	3.3792917e-05	0.000221141088	0	0	0	1.566440577e-05	0	0	0	0	3.99472696e-05	0	0	0	4.158695833e-05	0	0	0	0	0	0	0	0	0.000505853447	0	0	0	0	0	0.0001618932682	0.001343293362	0.002097854774	0.002129426545	0	0.004389636837	0	0.001264755481	0.001580202743	0.003162657556	0	0.002160941784	0.004996524973	0.001877811258	0	0.0004633409086	0.0001376131008	0.00179012047	0.001150658216	0.0005453984966	0.001775185443	0	0.001204013378	0	0.0001834441642	0.001601296471	0.004618045902	0.004200615033	0.002033395944	0.0006397388101	5.560807429e-05	0	0	0	0	0
dark_thiosulfate_oxidation	0	0	0	0.0001787310098	0	9.327053118e-05	0.0002003205128	0	0	0	0	5.563695035e-05	0.0001208517632	0.000456429957	0.008963665996	0	0	0	0	0	0	0	0	0	0	5.384884629e-05	0	0.0001658649859	0	0	0	0	0	0	0	0	0.0001781261133	0	4.786826653e-05	0.0001157973289	3.452740613e-05	0	0	0	0	0	0	0	0	0	0	0	2.980270609e-05	0	0	4.804997197e-05	0	0.0006835269993	5.661712668e-05	6.056384944e-05	2.491652963e-05	7.89671102e-05	1.761121482e-05	0	0	2.087072672e-05	0	0	0.001928947319	0.002482929857	0.0002265647125	0.0001508295626	0	0	0.000278551532	1.526927364e-05	0	4.510193036e-05	0	0.0002333177788	0	0.0001912568306	0	2.338743627e-05	0	0	7.648768548e-05	0	0	0	0.001418439716	0.02162179951	0.0002940626086	0.0003059247425	0.0007118375956	0	0	0	0	0.0005650588175	0.0001296932754	0.001039078383	0.0003759457385	9.043226623e-05	0.002328603921	0.0001775126922	0	0	0	0	0	0	0.000422832981	0	0	0	0	0	0	4.206895101e-05	0	0	0	0	0	0	0.005739852236	0.0008518445711	0	0	0	0.00011313497	0	0	0.0006559332141	0	0	0	5.635178541e-05	0	0	0	1.72016376e-05	0.0004838163433	0.0001950268162	0.0007113893434	0	0	0.008829431438	0	9.172208209e-05	0	0.0006641336917	0	0.0004825007324	4.411991794e-05	0	5.664438654e-05	0	3.428297165e-05	0	0
dark_oxidation_of_sulfur_compounds	0.0003612934305	0.0005054151625	0	0.001012809056	0	9.327053118e-05	0.0002575549451	0.001012894305	0	0.0001705786026	3.721968922e-05	0.0001112739007	0.0001208517632	0.000456429957	0.008963665996	0.0001515763945	0.0005204636858	0.000629034928	0	0	0	5.884429799e-05	0	0.002040059347	0.001520951101	5.384884629e-05	0.001477405879	0.0001658649859	0.000114298777	0.0003227888961	0	0.004070743998	0.002615144418	0	0.001462571467	0.004470723969	0.01371571072	0.007298530157	0.007882307889	0.01396001132	0.0236340095	0.0250588142	0.002745645227	0.01111384514	0.00369811688	0.004820363435	0.01403135796	0.008650097466	0.002805267669	0.0002478705665	2.225040607e-05	0.002903038514	0.002175597544	0.001277351994	0.001530240466	0.001585649075	0.001618122977	0.001139211666	0.0005944798301	0.000969021591	0.0009468281258	0.0006054145115	0.001268007467	0.0006957401727	0.001948811225	0.000521768168	0.000114521301	0.0003220989136	0.002453321348	0.002620870405	0.0002265647125	0.0003016591252	0.0003426837029	0.000312363341	0.0006406685237	0.0002595776519	0.0002568618817	0.0006043658669	0.0003946232581	0.0004199720019	0.0001415528346	0.000218579235	0	0.000257261799	8.066142367e-05	0.0002058823529	0.0003314466371	0.0002745272983	0.0002293497054	7.846111598e-05	0.001418439716	0.02162179951	0.0004277274307	0.0004758829328	0.000738201951	7.101600227e-05	9.343611306e-05	3.3792917e-05	0.000221141088	0.0008732727179	0.0003242331885	0.001106844364	0.0004386033616	0.0001507204437	0.002761832557	0.0002840203075	0.0001008522011	0.000399472696	3.54509359e-05	0.0001470047777	0.0002872212648	0.0004158695833	0.000422832981	0	2.723682419e-05	0.009481016468	0.002648177572	0.003329770616	0.0003331112592	8.413790202e-05	0.0006503830033	0	0	0.0003549875754	0.0001196029183	8.491847826e-05	0.005901745504	0.002522770461	0.002453136631	0.00257660612	2.18321544e-05	0.005023192669	0.001769613213	0.002107925801	0.003518187239	0.005471166721	0.001489757914	0.003128527657	0.005635178541	0.002380016595	0.0001975568799	0.0004633409086	0.0004472425775	0.002273936814	0.001462701121	0.001446491665	0.002345780765	0.0009767532721	0.01110367893	0.0003816988142	0.0002751662463	0.002045029228	0.007475365274	0.004216466411	0.002533128845	0.0009485782356	5.560807429e-05	0.0001699331596	0.0001968061179	3.428297165e-05	0.0001396209292	0
manganese_oxidation	0.0001204311435	0.0007942238267	0	0	0.0001040880585	0.0004430350231	0.0008871336996	0	0	0.0008870087336	0.0002791476691	0.001298195508	0.0004350663476	0.004374120421	0.001485955325	0	0	0	0.00120576671	0	0	0.000176532894	8.979078747e-05	0	0.0006590788106	0	0	0.0003317299718	0.000114298777	0.00161394448	0.00139002453	1.976089319e-05	3.903200625e-05	0.000144938039	0.0005318441697	0.0004807230074	0	0.0002027369488	0.0001914730661	1.286636988e-05	0	0.0001057333932	0	0	0	0.001352476072	0.0002923199575	0	0.00202602665	0	0	0.0002580478679	0	0.0001666111296	0	4.804997197e-05	0	0	8.492569002e-05	0	9.96661185e-05	0.0001710954054	7.044485929e-05	0.0002846209797	0	0	0.000114521301	0	0.0003932805214	0.0003448513691	0	0	0.0001468644441	0.0001561816705	0	7.63463682e-05	0	9.92242468e-05	2.466395363e-05	0	0	0	0	0.0001403246176	8.066142367e-05	8.823529412e-05	0	0	0	2.615370533e-05	0	2.193992848e-05	0	0	0	0	0	0	0	5.136898341e-05	0.0001621165943	0	1.566440577e-05	0	5.415357955e-05	0	0	0.0002796308872	3.54509359e-05	0	0	0	0	0	0	2.149890356e-05	0.0002888920988	4.110827921e-05	0.0004996668887	0.000168275804	0.000975574505	0.0004919686124	0.0002849814762	0.0003549875754	0.0003588087549	0.0001061480978	0	0	0.0001691818366	0	0.0005458038599	0	0.0009269402545	0	0.001550387597	0	0	3.225286244e-05	0.0005823017826	0	0.00108656284	0.0001323831167	0	0.001257922493	0	0	0	0.0004558181937	0.0004682274247	0	0	0.0004051473	0.0003706792698	0.0004755413245	0	0	5.560807429e-05	0	0.0001968061179	0	0	0
manganese_respiration	0	0	0	0	0	0	0.0008012820513	0	0	0	0	0	0	0	4.793404276e-05	0	0	0.0001324284059	0	0	0	0	0	0	0	0	0	0	0	0	0	0	0	0	0	0	0	0	0	0	0	0	0	0	0	0	0	0	0	0	0	0	0	0	0	4.804997197e-05	0	0	0	0	0	0	0	0	0	0	0	0	0	0	0	0	0	0	0	0	0	0	0	0	0	5.464480874e-05	0	0	0	0	0	0	0	0	0	0	0	0	0	0	0	0	0	0	0	0	0	0.0001808645325	5.415357955e-05	7.100507686e-05	0	0	0	0	0	0	0	0	0	0	0	0	0	0	0	0	0	0	0	0.0001910665761	0	0	0	0	0	0	0	0	0	0	0	0	0	0	0	0	0	0	0	0	0	0	0	0	0	0	0	0	0	0	0	0	0	0	0	0
ligninolysis	0	0	0	0	0	9.327053118e-05	0.0002003205128	0	0	0	0	0	4.834070529e-05	0.000304286638	0.000191736171	0	0	0	0	0	0	0	0	0	0	5.384884629e-05	0	0.0001658649859	0	0	0	0	0	0	0	0	0	0	0	0	0	0	0	0	0	0	0	0	0	0	0	0	0	0	0	4.804997197e-05	0	0.0006835269993	5.661712668e-05	6.056384944e-05	0	7.89671102e-05	1.761121482e-05	0	0	0	0	0	0.001928947319	0.002482929857	0.0002265647125	0.0001508295626	0	0	0.000278551532	1.526927364e-05	0	4.510193036e-05	0	0.0002333177788	0	0.0001912568306	0	2.338743627e-05	0	0	0	0	0	0	0.001418439716	0.02162179951	0.0002940626086	0.0003059247425	0.0007118375956	0	0	0	0	0.0005650588175	0.0001296932754	0.001039078383	0.0003759457385	9.043226623e-05	0.002328603921	0.0001775126922	0	0	0	0	0	0	0.000422832981	0	0	0	0	0	0	0	0	0	0	0	0	0	0.005739852236	0.0008518445711	0	0	0	0	0	0	0.0006559332141	0	0	0	0	0	0	0	1.72016376e-05	0.0004838163433	0	0.0002371297811	0	0	0.008829431438	0	9.172208209e-05	0	0.0002625644827	0	0	0	0	5.664438654e-05	0	3.428297165e-05	0	0
fermentation	0.001746251581	0.02064981949	0.009526387009	0.01745606196	0.006973899919	0.01853751807	0.05070970696	0.00387472266	0.001673203555	0.009654748908	0.001377128501	0.003060032269	0.005655862519	0.006808413526	0.006135557473	0.007275666936	0.008563993376	0.001655355074	0.02353866317	0.00445264987	0.01665609137	0.01418147581	0.007183262997	0.008107248834	0.007224517732	0.01330066503	0.007157776759	0.003483164704	0.001714481655	0.004519044545	0.004006541292	0.01521588776	0.005737704918	0.009638379593	0.03403802686	0.01788289588	0.03117206983	0.05273694881	0.009366224151	0.01114227632	0.01980146741	0.02254764611	0.005896385651	0.02419619423	0.008174784682	0.02639062283	0.02577730534	0.01248781676	0.01270162861	0.008179728694	0.01537503059	0.02432101155	0.04693926208	0.007303121182	0.08751518096	0.0142227917	0.0102726292	0.008202323992	0.004302901628	0.01795718136	0.007076294414	0.007751937984	0.007678489662	0.006862528067	0.01303538175	0.004487206245	0.009218964727	0.004743638546	0.00749105755	0.02258776467	0.02418578306	0.04107591755	0.007416654428	0.005091522459	0.007158774373	0.00612297873	0.006476588874	0.009787118889	0.006807251202	0.001633224452	0.001557081181	0.01420765027	0.009634975999	0.009074325272	0.001451905626	0.005411764706	0.002039671613	0.001887375176	0.01026780989	0.0009807639497	0.02857142857	0.03040874087	0.01005159462	0.007648118563	0.005114684946	0.00248556008	0.00336370007	0.003446877534	0.002653693056	0.01872399445	0.005414694248	0.005240569234	0.0048872946	0.006119250015	0.002491064659	0.009124152377	0.00272300943	0.003794990612	0.002587918321	0.002866593164	0.002402214215	0.003618065375	0.00422832981	0.007879333633	0.006237232739	0.0120823838	0.01677981607	0.02117076379	0.00383077948	0.0105593067	0.006720624368	0.0111676875	0.006269592476	0.01195124837	0.00992704222	0.02099609375	0.02318017249	0.02018216369	0.01742572917	0.01927131024	0.01825168108	0.006855979183	0.003749894666	0.01342046093	0.006917113894	0.006648506395	0.00784783187	0.02467343977	0.01996731596	0.005633433774	0.0137631293	0.01259845994	0.003165101318	0.01001499831	0.007645051195	0.00803869958	0.01248969758	0.01363113455	0.01531772575	0.02633721818	0.0115111213	0.02536993807	0.02698236184	0.0245696351	0.02944977684	0.01771414705	0.0007785130401	0.005607794268	0.00275528565	0.01398745243	0.01466019756	0.006072471463
aerobic_chemoheterotrophy	0.05834888902	0.2528519856	0.2056292287	0.1347036044	0.2144214005	0.2359278086	0.274896978	0.0968680665	0.1503904142	0.1269104803	0.09308644273	0.1894623616	0.2472385372	0.1952759499	0.208513086	0.09301738076	0.1858528507	0.1013408376	0.1491480996	0.1888032146	0.2138324873	0.178710133	0.1913441681	0.1950773633	0.1606124363	0.131014243	0.2216618269	0.2096533422	0.2328266088	0.2373574349	0.2408830744	0.2753878075	0.2297814208	0.2458873831	0.2231086292	0.3030237477	0.3419049778	0.3394323365	0.3409018381	0.357414889	0.3512300388	0.3292537866	0.2249178557	0.2716535433	0.2297211815	0.2992093217	0.3141110816	0.2412280702	0.1944985584	0.2250439407	0.2507843268	0.2195342236	0.2729927877	0.1860768633	0.2456886082	0.3532794106	0.3251201334	0.350877193	0.2993913659	0.302092481	0.3111825385	0.3286742738	0.3000422669	0.3013187439	0.2924082976	0.3324080644	0.397446175	0.3189657697	0.3644399498	0.3719222015	0.3724157462	0.3150326797	0.3695843736	0.3685418879	0.3435654596	0.3547357652	0.374467929	0.1815984124	0.336145024	0.3538030798	0.3374265695	0.3180601093	0.2985806541	0.3196127041	0.187820125	0.2314117647	0.229819999	0.1664664905	0.4163402844	0.1312131396	0.4141168524	0.2848351214	0.2938487449	0.2918182127	0.4088320591	0.3479073951	0.2704041112	0.3146120573	0.2744360902	0.326475574	0.2820504507	0.3929749266	0.3908739172	0.3638090071	0.3490198202	0.3492739731	0.2566184257	0.3037190908	0.2333026092	0.2759279677	0.2715285393	0.2224902271	0.3632135307	0.33785457	0.3281492578	0.2901707013	0.3047089412	0.2694236619	0.3296135909	0.3185671315	0.2333068362	0.2844808501	0.2131661442	0.18447521	0.2242554718	0.1555281929	0.3198569452	0.2026407182	0.181193747	0.1358361193	0.1023273077	0.1061884829	0.1276649532	0.2228780214	0.146332737	0.2209935823	0.2124767225	0.2269956459	0.2766872664	0.2891392637	0.2316025156	0.1141804382	0.02497677779	0.2182495525	0.1476548025	0.2104052548	0.1904520383	0.1685442035	0.2082943144	0.2237009517	0.201100665	0.315802674	0.2595218237	0.2415115874	0.2666505833	0.1288301604	0.3999332703	0.2409652203	0.325348628	0.1913332648	0.377604803	0.2376227767
invertebrate_parasites	0	0	0	0	0	9.327053118e-05	0.0002003205128	0	0	0	0	0	4.834070529e-05	0.000304286638	0.000191736171	0	0	0	0	0	0	0	0	0	0	5.384884629e-05	0	0.0001658649859	0	0	0	0	0	0	0	0	0	0	0	0	0	0	0	0	0	0	0	0	0	0	0	0	0	0	0	4.804997197e-05	0	0.0006835269993	5.661712668e-05	6.056384944e-05	0	7.89671102e-05	1.761121482e-05	0	0	0	0	0	0.001928947319	0.002482929857	0.0002265647125	0.0001508295626	0	0	0.000278551532	1.526927364e-05	0	4.510193036e-05	0	0.0002333177788	0	0.0001912568306	0	2.338743627e-05	0	0	0	0	0	0	0.001418439716	0.02162179951	0.0002940626086	0.0003059247425	0.0007118375956	0	0	0	0	0.0005650588175	0.0001296932754	0.001039078383	0.0003759457385	9.043226623e-05	0.002328603921	0.0001775126922	0	0	0	0	0	0	0.000422832981	0	0	0	0	0	0	0	0	0	0	0	0	0	0.005739852236	0.0008518445711	0	0	0	0	0	0	0.0006559332141	0	0	0	0	0	0	0	1.72016376e-05	0.0004838163433	0	0.0002371297811	0	0	0.008829431438	0	9.172208209e-05	0	0.0002625644827	0	0	0	0	5.664438654e-05	0	3.428297165e-05	0	0
human_pathogens_septicemia	0	0	0	0	0	0	0	0	0	0	0	0	0	0	0	0	0	0	0	0	0	0	0	0	0	0	0	0	0	0	0	0	0	0	0	0	0	0	0	0	0	0	0	0	0	0	0	0	0	0	0	0	0	0	0	0	0	0	0	0	0	0	0	0	0	0	0	0	0	0	0	0	0	0	0	0	0	0	0	0	0	0	0	0	0	0	0	0	0	0	0	0	0	0	0	0	0	0	0	0	0	0	0	0	0	0	0	0	0	0	0	0	0	0	0	0	0	0	0	0	0	0	0	0	0	0	0	0	0	0	0	0	0	0	0	0	0	0	0	0	0	0	0	0	0	0	0	0	0	0	0	0	0	0	0	0	0	0	0	0	0	0
human_pathogens_pneumonia	0.0001204311435	0.0005776173285	0	0	0	0	0	0	0	3.411572052e-05	0.0002791476691	0	0	0	4.793404276e-05	0	0	0	0.00120576671	0	0	0	0	0	0.0006590788106	0	0	0	0	0	0	0	3.903200625e-05	0.000144938039	0.0005318441697	0	0	0.0002027369488	0.0001914730661	1.286636988e-05	0	0.0001057333932	0	0	0	0	0.0002923199575	0	0.00202602665	0	0	0.0002580478679	0	0.0001666111296	0	0	0	0	0	0	0	0	0	0.0001264982132	0	0	0	0	1.872764388e-05	0	0	0	0	0	0	0	0	0	2.466395363e-05	0	0	0	0	0	0	2.941176471e-05	0	0	0	0	0	1.096996424e-05	0	0	0	0	0	0	0	0	0	0	0	0	5.415357955e-05	0	0	0	3.54509359e-05	0	0	0	0	0	0	0	0	0	0	0	0	0	0	0	0	0	0	0	0	0	0.0005458038599	0	0.0009269402545	0	0.0004770423375	0	0	0	1.878392847e-05	0	0.00108656284	0.0001323831167	0	0.001257922493	0	0	0	0.0004558181937	0.0004682274247	0	0	0.0004051473	0	0	0	0	0	0	0	0	0	0
human_pathogens_nosocomia	0.006985006323	0.01306859206	0.02327469553	0.0004170390229	7.806604387e-05	6.995289838e-05	0	0.006833017139	0.008150120543	0.007983078603	0.001377128501	0	0	3.803582975e-05	0.000191736171	0.004547291835	0.01670215283	0.001291176957	0.01452162516	0	0	0.000117688596	0	0.02148685884	0.01493066998	0.01313911849	0.02170258291	0	0	0	0	0.01736982512	0.01733021077	0.01572577723	0.0184815849	0.01139313528	0.003465362568	0.002762290928	0.00413262701	0.0001157973289	0.001812688822	0.003224868494	0.02347301616	0.01697834646	0.02189674468	0.006311555001	0.001222428913	0.0241837232	0.01737707473	0.02077606021	0.02554346617	0.02525643507	0.01394766645	0.02002110408	0.01000728686	0	0	0.0002278423331	0	3.028192472e-05	0	0.0002369013306	0.0002465570075	0.000316245533	0.004265731237	8.348290687e-05	0	2.928171942e-05	1.872764388e-05	0	0	0	4.895481471e-05	0.0001093271694	5.571030641e-05	0.000213769831	3.669455453e-05	9.020386073e-06	9.865581453e-05	0	3.538820865e-05	2.732240437e-05	3.453396415e-05	0.0001169371813	0	0.001	0.0009178522258	3.431591229e-05	0.0001058537102	5.230741065e-05	0	1.096996424e-05	2.673296442e-05	6.798327611e-05	5.272871078e-05	0.0001657040053	4.671805653e-05	0	0	2.56844917e-05	6.48466377e-05	4.517732098e-05	3.132881154e-05	0	5.415357955e-05	0	0.002370026726	0.0009986817401	0.0002481565513	7.350238883e-05	5.222204815e-05	8.317391666e-05	0.000422832981	0	5.447364837e-05	2.149890356e-05	2.407434157e-05	0	0.0004996668887	8.413790202e-05	0.004010695187	0.0009101419329	0	0.0002366583836	0	0	0.0001618932682	0.004291986108	0.002283954795	0.009667596516	0.00327482316	0.003642946035	0.01301929721	0.01651208544	0.01457960644	0.01013435523	0.03357275871	0.005450733753	0.001822041062	0.01069915717	0.02100688156	0.00569247402	0.001462139196	0.01964294354	0.001599219893	0.00175476038	0.02339440817	0.01597534241	0.00983277592	0.03030688585	0.01238248108	0.007350529585	0.004479041176	0.01060457154	0.01027037273	0.006772407403	0.0002780403715	0	2.811515969e-05	0.0001028489149	0	0
human_pathogens_meningitis	0	0	0	0	0	0	0	0	0	0	0	0	0	0	0	0	0	0	0	0	0	0	0	0	0	0	0	0	0	0	0	0	0	0	0	0	0	0	0	0	0	0	0	0	0	0	0	0	0	0	0	0	0	0	0	0	0	0	0	0	0	0	0	0	0	0	0	0	0	0	0	0	0	0	0	0	0	0	0	0	0	0	0	0	0	0	0	0	0	0	0	0	0	0	0	0	0	0	0	0	0	0	0	0	0	0	0	0	0	0	0	0	0	0	0	0	0	0	0	0	0	0	0	0	0	0	0	0	0	0	0	0	0	0	0	0	0	0	0	0	0	0	0	0	0	0	0	0	0	0	0	0	0	0	0	0	0	0	0	0	0	0
human_pathogens_gastroenteritis	0	0	0	0	0	0	0	0	0	0	0	0	0	0	0	0	0	0	0	0	0	0	0	0	0	0	0	0	0	0	0	0	0	0	0	0	0	0	0	0	0	0	0	0	0	0	0	0	0	0	0	0	0	0	0	0	0	0	0	0	0	0	0	0	0	0	0	0	0	0	0	0	0	0	0	0	0	0	0	0	0	0	0	0	0	0	0	0	0	0	0	0	0	0	0	0	0	0	0	0	0	0	0	0	0	0	0	0	0	0	0	0	0	0	0	0	0	0	0	0	0	0	0	0	0	0	0	0	0	0	0	0	0	0	0	0	0	0	0	0	0	0	0	0	0	0	0	0	0	0	0	0	0	0	0	0	0	0	0	0	0	0
human_pathogens_diarrhea	0	0	0	0	0	0	0	0	0	0	0	0	0	0	0	0	0	0	0	0	0	0	0	0	0	0	0.0007387029395	0	0	0	0	0	0	0	0	0	0	0	0	0	0	0	0	0	0	0	0	0	0	0	0	0	0	0	0	0	0	0	0	0	0	0	0	0	0	0	0	0	0	0	0	0	0	0	0	0	0	0	0	0	0	0	0	0	0	0	0	0	0	0	0	0	0	0	0	0	0	0	0	0	0	0	0	0	0	0	0.0001008522011	0	0	0	0	0	0	0	0	0	0	0	0	0	0	0	0	0	0	0	1.471756983e-05	0	0	0	0	0	0	0	0	0	0	0	0	0	0	0	0	0	0	0	0	0	0	0	0	0	0	0	0	0	0	0	0	0	0	0
human_pathogens_all	0.01872704281	0.03371841155	0.05461434371	0.004051236223	0.003252751828	0.003031292263	0.002489697802	0.02143155728	0.01759562448	0.02336926856	0.005508514004	0.002206932364	0.003117975491	0.002130006466	0.002828108523	0.01303556993	0.04248876272	0.003542459858	0.03407601573	0.01075152042	0.00782571912	0.009120866188	0.006285355123	0.05995654939	0.03799842835	0.03438248836	0.06681440725	0.008956709239	0.007429420505	0.01710781149	0.01177432543	0.03689358759	0.05967993755	0.05681571128	0.05218720915	0.03115085088	0.009780742948	0.01132792701	0.008632244064	0.0002058619181	0.004954682779	0.008590838201	0.06391502003	0.03092191601	0.05201693348	0.01685393258	0.003321817699	0.04410331384	0.04893633601	0.05358510974	0.05544801193	0.06344751951	0.03543541754	0.05767521937	0.02470245324	0.001297349243	0.001372952829	0.005468215995	0.0113517339	0.005329618751	0.009767279613	0.002974427817	0.01084850833	0.005977040574	0.01751764757	0.00953792211	0.002548098946	0.01443588768	0.002003857895	0.003620939375	0.001189464741	0.002664655606	0.002080579625	0.001311926032	0.001364902507	0.001404773175	0.001908116835	0.001497384088	0.00360093723	0.00153989734	0.0008139287989	0.003989071038	0.003177124702	0.002829879789	0.00108892922	0.003352941176	0.004257814492	0.0005833705089	0.001164390812	0.0007061500438	0.0006079027356	0.0002632791417	0.001229716363	0.002345423026	0.001107302926	0.002319856074	0.002803083392	0.002939983779	0.001990269792	0.003416037397	0.001912975812	0.002349220691	0.001582104983	0.002019653946	0.001895375284	0.0005325380765	0.01089203772	0.004314305117	0.001985252411	0.003050349136	0.001618883493	0.003077434916	0.01014799154	0.004333633498	0.0009532888465	0.001977899127	0.001853724301	0.001233248376	0.004996668887	0.0020613786	0.01177915884	0.003837355177	0.0029923055	0.0009466335345	0.001076426265	0.0008916440217	0.001383451564	0.01343293362	0.006851864384	0.02140073678	0.01207318138	0.008168344835	0.03994269824	0.03871557055	0.02892069171	0.02687104668	0.07321096036	0.01257861635	0.004808685689	0.02757762348	0.05152941951	0.0130838647	0.003010286579	0.05438095699	0.003042418333	0.004410613929	0.05173397578	0.03865772395	0.02334448161	0.05585525981	0.04508140335	0.01765284664	0.01396225249	0.02523539296	0.0251934311	0.01319185546	0.001723850303	0.001416109664	0.0005341880342	0.004525352258	0.0002443366261	0.002223254579
fish_parasites	0	0	0	0	0	0	0	0	0	0	0	0	0	0	0	0	0	0	0	0	0	0	0	0	0	0	0	0	0	0	0	0	0	0	0	0	0	0	0	0	0	0	0	0	0	0	0	0	0	0	0	0	0	0	0	0	0	0	0	0	0	0	0	0	0	0	0	0	0	0	0	0	0	0	0	0	0	0	0	0	0	0	0	0	0	0	0	0	0	0	0	0	0	0	0	0	0	0	0	0	0	0	0	0	0	0	0	0	0	0	0	0	0	0	0	0	0	0	0	0	0	0	0	0	0	0	0	0	0	0	0	0	0	0	0	0	0	0	0	0	0	0	0	0	0	0	0	0	0	0	0	0	0	0	0	0	0	0	0	0	0	0
human_gut	0	0	0	5.957700328e-05	2.602201462e-05	4.663526559e-05	0	0	0	0	0	0	2.417035265e-05	3.803582975e-05	4.793404276e-05	0	0.00354861604	0	0	0	5.287648054e-05	5.884429799e-05	8.979078747e-05	0	0	0.0008615815406	0.0003056701819	0	0	0	0	0	0	0	0	7.210845111e-05	0.0008744372834	0.004105423213	0.0005744191984	2.573273976e-05	0.0004661199827	0.0007401337527	0	0.002009514436	0	0.0008322929671	7.972362477e-05	0	0.003818280994	6.760106359e-05	0.001513027613	3.225598348e-05	0.01293437444	2.77685216e-05	0.0002671848433	1.601665732e-05	7.355104442e-05	0	0.0001132342534	0	0.0001744157074	0.0001842565905	0	9.487365991e-05	0.0004114157031	0	0	0	1.872764388e-05	3.448513691e-05	0	5.027652086e-05	0	0	0.000139275766	0	9.173638632e-05	0	0	0	0	0	3.453396415e-05	2.338743627e-05	4.033071184e-05	0	0	0	0.0001764228503	0	0	0	0	0	2.636435539e-05	0	0	3.3792917e-05	0	0	3.242331885e-05	0	3.132881154e-05	0	0	0	0	0.0001198418088	0.0001063528077	0	0	0	0	0	2.723682419e-05	2.149890356e-05	0	0	0	0	0	0	0	0	0	0	0.0005592676537	0.0009173710766	0.0003383636733	0.0005749451673	0.0001746572352	0.000203642946	0.0002528018876	0	0	0	0	3.225286244e-05	0.0007513571388	0	0.0006585229331	0.0004854047614	0.0001032098256	0	0.0001560214529	0.0009010931683	0	0.0007814026177	0	2.544658761e-05	0	0.0007138309571	0.0004942390263	0	0	6.617987691e-05	0	0	0	3.428297165e-05	0.0002443366261	0
human_associated	0.01872704281	0.03371841155	0.05461434371	0.004051236223	0.003252751828	0.003031292263	0.002489697802	0.02143155728	0.01759562448	0.02336926856	0.005508514004	0.002206932364	0.003142145844	0.002130006466	0.002876042565	0.01303556993	0.04603737876	0.003542459858	0.03407601573	0.01075152042	0.00782571912	0.009179710486	0.006285355123	0.05995654939	0.03799842835	0.0352440699	0.06712007744	0.008956709239	0.007429420505	0.01710781149	0.01177432543	0.03689358759	0.05967993755	0.05681571128	0.05218720915	0.03115085088	0.009780742948	0.01160669032	0.009206663263	0.0002058619181	0.004989210186	0.008590838201	0.06391502003	0.03293143045	0.05201693348	0.01685393258	0.003321817699	0.04410331384	0.0526766929	0.0536527108	0.05544801193	0.06344751951	0.03543541754	0.05767521937	0.02470245324	0.001297349243	0.001372952829	0.005468215995	0.0113517339	0.005329618751	0.009792196143	0.002974427817	0.01084850833	0.005977040574	0.01792906327	0.00953792211	0.002548098946	0.01443588768	0.002003857895	0.003620939375	0.001189464741	0.002714932127	0.002080579625	0.001311926032	0.00147632312	0.001404773175	0.001926464113	0.001497384088	0.00360093723	0.00153989734	0.0008139287989	0.003989071038	0.003177124702	0.002829879789	0.00108892922	0.003352941176	0.004257814492	0.0005833705089	0.001164390812	0.0007061500438	0.0006079027356	0.0002632791417	0.001229716363	0.002345423026	0.001107302926	0.002319856074	0.002803083392	0.002973776696	0.001990269792	0.003416037397	0.001912975812	0.002349220691	0.001582104983	0.002019653946	0.001895375284	0.0005325380765	0.01089203772	0.004354252387	0.002056154282	0.003050349136	0.001618883493	0.003077434916	0.01014799154	0.004333633498	0.0009532888465	0.001977899127	0.001853724301	0.001233248376	0.004996668887	0.0020613786	0.01177915884	0.003837355177	0.0029923055	0.0009466335345	0.001076426265	0.0008916440217	0.001383451564	0.01343293362	0.006851864384	0.02140073678	0.01207318138	0.008168344835	0.03994269824	0.03871557055	0.02892069171	0.02687104668	0.07321096036	0.01257861635	0.004865037474	0.02757762348	0.05152941951	0.01354720561	0.003113496405	0.05438095699	0.003042418333	0.004884873491	0.05173397578	0.03943912657	0.02334448161	0.05585525981	0.04508140335	0.01794223757	0.01396225249	0.02523539296	0.0251934311	0.01319185546	0.001723850303	0.001416109664	0.0005341880342	0.004525352258	0.0002443366261	0.002223254579
mammal_gut	0	0	0	5.957700328e-05	2.602201462e-05	4.663526559e-05	0	0	0	0	0	0	2.417035265e-05	3.803582975e-05	4.793404276e-05	0	0.00354861604	0	0	0	5.287648054e-05	5.884429799e-05	8.979078747e-05	0	0	0.003096308662	0.0003056701819	0	0	0	0	0	0	0	0	7.210845111e-05	0.0008744372834	0.005169792195	0.0005744191984	2.573273976e-05	0.0004833836858	0.0007401337527	0	0.002009514436	0	0.002219447912	0.0005580653734	0	0.003818280994	6.760106359e-05	0.001513027613	3.225598348e-05	0.01293437444	2.77685216e-05	0.0002671848433	1.601665732e-05	7.355104442e-05	0	0.0001132342534	0	0.0001744157074	0.0001842565905	0	9.487365991e-05	0.0004114157031	0	0	0	1.872764388e-05	3.448513691e-05	0	5.027652086e-05	0	0	0.000139275766	0	9.173638632e-05	0	0	0	0	0	3.453396415e-05	2.338743627e-05	4.033071184e-05	0	0	0	0.0001764228503	0	0	0	2.673296442e-05	0	2.636435539e-05	0	0	3.3792917e-05	0	0	3.242331885e-05	0	3.132881154e-05	0	0	0	0	0.0001198418088	0.0001063528077	0	0	0	0	0	2.723682419e-05	2.149890356e-05	0	0	0	0	0	0	0	0	0	0	0.002369528743	0.0009173710766	0.0008459091832	0.0005749451673	0.000218321544	0.000203642946	0.0002528018876	0	0	0	0	3.225286244e-05	0.0008264928527	0	0.0006585229331	0.0004854047614	0.0001032098256	0	0.0001560214529	0.0009722321026	0	0.0007814026177	0	2.544658761e-05	0	0.0007138309571	0.0007413585395	0.0003804330596	1.723216901e-05	0.0003970792614	0	0	0	3.428297165e-05	0.0002443366261	0
animal_parasites_or_symbionts	0.02011200096	0.03530685921	0.05640054127	0.004527852249	0.1184522106	0.1165648463	0.02200663919	0.02241229622	0.01856716203	0.02456331878	0.005731832139	0.07043637915	0.06397892345	0.1201171504	0.09759371105	0.01323767179	0.04660515732	0.004370137394	0.03627785059	0.08259122502	0.05700084602	0.07049546899	0.07686091407	0.06228804578	0.04240918654	0.03869039606	0.06714554995	0.1204179798	0.1131557892	0.08844415752	0.07342600164	0.03829661101	0.06073380172	0.05681571128	0.05305145592	0.03453994808	0.0114486511	0.01241763811	0.009988511616	0.0006819176038	0.006801899007	0.01059977267	0.06650312824	0.03682742782	0.05250352781	0.01810237203	0.003693861281	0.04684454191	0.05439102314	0.05660462391	0.05604877289	0.06528611057	0.03656792037	0.06250694213	0.02494534855	0.002114198767	0.001569088948	0.01002506266	0.01678697806	0.008963449717	0.01888672946	0.004251062766	0.01104223169	0.006008665128	0.0189467758	0.009809241558	0.003979615208	0.01449445111	0.00425117516	0.007966066625	0.001472670632	0.01231774761	0.00249669555	0.001374398701	0.001810584958	0.001542196638	0.001999853222	0.001966444164	0.003625601184	0.003546430238	0.00130936372	0.008524590164	0.004351279483	0.005215398288	0.001209921355	0.003558823529	0.004589261129	0.0007206341581	0.001376098232	0.0007715343071	0.002026342452	0.02188507865	0.001844574545	0.004758829328	0.003005536515	0.002556576082	0.002943237561	0.003108948364	0.00221141088	0.005676272667	0.002139939044	0.004811384685	0.003367847241	0.002893832519	0.004657207841	0.001065076153	0.01174928143	0.004474094196	0.002304310834	0.003234105108	0.001671105541	0.003909174083	0.01057082452	0.004783881135	0.001034999319	0.002063894741	0.002142616399	0.001685439448	0.005662891406	0.002671378389	0.01242954184	0.004132536344	0.003562268453	0.001893267069	0.001674440856	0.005583389946	0.007344067348	0.01503833301	0.006987209853	0.02201827048	0.01207318138	0.008575630727	0.04095390579	0.03969926925	0.03127608825	0.02740200379	0.07560521415	0.0139977423	0.006085992825	0.02849469409	0.05811464884	0.01773933764	0.003818763546	0.05883206735	0.003764017552	0.005619975813	0.05667913523	0.04119728246	0.03377926421	0.05883251056	0.04567759688	0.02131846507	0.01695857659	0.02702659861	0.02612396822	0.01491253226	0.001890674526	0.001529398437	0.0006185335133	0.004559635229	0.0002443366261	0.002256437483
plant_pathogen	0	7.220216606e-05	0	0	0	9.327053118e-05	0.0002003205128	0	0	0	0	0	4.834070529e-05	0.000304286638	0.000191736171	0	0	0	0	0	0	0	0	0	0	5.384884629e-05	0.0007896479698	0.0001658649859	0	0	0	0	0	0	0	0	0	0	0	0	0	0	0	0	0	0	0	0	0	0	0	0	0	0	0	4.804997197e-05	0	0.0006835269993	5.661712668e-05	6.056384944e-05	0	7.89671102e-05	1.761121482e-05	0	0	0	0	0	0.001928947319	0.002482929857	0.0002265647125	0.0001508295626	0	0	0.000278551532	1.526927364e-05	0	4.510193036e-05	0	0.0002333177788	0	0.0001912568306	0	2.338743627e-05	0	0	0	0	0	0	0.001418439716	0.02162179951	0.0002940626086	0.0003059247425	0.0007118375956	0	0	0	0	0.0005650588175	0.0001296932754	0.001039078383	0.0003759457385	9.043226623e-05	0.002328603921	0.0001775126922	0	0	0	0	0	0	0.000422832981	0	0	0	0	0	0	0	0	0	0	0	0	0	0.005739852236	0.0008518445711	0	0	0	0	0	0	0.0006559332141	0	0	0	0	0	0.0001975568799	0	1.72016376e-05	0.0004838163433	0	0.0002371297811	0.003233373486	6.511688481e-05	0.008829431438	0	9.172208209e-05	0	0.0002625644827	0	3.446433803e-05	0	0	5.664438654e-05	0	3.428297165e-05	0	0
oil_bioremediation	0	0	0	0	0	0	0	0	0	0	0	0	0	0	0	0	0	0	0	0	0	0	0	0	0	0	0	0	0	0	0	0	0	0	0	0.0003365061052	0	0	0	0	0	0	0	0	0	0	0	0	0	0	0	0	0	0	0	0	0	0	0	0	0	0	0	0	0	0	0	0	0	0	0	0	0	0	0	0	0	0	0	0	0	0	0	0	0	0	0	0	0	0	0	0	0	0	0	0	0	0	0	0	0	0	0	0	0	0	0	0	0	0	0	0	0	0	0	0	0	0	0	0	0	0	0	0	0	0	0	0	0	0	0	0	0	0	0	0	0	0	0	0	0	0	0	0	0	0	0	0	0	0	0	0	0	1.585137748e-05	0	6.617987691e-05	0	0	0	0	0	0
aromatic_hydrocarbon_degradation	0.0009634491479	0.001371841155	0.0004871447903	0.0008936550492	0.0001561320877	0.0004663526559	0.001230540293	0.00104504968	5.397430823e-05	3.411572052e-05	0.0003349772029	0.0001669108511	0.0004834070529	0.0003423224678	0.0005272744703	0	4.731488053e-05	0.0001324284059	0.0005242463958	0	0.0003701353638	5.884429799e-05	0	0.00153666808	0.001673046212	0.001292372311	0.001350043303	0.0001658649859	0	0	0	0.0004742614366	0.005581576893	0.001087035292	0.0001994415636	0.00129795212	0.0001781261133	0.000253421186	0.0001436047996	0	3.452740613e-05	2.643334831e-05	0.001552864923	0.0006151574803	0.0008272103547	0.000277430989	5.314908318e-05	0.002923976608	0.001168861529	0.000991482266	0.00135727477	0.0002257918844	0.0007152649461	0.002693546596	0.0003886324994	0.001601665732	0.002623320584	0.008885850991	0.008322717622	0.002543681676	0.004061394329	0.01471420487	0.001813955127	0.001770974985	0.003767701702	0.001940977585	0.003865093907	0.001376240813	0.003164971815	0.005103800262	0.000849617672	0.0008547008547	0.00369608851	0.001327544199	0.001810584958	0.0009008871448	0.001174225745	0.002381381923	0.002688370946	0.002846476902	0.002335621771	0.001557377049	0.001070552889	0.001637120539	0.002056866304	0.001647058824	0.00163173729	0.001681479702	0.004251790692	0.0005623046645	0.00168861871	0.02176440905	0.001416847114	0.004962779156	0.003427366201	0.001136256036	0.0003270263957	0.003244120032	0.00110570544	0.003826989264	0.001718435899	0.003072057827	0.001738749041	0.001055043106	0.005956893751	0.00248517769	0.0002521305027	0.0006791035833	0.0002481565513	0.000624770305	0.0002088881926	0.00124760875	0.00422832981	0.003658262044	0.009614598938	0.002708861848	0.004044489383	0.007522815095	0.001165889407	4.206895101e-05	0.0003613238907	0.000196787445	0.0004274722143	0.0005916459591	0	0.000827955163	0.006858387543	0.001179477098	0.0007105637139	0.0001277655927	0.0009387826391	0.00011313497	0.0008005393107	0	0.002206320811	0.001777552057	0.001835594573	0	1.878392847e-05	0.0008952355998	0.0006255967864	0.0002647662335	0.0002580245639	0.001644975567	0	0.0002608427592	0.0001901984404	0.00175815589	0.009698996656	0.0002290192885	0.0005503324925	0.001350491	0.00145182714	0.001410772596	0.0004997329014	0.001147117866	0.0001112161486	0.008270080435	0	0.006822311358	0.01689413243	0.0008959384125
aromatic_compound_degradation	0.005359185885	0.02274368231	0.01320703654	0.01036639857	0.0003122641755	0.0006995289838	0.001373626374	0.007974532943	0.006135079702	0.01003002183	0.001842374616	0.0003894586525	0.001474391511	0.0005705374463	0.0008148787269	0.006366208569	0.008847882659	0.001920211885	0.004823066841	0.0005430060817	0.001110406091	0.0003530657879	0.0001795815749	0.01014730818	0.0155643996	0.01359683369	0.01434102603	0.0009951899154	0.000914390216	0.0006455777921	0.001144726083	0.009327141587	0.01381733021	0.01565330821	0.01017151974	0.01295548505	0.001716488001	0.002863659402	0.002425325504	7.719821929e-05	0.0005697022011	0.00219396791	0.01361569969	0.00844816273	0.007931487519	0.001560549313	0.001302152538	0.006152534113	0.01581859269	0.01599891838	0.01444051354	0.01580543191	0.00631817369	0.01660557592	0.008331309206	0.01033074397	0.02191821124	0.01731601732	0.02004246285	0.0158071647	0.0165694922	0.05619826009	0.0458596034	0.04980867145	0.02728335715	0.04604082314	0.006699496106	0.03247342684	0.04867314643	0.008517828816	0.006740300198	0.004876822524	0.03478239585	0.04394952208	0.05506963788	0.05530530913	0.03559371789	0.009588670395	0.03832778394	0.006999533364	0.03634369028	0.0118579235	0.01229409124	0.02219467702	0.03674127848	0.04238235294	0.04655550456	0.02724683436	0.02247627113	0.03379058728	0.003512326917	0.02252133658	0.008821878258	0.0112512322	0.006986554179	0.04478742543	0.06129409017	0.02480400108	0.0497567448	0.008861149638	0.04788924194	0.008809577592	0.01895393098	0.01651896063	0.01142640529	0.02165654844	0.0462911603	0.0521711341	0.05168746455	0.0572583609	0.04598151339	0.02769691425	0.004651162791	0.008104457452	0.01059512461	0.01689813819	0.02775771583	0.04225931103	0.02964690207	0.02326412991	0.02153490389	0.02238457186	0.004987175834	0.004733167672	0.00705657218	0.005243716033	0.007476525476	0.004357512614	0.001962509305	0.002448840527	0.003558641167	0.003054644191	0.006530715429	0.00772906127	0.008914728682	0.007641165335	0.007289172652	0.005515239478	0.002047448203	0.008013450369	0.01534358434	0.004390706705	0.001393332645	0.01253084329	0.0008776206728	0.001612482512	0.0111583085	0.01356601767	0.0125083612	0.01883047483	0.006925017198	0.003665618428	0.003892132332	0.01263354786	0.002119556789	0.003154574132	0.08380136796	0.009516256939	0.04700854701	0.00685659433	0.01818562603	0.0009291213167
aliphatic_non_methane_hydrocarbon_degradation	0.0006021557175	0.001010830325	0.0004330175913	0.001370271075	0.0001821541024	0.0003264468591	0.0002289377289	0.0005787967459	0	0	0	0.0001669108511	0.0004350663476	3.803582975e-05	0.0002876042565	0	0	0	0	0	0.0003701353638	5.884429799e-05	0	0.001324713862	0.0002027934802	0.000565412886	0.0001783076061	0	0	0.0007531740908	0	0.0003754569707	0.0031225605	0	0	0.0002884338044	9.715969816e-05	0.000253421186	6.382435537e-05	0.0002830601374	0.0001553733276	0.0006344003595	0.0007201692398	0	0.0006325726242	0.0003814676099	0.0001328727079	0	0	0	0.0001557528425	0	0	0.0003054537376	0	0.001681749019	0.002623320584	0.008202323992	0.008266100495	0.002483117827	0.004061394329	0.01463523776	0.001778732697	0.001770974985	0.003464553289	0.001940977585	0.003865093907	0.001376240813	0.001236024496	0.002620870405	0.0006230529595	0.0007038712921	0.00369608851	0.001327544199	0.001532033426	0.0008856178712	0.001174225745	0.002354320765	0.002737698853	0.002613159123	0.002335621771	0.00131147541	0.001070552889	0.001613733103	0.002056866304	0.001647058824	0.001555249605	0.001681479702	0.004251790692	0.0005623046645	0.0002701789936	0.0001426095351	0.001256449328	0.00472483769	0.003849195887	0.001136256036	0.0003270263957	0.003717220871	0.00110570544	0.003261930446	0.001588742624	0.002032979444	0.001362803302	0.0007837463073	0.00357413625	0.002236659921	0.0002521305027	0.0004394199656	0.0002481565513	0.000624770305	0.0002088881926	0.00124760875	0.003805496829	0.003658262044	0.009614598938	0.002708861848	0.004044489383	0.007522815095	0.0001665556296	4.206895101e-05	0.0003613238907	0.000196787445	0.0007124536905	0.0005916459591	0	0.000636888587	0.001295146145	6.552650547e-05	0.0004229545916	0	0	4.525398801e-05	0	0.004777965149	0.0005366726297	4.61701833e-05	0	0	0	0	0	0.0001544469695	1.72016376e-05	0.0004838163433	0	0	0	0.0005860519633	0.00347826087	7.633976284e-05	0.0001375831231	0.0007138309571	0.000324344361	0.0009669340266	0	0.0005735589332	0.0001112161486	0.008213436048	0	0.007096575131	0.01689413243	0.0009623042209
hydrocarbon_degradation	0.007828024327	0.01249097473	0.01185385656	0.002025618111	0.02378412137	0.0114489577	0.008957188645	0.008022766005	0.006063113958	0.01286162664	0.00331255234	0.01370523544	0.005945906751	0.0226313187	0.01461988304	0.005456750202	0.03103856163	0.001622247972	0.0105897772	0.03182015639	0.0152284264	0.01800635518	0.02397414025	0.0233944468	0.02154680727	0.01836245658	0.02608385552	0.02255763808	0.02914618814	0.02593070798	0.01643499591	0.01930639265	0.02287275566	0.03449525328	0.01861454594	0.01475819633	0.003432976002	0.002787633046	0.003127393413	0.0004245902061	0.002244281398	0.002537601438	0.03182247828	0.01300032808	0.03600798015	0.008184214177	0.003188944991	0.01638645224	0.01877970856	0.02990220379	0.02503170683	0.02574027482	0.01108660666	0.02529712318	0.01199902842	0.001873948907	0.003187211925	0.008885850991	0.008464260439	0.002604245526	0.004161060448	0.01529329701	0.003117185023	0.003763321843	0.009744056126	0.003088867554	0.004065506184	0.002401100993	0.003352248254	0.005103800262	0.001019541206	0.0009049773756	0.003891907769	0.001421253202	0.002033426184	0.001053579881	0.001284309408	0.002462565398	0.002861018621	0.0169855343	0.0208790431	0.004480874317	0.02752356943	0.02476729501	0.08433151845	0.03991176471	0.04398041915	0.08856936962	0.004375286687	0.1154947627	0.00168861871	0.02177537901	0.00205843826	0.005472653727	0.004824677037	0.00343244011	0.002195748657	0.004764801298	0.00221141088	0.003904042739	0.003858374943	0.003523831037	0.0024436473	0.003557002472	0.009531030001	0.00315972592	0.008169028289	0.009267766548	0.02173142371	0.005953693495	0.002663324456	0.01680113117	0.005073995772	0.00410850968	0.01005038812	0.002945349787	0.004381530165	0.007563923374	0.00416389074	0.0009886203488	0.00740713976	0.001648094852	0.01239669421	0.01857768311	0.01231910059	0.01568868886	0.007373502487	0.006814756569	0.003028354876	0.008049232342	0.006331324775	0.002534223328	0.01668492458	0.01890106802	0.01511627907	0.01976083845	0.03487629689	0.00541848089	0.001953528561	0.009520066378	0.02344341642	0.006199942634	0.0009116867926	0.02694857032	0.001677230619	0.001612482512	0.04501363089	0.01866684031	0.02735785953	0.02570105349	0.01540930979	0.008276580557	0.004309146511	0.01258599372	0.009460460788	0.005426749906	0.001334593783	0.008723235527	0.003823661718	0.007405121876	0.01689413243	0.001891425538
dark_iron_oxidation	0	0	0	0	0	0	0	0	0	0	0	0	0	0	0	0	0	0	0	0	0	0	0	0	0	0	0	0	0	0	0	0	0	0	0	0	0	0	0	0	0	0	0	0	0	0	0	0	0	0	0	0	0	0	0	0	0	0	0	0	0	0	0	0	0	0	0	0	0	0	0	0	0	0	0	0	0	0	0	0	0	0	0	0	0	0	0	0	0	0	0	0	0	0	0	0	0	0	0	0	0	0	0	0	0	0	0	0	0	0	0	0	0	0	0	0	0	0	0	0	0	0	0	0	0	0	0	0	0	0	0	0	0	0	0	0	0	0	0	0	0	0	0	0	0	0	0	0	0	0	0	0	0	0	0	0	0	0	0	0	0	0
iron_respiration	0	0	0	0.001072386059	0.008561242811	0.00475679709	0.004950778388	1.607768739e-05	0	0	0.000428026426	0.002744756217	0.005921736398	0.002510364764	0.002109097881	0	0	0.0003972852177	0.0001048492792	0.00179192007	0.004230118443	0.003236436389	0.001616234174	0	0.0004055869604	0	0	0.01310333389	0.004686249857	0.009360877986	0.003761242845	0	0	0	0	0	0	0	0.0001755169773	0	0.0003970651705	0	0	0	0	3.467887363e-05	0	0	0	0	0	0	0	0	0	0.0004644830624	0.002721388644	0	0.0002264685067	0.0001514096236	0	0.0002105789605	0.000792504667	0.002182094178	0.0008661383223	0.0006052510748	0.00480989464	0.002664636467	0.002472048992	0.01996689427	0.02854715378	0.009803921569	0.006535467763	0.004576122946	0.001671309192	0.0036493564	0.002256715103	1.804077215e-05	0.006782587249	0.0001399906673	0.001203199094	0.0003825136612	0.004627551197	0.00100565976	0.001895543456	0.002441176471	0.004308806282	0.0008922137195	0.0001058537102	0.0003661518746	0	4.387985695e-05	0.0001603977865	0.0001359665522	2.636435539e-05	0.0007575040242	0.001121233357	0.0004731008381	0.000442282176	0.01335593569	0.0003566565074	0.0001807092839	0.0002349660866	0.009163802978	0.0002707678978	7.100507686e-05	0.001109374212	0.000199736348	0.0006735677822	0.0007717750827	0.0005222204815	0.0004990435	0.0156448203	0.00360198109	0.00285986654	0.0001719912284	0.006235254466	0.0003288662337	0.001332445037	0.001283103006	0.001300766007	0.000713354488	0.001709888857	0.001183291918	0.003588087549	0.001995584239	0.0003237865364	0	1.691818366e-05	0	0	2.2626994e-05	0	0	0	0	0	0	0.0001690553562	0	0	0	0	0	0	0.0003082687155	0	0	0	0	0	0	0	0	0	0	0	0.001529398437	0	6.85659433e-05	0	0.03152375896
nitrate_respiration	0.01397001265	0.02209386282	0.03258457375	0.002144772118	0.00208176117	0.002494986709	0.003348214286	0.01548281295	0.01050699867	0.01719432314	0.004652461152	0.002726210567	0.002417035265	0.004374120421	0.007238040456	0.006517784964	0.0267329075	0.003873530872	0.02018348624	0.002497827976	0.001480541455	0.001824173238	0.003412049924	0.04170199237	0.02864457908	0.02385503891	0.04475520913	0.005141814563	0.003543262087	0.002797503766	0.006132461161	0.02418733327	0.04457455113	0.04949634031	0.03935646855	0.02264205365	0.007270784079	0.007019766853	0.005153816696	0.002020020072	0.004989210186	0.006291136898	0.04462798758	0.01697834646	0.03308841419	0.0119642114	0.002923199575	0.02320906433	0.03436452895	0.03871287575	0.03266359611	0.04473904909	0.01141443643	0.04590136621	0.01683264513	0.001825898935	0.002206531333	0.0006835269993	0.0004529370134	0.001150713139	0.0003488314148	0.0008686382122	0.002853016801	0.002529964264	0.01136806548	0.001690528864	0.0002290426019	0.001698339727	0.0004307358091	0.0003103662322	0.0005664117814	0.002413273002	0.001052528516	0.002311488724	0.002813370474	0.001771235742	0.002128284163	0.0007126104997	0.00217042792	0.001586560896	0.002335621771	0.001721311475	0.002969920917	0.001894382338	0.001935874168	0.004882352941	0.004181326806	0.001578531965	0.0003528457006	0.00117691674	0.001621073961	0.00064722789	0.001764375652	0.001087732418	0.001819140522	0.002461888079	0.002476056996	0.003987564207	0.00221141088	0.001078748652	0.003631411711	0.001536028913	0.001597769389	0.0024115271	0.003086754034	0.003479248766	0.01159800313	0.004354252387	0.003970504821	0.004042631386	0.002898323672	0.00374282625	0.000422832981	0.0004502476362	0.0003540787144	0.002773358559	0.001155568395	0.0002466496752	0.002331778814	0.0007782755937	0.008165919931	0.001525102698	0.004987175834	0.004378180097	0.005023322569	0.003651494565	0.001162688017	0.009370290282	0.005007782364	0.01096654671	0.009213169156	0.004864803711	0.02801887587	0.02318718381	0.01803816339	0.02063807193	0.04424048949	0.00977261732	0.003456242839	0.01928031792	0.03417734023	0.009928733755	0.002253414525	0.03797958295	0.001501706485	0.003367242892	0.03493311355	0.02550411322	0.01545150502	0.03015420632	0.03733088741	0.01306117724	0.01166095203	0.01808642171	0.01578466682	0.007676865721	0.0006672968915	0.0003398663192	0.001265182186	0.0001371318866	3.490523229e-05	0.00039819485
nitrate_reduction	0.01499367736	0.04657039711	0.03821380244	0.01423890378	0.005672799188	0.005829408198	0.006295787546	0.01675295026	0.01124464755	0.02285753275	0.005322415558	0.005341147234	0.006332632393	0.009508957438	0.01251078516	0.009498787389	0.02990300449	0.007945704354	0.02065530799	0.004072545613	0.006768189509	0.007120160056	0.004040585436	0.04395400593	0.03168648128	0.0293206968	0.04962045952	0.007463924366	0.006057835181	0.004626640844	0.009157808667	0.02808022923	0.05070257611	0.05152547286	0.05511235208	0.02427651187	0.01127052499	0.01353269133	0.007260020424	0.003499652608	0.008441950798	0.008749438291	0.04852140253	0.02403215223	0.03532674809	0.01428769594	0.005235184693	0.02467105263	0.0363905556	0.04209292893	0.03588990499	0.04873879105	0.01716635871	0.05031656115	0.01921301919	0.01441499159	0.008237716976	0.01799954432	0.01285208776	0.02271144354	0.01298151194	0.0306918835	0.02261279983	0.01995509313	0.02812784202	0.02151771925	0.001889601466	0.01794969401	0.02303500197	0.005517621905	0.007873123761	0.01478129713	0.016644637	0.01430624102	0.01417827298	0.01526927364	0.009008513137	0.005863250947	0.01262794426	0.008446103593	0.02477174605	0.01852459016	0.02078944642	0.01896721081	0.009518047994	0.01458823529	0.01126918566	0.006073916475	0.004833986098	0.007963803272	0.002634245187	0.001239605959	0.004785200631	0.005540637003	0.004798312681	0.01029732033	0.008502686288	0.008583400919	0.008403361345	0.003672882314	0.01151027819	0.004449966117	0.007456257147	0.01021884608	0.007581501137	0.01185784784	0.02223791034	0.01693764231	0.01074163358	0.01440646821	0.01172384981	0.01114530483	0.003382663848	0.01480189104	0.0126106496	0.009416519757	0.007318599836	0.008427197238	0.01432378414	0.02238068194	0.02052319699	0.02053968957	0.02892561983	0.02047095018	0.02439899534	0.01832116168	0.005254172431	0.01307253784	0.007697773567	0.01520410553	0.01023928041	0.006403439303	0.02881941518	0.02922990444	0.02081097197	0.02310817674	0.04807129556	0.01444928237	0.00478990176	0.02142014935	0.0378321425	0.01661408115	0.002838270203	0.04228554841	0.002632862019	0.004339474995	0.03962467508	0.02797855484	0.02040133779	0.03259707873	0.04205457464	0.01668821021	0.01442560158	0.02044827696	0.01969636918	0.01219915731	0.008118778847	0.0147275405	0.01532276203	0.006170934897	0.001116967433	0.01287496682
nitrogen_respiration	0.01397001265	0.02209386282	0.03258457375	0.002144772118	0.00208176117	0.00258825724	0.003548534799	0.01548281295	0.01050699867	0.01719432314	0.004652461152	0.002726210567	0.00246537597	0.004678407059	0.007429776627	0.006517784964	0.0267329075	0.003873530872	0.02018348624	0.002497827976	0.001480541455	0.001824173238	0.003412049924	0.04170199237	0.02864457908	0.02390888775	0.04475520913	0.005307679549	0.003543262087	0.002797503766	0.006132461161	0.02418733327	0.04457455113	0.04949634031	0.03935646855	0.02264205365	0.007270784079	0.007019766853	0.005153816696	0.002020020072	0.004989210186	0.006291136898	0.04462798758	0.01697834646	0.03308841419	0.0119642114	0.002923199575	0.02320906433	0.03436452895	0.03871287575	0.03266359611	0.04473904909	0.01141443643	0.04590136621	0.01683264513	0.001873948907	0.002206531333	0.001367053999	0.0005095541401	0.001211276989	0.0003488314148	0.0009476053224	0.002870628016	0.002529964264	0.01136806548	0.001690528864	0.0002290426019	0.001698339727	0.002359683128	0.002793296089	0.0007929764939	0.002564102564	0.001052528516	0.002311488724	0.003091922006	0.001786505016	0.002128284163	0.0007577124301	0.00217042792	0.001819878675	0.002335621771	0.001912568306	0.002969920917	0.001917769774	0.001935874168	0.004882352941	0.004181326806	0.001578531965	0.0003528457006	0.00117691674	0.003039513678	0.0222690274	0.00205843826	0.00139365716	0.002530978118	0.002461888079	0.002476056996	0.003987564207	0.00221141088	0.001643807469	0.003761104987	0.002575107296	0.001973715127	0.002501959366	0.005415357955	0.003656761458	0.01159800313	0.004354252387	0.003970504821	0.004042631386	0.002898323672	0.00374282625	0.0008456659619	0.0004502476362	0.0003540787144	0.002773358559	0.001155568395	0.0002466496752	0.002331778814	0.0007782755937	0.008165919931	0.001525102698	0.004987175834	0.004378180097	0.005023322569	0.003651494565	0.006902540253	0.01022213485	0.005007782364	0.01096654671	0.009213169156	0.004864803711	0.02801887587	0.02318718381	0.0186940966	0.02063807193	0.04424048949	0.00977261732	0.003456242839	0.01928031792	0.03417734023	0.009928733755	0.002270616163	0.03846339929	0.001501706485	0.003604372673	0.03493311355	0.02550411322	0.02428093645	0.03015420632	0.03742260949	0.01306117724	0.01192351651	0.01808642171	0.01578466682	0.007676865721	0.0006672968915	0.0003965107058	0.001265182186	0.0001714148582	3.490523229e-05	0.00039819485
fumarate_respiration	0	0	0	0.0004170390229	0	2.331763279e-05	0	0	0	0	0	0	0	0	0	0	0	0	0	0	0	0	0	0	0	0	0	0.0001658649859	0	0.0007531740908	0	0	0	0	0	0	0	0	0	0	0	0	0	0	0	0	0	0	0	0	0	0	0	0	0	0	0	0	0	0	0	0	0	0	0	0	0	0	0	0	0	0	0	0	0	0	0	0	0	0	0	0	0	0	0	0	0	0	0	0	0	0	0	0	0	0	0	0	0	0	0	0	0	0	0	0	0	0	0	0	0	0	0	0	0	0	0	0	0	0	0	0	0	0	0	0	0	0	0	0	0	0	0	0	0	0	0	0	0	0	0	0	0	0	0	0	0	0	0	0	0	0	0	0	0	0	0	0	0	0	0	0
intracellular_parasites	0.4879267779	0.04678700361	0.1189715832	0.3935656836	0.1379947436	0.1286200625	0.06026785714	0.3493359915	0.3375553237	0.2230826965	0.5090722992	0.22336381	0.1714403113	0.1027347762	0.1013805004	0.2513641876	0.115637568	0.3235225956	0.1540760157	0.1017593397	0.1529187817	0.1821231023	0.1217563078	0.07206443408	0.1865700018	0.2711289411	0.005119975546	0.1041632111	0.06080694937	0.06186787175	0.07440719542	0.01527517044	0.003161592506	0.003188636858	0.001529051988	0.02612729545	0.01844414937	0.01898124683	0.03124202196	0.02740536785	0.01325852395	0.03127065105	0.004793626502	0.0281742126	0.07498418568	0.01765154668	0.03813446718	0.03429580897	0.09179459207	0.04060570553	0.005940858421	0.01028965873	0.01913333731	0.0163278907	0.02462958465	0.01143589333	0.02113366676	0.05696058328	0.1034961076	0.08566756503	0.1341505955	0.02963898869	0.03185868761	0.0435470099	0.03951756095	0.0373377301	0.05199267064	0.03384966765	0.01294080192	0.02262224981	0.02588501841	0.04338863751	0.0169873207	0.0268788655	0.03306406685	0.0348139439	0.03051152209	0.008542305611	0.04725613516	0.06056929538	0.02402859367	0.07163934426	0.02393203716	0.01948173441	0.01222020569	0.01832352941	0.03610218755	0.01928554271	0.01672488621	0.01145532293	0.00547112462	0.005649531583	0.03274788141	0.03473945409	0.04545214869	0.0280276489	0.02452697968	0.04528250879	0.0386996904	0.0452047054	0.02292328643	0.04468037045	0.01098074845	0.009465243866	0.03184230478	0.007455533071	0.02112853613	0.024447729	0.01967526943	0.01936787946	0.02389158703	0.01925476171	0.06257928118	0.07721746961	0.04360615552	0.06238981812	0.04347826087	0.03329770616	0.06878747502	0.04217412339	0.1285590403	0.03672545692	0.008834425762	0.01064962726	0.004544910896	0.01532778533	0.06675889677	0.3428019134	0.4894768898	0.490854113	0.6348572177	0.6464079647	0.4133310862	0.1283024171	0.41019678	0.1381873586	0.005533386539	0.2935978068	0.1524691474	0.1355081008	0.040861348	0.4663415926	0.8994564283	0.08350670086	0.6345782545	0.466979678	0.01654726431	0.3033144494	0.1323745819	0.01155275078	0.2034395781	0.05531225281	0.09200568375	0.1812287988	0.1326704692	0.5261741413	0.02174275705	0.02645292851	0.00646648673	0.01196475711	0.0167545115	0.02332758163
chlorate_reducers	0	0	0	0	0	0	0	0	0	0	0	0	0	0	0	0	0	0	0	0	0	0	0	0	0	0	0	0	0	0	0	0	0	0	0	0	0	0	0	0	0	0	0	0	0	0	0	0	0	0	0	0	0	0	0	0	0	0	0	0	0	0	0	0	0	0	0	0	0	0	0	0	0	0	0	0	0	0	0	0	0	0	0	0	0	0	0	0	0	0	0	0	0	0	0	0	0	0	0	0	0	0	0	0	0	0	0	0	0	0	0	0	0	0	0	0	0	0	0	0	0	0	0	0	0	0	0	0	0	0	0	0	0	0	0	0	0	0	0	0	0	0	0	0	0	0	0	0	0	0	0	0	0	0	0	0	0	0	0	0	0	0
predatory_or_exoparasitic	0	0.009314079422	0	0.005361930295	0.01790314606	0.01340763886	0.009529532967	0.0001768545612	1.799143608e-05	0.000716430131	0.0001674886015	0.008326996903	0.01658086191	0.004944657868	0.006566963858	0.0008084074373	0.0007097232079	0.0001324284059	0	0.006298870547	0.006715313029	0.005649052607	0.007901589297	0	0.0005323328855	0	0	0.01078122408	0.01211567036	0.01151280396	0.01684382666	0.0008497184073	0	0	0	0	0.0003724455096	0.0004561581348	0.001021189686	0.001543964386	0.001674579197	0.0008987338426	0	0	0	0	0.00100983258	0.0002436647173	0	0	0	3.225598348e-05	0	0	0	0.004580763995	0.00703638325	0.00364547733	0.006426043878	0.01777548981	0.005132805103	0.0119635172	0.02027050826	0.01068909902	0.01444285652	0.009809241558	0.003292487403	0.008491698633	0.0100754724	0.00189668253	0.003738317757	0.02388134741	0.006755764429	0.008668082714	0.00573816156	0.00662686476	0.01176060473	0.006088760599	0.008928351215	0.002566495567	0.002795668483	0.02038251366	0.02907759782	0.02011319519	0.005162331115	0.01070588235	0.00869410025	0.00525033458	0.007850816838	0.003059983523	0.00168861871	0.0009543868887	0.01141497581	0.008157993134	0.003532823622	0.005278856169	0.006680682084	0.01138821303	0.005749668288	0.005239636308	0.01222359121	0.003546419697	0.01013487053	0.01091216013	0.004061518466	0.007952568609	0.01124502042	0.01006671194	0.005353091322	0.01146637266	0.01018329939	0.01389004408	0.006342494715	0.004389914453	0.0007898679014	0.006342176549	0.01037604122	0.01422346461	0.002664890073	0.002355861257	0.001915016621	0.002828819521	0.004987175834	0.004496509289	0.006099748834	0.004267153533	0.0007653136314	0.0003931590328	5.075455099e-05	0	0	0.000181015952	4.213364793e-05	0.001475548061	0	4.61701833e-05	2.66028199e-05	0	0.0001502714278	0	0.0003621876132	2.206385279e-05	0	0	9.751340809e-05	7.113893434e-05	0.001394788563	0	0.002073578595	0	0.0006879156157	0	0.001266487505	0	0	0.0002867794666	0.002669187566	0.004814772856	0.006297795771	0.003085467448	0.001745261615	0.003152375896
chloroplasts	0.2382128018	0.03971119134	0.03253044655	0.1866547513	0.000416352234	0.0005129879215	0.001373626374	0.2613106531	0.2069015149	0.2751774017	0.2417232716	0.002392388865	0.001812776448	0.001407325701	0.002300834052	0.415976152	0.1310622191	0.4027478894	0.2203931848	0.002172024327	0.002643824027	0.001883017536	0.002963095986	0.0355023315	0.09620015716	0.1180905199	0.01250700494	0.00364902969	0.000800091439	0.00247471487	0.001144726083	0.05252445411	0.000156128025	0.000144938039	0.02040952001	0.03490049034	0.05727564206	0.04789660416	0.12859012	0.1013869947	0.03221406992	0.0422404906	0.006504028447	0.05220636483	0.003308841419	0.1312248578	0.1510762689	0.05001218324	0.03693602431	0	0.01464076719	0.01296690536	0.05284019789	0.005414861713	0.07452028176	0.003908064387	0.001471020888	0.01435406699	0.03767869781	0.02807134421	0.01507450042	0.02129479738	0.009369166285	0.005755668701	0.007145641159	0.003652377176	0.008503206596	0.003777341806	0.02097496114	0.007931581488	0.007136788445	0.01085972851	0.02288637588	0.006059848816	0.007270194986	0.007283443527	0.00469690298	0.02021468519	0.006757923295	0.01105926272	0.001698634015	0.0293989071	0.003971405878	0.004092801347	0.00153256705	0.01617647059	0.006603436847	0.002985484369	0.005275043224	0.005243817918	0.002296521445	0.003367779021	0.04159649264	0.04565076991	0.006617453203	0.002651264085	0.005279140388	0.009259259259	0.002653693056	0.007731032003	0.00930549251	0.00964535803	0.009508294303	0.006661843612	0.01716668472	0.01139631484	0.02364984116	0.01454080614	0.006558423142	0.01624402793	0.02804323986	0.02249854446	0.002114164905	0.01981089599	0.01813972491	0.003934299351	0.01003900043	0.0185809422	0.1017654897	0.1686964936	0.213686949	0.1449585516	0.00826446281	0.004851496864	0.008132998445	0.00197435462	0.0616224649	0.06723019461	0.02593557556	0.02246545005	0.008012400664	0.03475506279	0.01466250948	0.04068296796	0.01460942159	0.1214506672	5.32056398e-05	0.05244315433	0.1713657794	0.02187868466	0.01244608343	0.1308607109	0.01266040527	0.01494992501	0.01700633837	0.04012235897	0.04875420022	0.001280632068	0.0562541806	0.0001017863505	0.01426278377	0.07742171975	0.1713928274	0.03840788765	0.05738312281	0.02863382674	0.002669187566	0.04644839696	0.01214574899	0.005588124379	0.01486962896	0.0334151845
nonphotosynthetic_cyanobacteria	0	0.0007220216606	0	0.0003574620197	0.006089151422	0.005036608683	0.002833104396	0	0	0	0	0.005674968936	0.008725497305	0.003271081359	0.00330744895	0	0	0	0	0.002009122502	0.003648477157	0.002236083324	0.004040585436	0	0	0	0	0.006800464422	0.001257286547	0.002689907467	0.002534750613	0	0	0	0	0	0	0	0.0001914730661	6.433184941e-05	0	0	0	0	0	0	0	0	0	0	0	0	0	0	0	0.0009770160967	0.003138177895	0.00364547733	0.005435244161	0.009326832813	0.004709224099	0.00201366131	0.002835405586	0.001454729452	0.001927157767	0.002045331218	0.001259734311	0.001815466604	0.0009363821938	0.001034554107	0.001472670632	0.005027652086	0.001639986293	0.0009683263572	0.001169916435	0.001191003344	0.0007522383678	0.0005953454808	0.001381181403	0.00671955203	0.001663245806	0.01043715847	0.01025658735	0.005051686234	0.001008267796	0.002264705882	0.002167151089	0.001029477369	0.0004057725557	0.0008369185704	0.000675447484	0.0002523091775	0.003608950196	0.00367109691	0.002135512787	0.0009468800303	0.001541695865	0.001486888348	0.000442282176	0.002388657728	0.001945399131	0.0007680144567	0.001409796519	0.002321094833	0.002491064659	0.001633116768	0.0003025566033	0.00299604522	0.001524390244	0.00158030136	0.001122774035	0.003659652333	0.005496828753	0.002645204863	0.0009532888465	0.001311433117	0.001805575618	0.003000904382	0.001499000666	0.001325171957	0	0.0008855435023	0.001424907381	0.0009466335345	0.001196029183	0.0006581182065	0.0002354811174	0	0	0	0	0	0	0	0	0	0	0	1.878392847e-05	0	0	0	0	0	0	0	0	0	0	0	0	0	0	0	1.723216901e-05	0	0.0002224322972	0.001132887731	0.0007872244714	0.001542733724	0.00122168313	0.0008959384125
photosynthetic_cyanobacteria	0	0.0003610108303	0	0.001012809056	2.602201462e-05	0.0003031292263	5.723443223e-05	0.001077205055	0.004785721996	0.001159934498	0.001004931609	0.00317130617	0.0005075774056	0.000152143319	0.0003355382993	0	0	0.001158748552	0.0002096985583	5.430060817e-05	0.0004758883249	0	0.0001795815749	5.298855447e-05	0	0.002046256159	0	0.0003317299718	0.000114298777	0	0	7.904357277e-05	0	0	0	0	0	0	0.0004308143988	0.0003345256169	0.0001381096245	0.0002907668314	0	0.000656167979	0	0.0004855042308	0	0.0003045808967	0.004363749708	0	0.001780032486	0	0.003129284139	0	0.0001457371873	0.006374629615	0.0001961361185	0.0002278423331	0.004784147205	0.0003331011719	0.0002740818259	0.005817243785	0.002712127083	6.324910661e-05	0.000757871032	4.174145344e-05	0.0009734310582	0.0001464085971	0.006292488342	0.0001379405476	0.0005097706032	0	0.004308023694	0.0006403448491	0.001086350975	0.0006718480402	0.0001284309408	0.1186180769	9.865581453e-05	4.666355576e-05	0.0002123292519	5.464480874e-05	0.0001726698208	0.0007717853969	0.000241984271	0.008794117647	0.001274794758	0.001441268316	0.002258212484	0.005034588275	0.0002701789936	0.0009653568529	0.02665276553	0.0342975628	0.0007909306617	0.0001183600038	0.0010745153	0.000135171668	0	0.000950326193	0.003631411711	0.0002484752654	0.001331474491	0.0001808645325	0.0006498429546	0.003940781766	0.003428974837	0.00199736348	0.001169880885	0.0003307607497	0.01070551987	0.007901522083	0	0.0005628095452	0.001252893913	0.003117341016	0.007944532717	0.01808764285	0.00399733511	0.001367240908	0	0.02752564386	0.002849814762	0.001064962726	0.002750867121	0.000148607337	0.009272068996	0.001998558417	0.0003045273059	0.001235067396	0	0	0	0	0	0	0	0.0005160457991	1.878392847e-05	0	0	0.001698916665	0.0003440327519	0	0.0009751340809	0	0	0	0	0	0	0.0008488800571	0.001374602292	0.0005389468345	0.0001723216901	0.00833866449	5.560807429e-05	0.05857029568	0.04200404858	0.1146422572	3.490523229e-05	0.07170825591
anoxygenic_photoautotrophy_H2_oxidizing	0	0	0	0	0	0	0	0	0	0	0	0	0	0	0	0	0	0	0	0	0	0	0	0	0	0	0	0	0	0	0	0	0	0	0	0	0	0	0	0	0	0	0	0	0	0	0	0	0	0	0	0	0	0	0	0	0	0	0	0	0	0	0	0	0	0	0	0	0	0	0	0	0	0	0	0	0	0	0	0	0	0	0	0	0	0	0	0	0	0	0	0	0	0	0	0	0	0	0	0	0	0	0	0	0	0	0	0	0	0	0	0	0	0	0	0	0	0	0	0	0	0	0	0	0	0	0	0	0	0	0	0	0	0	0	0	0	0	0	0	0	0	0	0	0	0	0	0	0	0	0	0	0	0	0	0	0	0	0	0	0	0
anoxygenic_photoautotrophy_S_oxidizing	0	0	0	0.0001787310098	0.001431210804	0.001865410624	2.861721612e-05	0	1.799143608e-05	0	0	0.002373843215	0.001764435743	0.003537332167	0.006519029815	0	0.0002838892832	3.310710147e-05	0	0.001411815812	0.001374788494	0.001412263152	0.003052886774	0	2.534918502e-05	0	0	0.001658649859	0.001714481655	0.0007531740908	0.002371218316	0	0	0	0	0	0	0	0	1.286636988e-05	5.179110919e-05	0	0	0	0	0	0	0	0	0	0	0	0	0	0	0.0007367662369	0.001299401785	0	0.0001132342534	0.0003028192472	2.491652963e-05	0.0003553519959	0.00197245606	0.002118845071	0	0.00139833869	0.0001431516262	0.001317677374	0.0001123658633	0	5.664117814e-05	0.0001508295626	0.0001958192588	0.001561816705	0.002144846797	0.000977233513	0.001155878468	0.0002255096518	0.00135651745	0.000979934671	0.001946351476	0.0008469945355	0.002555513347	0.001239534122	0.001734220609	0.002411764706	0.002524093621	0.0009265296318	7.056914012e-05	0.0008499954231	0.0001350894968	0.0003729787841	0.0008821878258	0.0003059247425	0.0002900079093	0.001586024051	0.001728568092	0.001824817518	0.001547987616	0.0004109518673	0.002853252059	0.0004291845494	0.0009241999405	0.001899077591	0.001732914546	0.002307664998	0.002420452826	0.001118523549	0.002517016449	0.003123851525	0.002532769335	0.002952674041	0	0	2.723682419e-05	0.001977899127	0.0006259328807	8.221655841e-05	0.0006662225183	0.0005468963631	0.001047839283	0.0003443780287	0.003989740667	0.003194888179	0.003229278794	0.002526324728	0	0	0	0	0.0003056501616	0	0	0	0	0	0	0	1.878392847e-05	0	0	0	0	0	0	0	0	0	0	0	0	0	0	0	0	0	0.0004448645943	0	0.0008715699505	0	0	0
anoxygenic_photoautotrophy_Fe_oxidizing	0	0	0	0	0	0	0	0	0	0	0	0	0	0	0	0	0	0	0	0	0	0	0	0	0	0	0	0	0	0	0	0	0	0	0	0	0	0	0	0	0	0	0	0	0	0	0	0	0	0	0	0	0	0	0	0	0	0	0	0	0	0	0	0	0	0	0	0	0	0	0	0	0	0	0	0	0	0	0	0	0	0	0	0	0	0	0	0	0	0	0	0	0	0	0	0	0	0	0	0	0	0	0	0	0	0	0	0	0	0	0	0	0	0	0	0	0	0	0	0	0	0	0	0	0	0	0	0	0	0	0	0	0	0	0	0	0	0	0	0	0	0	0	0	0	0	0	0	0	0	0	0	0	0	0	0	0	0	0	0	0	0
anoxygenic_photoautotrophy	0	0	0	0.0001787310098	0.001431210804	0.001865410624	2.861721612e-05	0	1.799143608e-05	0	0	0.002373843215	0.001764435743	0.003537332167	0.006519029815	0	0.0002838892832	3.310710147e-05	0	0.001411815812	0.001374788494	0.001412263152	0.003052886774	0	2.534918502e-05	0	0	0.001658649859	0.001714481655	0.0007531740908	0.002371218316	0	0	0	0	0	0	0	0	1.286636988e-05	5.179110919e-05	0	0	0	0	0	0	0	0	0	0	0	0	0	0	0.0007367662369	0.001299401785	0	0.0001132342534	0.0003028192472	2.491652963e-05	0.0003553519959	0.00197245606	0.002118845071	0	0.00139833869	0.0001431516262	0.001317677374	0.0001123658633	0	5.664117814e-05	0.0001508295626	0.0001958192588	0.001561816705	0.002144846797	0.000977233513	0.001155878468	0.0002255096518	0.00135651745	0.000979934671	0.001946351476	0.0008469945355	0.002555513347	0.001239534122	0.001734220609	0.002411764706	0.002524093621	0.0009265296318	7.056914012e-05	0.0008499954231	0.0001350894968	0.0003729787841	0.0008821878258	0.0003059247425	0.0002900079093	0.001586024051	0.001728568092	0.001824817518	0.001547987616	0.0004109518673	0.002853252059	0.0004291845494	0.0009241999405	0.001899077591	0.001732914546	0.002307664998	0.002420452826	0.001118523549	0.002517016449	0.003123851525	0.002532769335	0.002952674041	0	0	2.723682419e-05	0.001977899127	0.0006259328807	8.221655841e-05	0.0006662225183	0.0005468963631	0.001047839283	0.0003443780287	0.003989740667	0.003194888179	0.003229278794	0.002526324728	0	0	0	0	0.0003056501616	0	0	0	0	0	0	0	1.878392847e-05	0	0	0	0	0	0	0	0	0	0	0	0	0	0	0	0	0	0.0004448645943	0	0.0008715699505	0	0	0
oxygenic_photoautotrophy	0	0.0003610108303	0	0.001012809056	2.602201462e-05	0.0003031292263	5.723443223e-05	0.001077205055	0.004785721996	0.001159934498	0.001004931609	0.00317130617	0.0005075774056	0.000152143319	0.0003355382993	0	0	0.001158748552	0.0002096985583	5.430060817e-05	0.0004758883249	0	0.0001795815749	5.298855447e-05	0	0.002046256159	0	0.0003317299718	0.000114298777	0	0	7.904357277e-05	0	0	0	0	0	0	0.0004308143988	0.0003345256169	0.0001381096245	0.0002907668314	0	0.000656167979	0	0.0004855042308	0	0.0003045808967	0.004363749708	0	0.001780032486	0	0.003129284139	0	0.0001457371873	0.006374629615	0.0001961361185	0.0002278423331	0.004784147205	0.0003331011719	0.0002740818259	0.005817243785	0.002712127083	6.324910661e-05	0.000757871032	4.174145344e-05	0.0009734310582	0.0001464085971	0.006292488342	0.0001379405476	0.0005097706032	0	0.004308023694	0.0006403448491	0.001086350975	0.0006718480402	0.0001284309408	0.1186180769	9.865581453e-05	4.666355576e-05	0.0002123292519	5.464480874e-05	0.0001726698208	0.0007717853969	0.000241984271	0.008794117647	0.001274794758	0.001441268316	0.002258212484	0.005034588275	0.0002701789936	0.0009653568529	0.02665276553	0.0342975628	0.0007909306617	0.0001183600038	0.0010745153	0.000135171668	0	0.000950326193	0.003631411711	0.0002484752654	0.001331474491	0.0001808645325	0.0006498429546	0.003940781766	0.003428974837	0.00199736348	0.001169880885	0.0003307607497	0.01070551987	0.007901522083	0	0.0005628095452	0.001252893913	0.003117341016	0.007944532717	0.01808764285	0.00399733511	0.001367240908	0	0.02752564386	0.002849814762	0.001064962726	0.002750867121	0.000148607337	0.009272068996	0.001998558417	0.0003045273059	0.001235067396	0	0	0	0	0	0	0	0.0005160457991	1.878392847e-05	0	0	0.001698916665	0.0003440327519	0	0.0009751340809	0	0	0	0	0	0	0.0008488800571	0.001374602292	0.0005389468345	0.0001723216901	0.00833866449	5.560807429e-05	0.05857029568	0.04200404858	0.1146422572	3.490523229e-05	0.07170825591
photoautotrophy	0	0.0003610108303	0	0.001191540066	0.001457232819	0.00216853985	8.585164835e-05	0.001077205055	0.004803713432	0.001159934498	0.001004931609	0.005545149385	0.002272013149	0.003689475486	0.006854568114	0	0.0002838892832	0.001191855653	0.0002096985583	0.001466116421	0.001850676819	0.001412263152	0.003232468349	5.298855447e-05	2.534918502e-05	0.002046256159	0	0.001990379831	0.001828780432	0.0007531740908	0.002371218316	7.904357277e-05	0	0	0	0	0	0	0.0004308143988	0.0003473919868	0.0001899007337	0.0002907668314	0	0.000656167979	0	0.0004855042308	0	0.0003045808967	0.004363749708	0	0.001780032486	0	0.003129284139	0	0.0001457371873	0.007111395852	0.001495537903	0.0002278423331	0.004897381458	0.0006359204191	0.0002989983555	0.006172595781	0.004684583143	0.002182094178	0.000757871032	0.001440080144	0.001116582684	0.001464085971	0.006404854205	0.0001379405476	0.0005664117814	0.0001508295626	0.004503842953	0.002202161554	0.003231197772	0.001649081553	0.001284309408	0.1188435865	0.001455173264	0.001026598227	0.002158680728	0.0009016393443	0.002728183168	0.002011319519	0.00197620488	0.01120588235	0.003798888379	0.002367797948	0.002328781624	0.005884583698	0.0004052684904	0.001338335637	0.02753495335	0.03460348754	0.001080938571	0.001704384055	0.002803083392	0.001959989186	0.001547987616	0.00136127806	0.00648466377	0.0006776598148	0.002255674431	0.002079942123	0.0023827575	0.006248446764	0.005849427664	0.003115887029	0.003686897334	0.003454612275	0.01323828921	0.01085419612	0	0.0005628095452	0.001280130737	0.005095240143	0.008570465598	0.01816985941	0.004663557628	0.001914137271	0.001047839283	0.02787002189	0.006839555429	0.004259850905	0.005980145916	0.002674932065	0.009272068996	0.001998558417	0.0003045273059	0.001235067396	0.0003056501616	0	0	0	0	0	0	0.0005160457991	3.756785694e-05	0	0	0.001698916665	0.0003440327519	0	0.0009751340809	0	0	0	0	0	0	0.0008488800571	0.001374602292	0.0005389468345	0.0001723216901	0.00833866449	0.0005004726686	0.05857029568	0.04287561853	0.1146422572	3.490523229e-05	0.07170825591
aerobic_anoxygenic_phototrophy	0	0.003971119134	0	0.0009532320524	0	2.331763279e-05	0	0	0	0	0	0	0	0	0	0	0	0	0	0	0	0	0	0	0	0	0	0	0	0	0	0	0	0	0	0	0	2.53421186e-05	0	0	0	0	0	0	0	0	0	0	0	0	0	0	0	0	0	0	0	0	0	0	0	0	0	0	0	0	0	0	0	0	0	0	0	0	0	0	0	0	0	0	0	0	0	0	0	0	0	0	0	0	0	0	0	0	0	0	0	0	0	0	0	0	0	3.014408874e-05	0	0	0	0	0	0	0	0	0	0	0	0	0	0	0	0	0	0	0	0	0	0	0	0	0	0	0	0	0	0	0	0	0	0	0	0	0	0	0	0	0	0	0	0	0	0	0	0	0	0	0	0	0	0	0	0	0	0
photoheterotrophy	0	0.00440433213	0	0.004289544236	0.007624450285	0.007088560369	0.02855998168	1.607768739e-05	8.995718038e-05	0	0	0.01704345246	0.005510840403	0.02411471606	0.01965295753	0.002677849636	0.0002838892832	0.0009932130442	0.003145478375	0.02226324935	0.01321912014	0.01930092974	0.01984376403	0.0001589656634	5.069837005e-05	0.0004307907703	0	0.004478354619	0.001714481655	0.00494942974	0.004660670482	9.880446596e-05	3.903200625e-05	0	0	2.403615037e-05	0.0004210253587	0.0003041054232	0.001196706663	0.0007848485628	0.0006214933103	0.0003965002247	0	0	0	3.467887363e-05	0.0004783417486	0	0.0006233928154	0	0.001090269897	3.225598348e-05	0.001013292007	2.77685216e-05	2.428953121e-05	0.009738127653	0.004364028636	0.01275917065	0.008152866242	0.00969021591	0.006104549758	0.0060673063	0.005089641083	0.004901805762	0.003356285999	0.003735860083	0.005926477325	0.005299991215	0.005374833792	0.01175943168	0.007533276692	0.02287581699	0.005776668135	0.003826450928	0.003036211699	0.002244583225	0.004605166593	0.006864513801	0.00495745468	0.004899673355	0.002512562814	0.006475409836	0.005214628587	0.006618644464	0.002823149829	0.004676470588	0.003747896589	0.002333482036	0.004340002117	0.001556145467	0.0294495103	0.03118760833	0.01446253375	0.01339270539	0.003954653309	0.004118928132	0.006213501518	0.01199648554	0.00221141088	0.008501566754	0.00875429609	0.007431669302	0.005811494541	0.006993428589	0.005902740171	0.007739553378	0.004336644647	0.002636519794	0.003332387975	0.005365674384	0.005535537104	0.009315478666	0.00422832981	0.007766771724	0.003949339507	0.006922646945	0.008666762964	0.0136479487	0.001998667555	0.00393344692	0.003179650238	0.003517575579	0.004987175834	0.004259850905	0.003707690468	0.003290591033	0.01420245489	0.003669484306	0.001065845571	0.0006814164945	0.0005021395511	0.0004299128861	4.213364793e-05	0	2.981514609e-05	2.308509165e-05	0	0.0003870343493	7.513571388e-05	2.183501463e-05	0.0003621876132	0.0005736601725	0.0001032098256	0	3.900536324e-05	9.485191245e-05	0	4.341125654e-05	0.0007357859532	2.544658761e-05	0.001192387067	0.0001350491	0.0006486887221	0.0006499064769	0.0002240181972	0	0.005783239726	0.004984706016	0.003851776878	0.005176728719	0.01165834759	0.003683302363
phototrophy	0	0.00476534296	0	0.005302353292	0.0076504723	0.007391689596	0.02861721612	0.001093282742	0.004875679177	0.001159934498	0.001004931609	0.02021475863	0.006018417809	0.02426685938	0.01998849583	0.002677849636	0.0002838892832	0.002151961596	0.003355176933	0.02231754996	0.01369500846	0.01930092974	0.0200233456	0.0002119542179	5.069837005e-05	0.002477046929	0	0.004810084591	0.001828780432	0.00494942974	0.004660670482	0.0001778480387	3.903200625e-05	0	0	2.403615037e-05	0.0004210253587	0.0003041054232	0.001627521062	0.00111937418	0.0007596029348	0.0006872670561	0	0.000656167979	0	0.0005201831045	0.0004783417486	0.0003045808967	0.004987142523	0	0.002870302383	3.225598348e-05	0.004142576146	2.77685216e-05	0.0001700267185	0.01611275727	0.004560164754	0.01298701299	0.01293701345	0.01002331708	0.006378631584	0.01188455008	0.007801768166	0.004965054869	0.004114157031	0.003777601536	0.006899908383	0.005446399813	0.01166732213	0.01189737223	0.008043047295	0.02287581699	0.01008469183	0.004466795777	0.004122562674	0.002916431265	0.004733597534	0.1254825907	0.005056110495	0.004946336911	0.002724892066	0.006530054645	0.005387298408	0.007390429861	0.0030651341	0.01347058824	0.005022691347	0.003774750352	0.006598214601	0.006590733742	0.02971968929	0.03215296518	0.04111529928	0.04769026819	0.00474558397	0.004237288136	0.007288016819	0.0121316572	0.00221141088	0.009451892947	0.0123857078	0.007680144567	0.007142969031	0.007174293121	0.006552583126	0.01168033514	0.007765619485	0.004633883274	0.00450226886	0.005696435134	0.01624105697	0.01721700075	0.00422832981	0.00832958127	0.00520223342	0.01003998796	0.01661129568	0.03173559155	0.005996002665	0.005300687827	0.003179650238	0.03104321944	0.007836990596	0.005324813632	0.006458557589	0.00343919837	0.02347452389	0.005668042723	0.001370372877	0.001916483891	0.0005021395511	0.0004299128861	4.213364793e-05	0	2.981514609e-05	2.308509165e-05	0	0.0009030801484	9.391964235e-05	2.183501463e-05	0.0003621876132	0.002272576837	0.0004472425775	0	0.001014139444	9.485191245e-05	0	4.341125654e-05	0.0007357859532	2.544658761e-05	0.001192387067	0.0009839291571	0.002023291014	0.001188853311	0.0003963398873	0.00833866449	0.005838847801	0.0635550017	0.04585582546	0.1198189859	0.01169325282	0.07539155827
plastic_degradation	0.0001204311435	0.0005776173285	0	0	0	9.327053118e-05	0.0002003205128	0	0	3.411572052e-05	0.0002791476691	0	4.834070529e-05	0.000304286638	0.0002396702138	0	0	0	0.00120576671	0	0	0	0	0	0.0006590788106	5.384884629e-05	0	0.0001658649859	0	0	0	0	3.903200625e-05	0.000144938039	0.0005318441697	0	0	0.0002027369488	0.0001914730661	1.286636988e-05	0	0.0001057333932	0	0	0	0	0.0002923199575	0	0.00202602665	0	0	0.0002580478679	0	0.0001666111296	0	4.804997197e-05	0	0.0006835269993	5.661712668e-05	6.056384944e-05	0	7.89671102e-05	1.761121482e-05	0.0001264982132	0	0	0	0	0.001947674963	0.002482929857	0.0002265647125	0.0001508295626	0	0	0.000278551532	1.526927364e-05	0	4.510193036e-05	2.466395363e-05	0.0002333177788	0	0.0001912568306	0	2.338743627e-05	0	2.941176471e-05	0	0	0	0	0.001418439716	0.02163276948	0.0002940626086	0.0003059247425	0.0007118375956	0	0	0	0	0.0005650588175	0.0001296932754	0.001039078383	0.0003759457385	9.043226623e-05	0.0023827575	0.0001775126922	0	0	3.54509359e-05	0	0	0	0.000422832981	0	0	0	0	0	0	0	0	0	0	0	0	0	0.005739852236	0.0008518445711	0	0	0.0005458038599	0	0.0009269402545	0	0.001132975552	0	0	0	1.878392847e-05	0	0.00108656284	0.0001323831167	1.72016376e-05	0.001741738836	0	0.0002371297811	0	0.0004558181937	0.009297658863	0	9.172208209e-05	0.0004051473	0.0002625644827	0	0	0	0	5.664438654e-05	0	3.428297165e-05	0	0
ureolysis	0.004696814596	0.009458483755	0.0148308525	0.01000893655	0.008613286841	0.01207853379	0.01365041209	0.004710762404	0.004012090245	0.007505458515	0.001712105704	0.006157155839	0.008411282721	0.009927351565	0.009155402167	0.006568310428	0.00804352969	0.004767422612	0.005347313237	0.01449826238	0.01475253807	0.0145933859	0.009966777409	0.0118694362	0.01495601916	0.01106593791	0.00820214988	0.01260573893	0.01474454223	0.02367118571	0.02256745707	0.01408951685	0.01619828259	0.007391839988	0.01894694854	0.009494279396	0.004275026719	0.001875316776	0.005456982384	0.002740536785	0.003038411739	0.007216304089	0.009407210695	0.008899278215	0.01051043745	0.00239284228	0.001939941536	0.009807504873	0.01122107068	0.01439902654	0.01023518679	0.00499967744	0.005751922275	0.03062867933	0.005100801555	0.01686554016	0.00831126802	0.02096149465	0.01956121727	0.01495927081	0.01853789804	0.01254260934	0.01470536438	0.009329243224	0.009007838552	0.01287723839	0.007987860742	0.02137565518	0.01717324943	0.01234567901	0.006966864911	0.007993966817	0.017305527	0.008699319048	0.0104735376	0.009283718374	0.01075150448	0.00865957063	0.009816253545	0.01367242184	0.007714629485	0.01273224044	0.00773560797	0.0132840638	0.003307118371	0.007411764706	0.009127530468	0.00360317079	0.005663173494	0.002889984439	0.007362377575	0.004234406196	0.005774320314	0.01485434583	0.006591088848	0.006651832213	0.003971034805	0.01199648554	0.002653693056	0.01564185545	0.006614357046	0.009780889993	0.01013487053	0.02131187074	0.01348424131	0.01082827422	0.006000705965	0.004833619622	0.004395916052	0.006651966189	0.00621442373	0.007069782916	0.01141649049	0.01058081945	0.004739207408	0.008169583351	0.01425201021	0.01434678944	0.008660892738	0.009276203698	0.006070241364	0.008584852286	0.01054431462	0.00851970181	0.008372204282	0.008640455163	0.01633650252	0.002555533713	0.002673073019	0.006217925513	0.00233604052	0.003348795113	0.006488581781	0.008080382237	0.006320810972	0.006787016944	0.01173184358	0.005128205128	0.002441910701	0.00796978034	0.01307168022	0.004412770558	0.0009116867926	0.006821810441	0.0007215992199	0.001541343577	0.01813225132	0.008638840051	0.01036789298	0.01908494071	0.005090575556	0.005459842185	0.005560189046	0.007592809815	0.008633316676	0.001764796717	0.004226213646	0.005721083041	0.005285650022	0.008776440742	0.008726308074	0.005143350146
reductive_acetogenesis	0	0	0	0	0	0	0	0	0	0	0	0	0	0	0	0	0	0	0	0	0	0	0	0	0	0	0	0	0	0	0	0	0	0	0	0	0.002267059624	0.004510897111	0	0	0.0001381096245	0.0009516005392	0	0	0.001167826383	0.001664585934	0.001089556205	0	0	0	0	0.0008063995871	0.002622638136	0	0	0	4.903402962e-05	0	0	0	0	0	5.283364446e-05	6.324910661e-05	0	0	0.000830279432	0	0	0.007310849024	0.01370716511	0.007742584213	0	4.685450116e-05	0.0004178272981	3.053854728e-05	3.669455453e-05	0	0	0	0	0	0	0	0	0	5.099179032e-05	0	0	0	0	0	0	0	0	0.0002130480068	0	0	0	0.001977705861	0	0	0	0	0	0	0	0	0	0	0	0	0	0	0	0	4.814868313e-05	0.000205541396	0	0	0	0	0.0002849814762	0	0	0	0.0006622906426	0.0002948692746	0.003214454896	0.0003407082473	0	0.0005883018441	0.001306143086	0	0	0	0	0.003515562006	0.001296091064	0.0008952355998	0.003852359158	0	0.0002236212887	0	0.0005460750853	0.0003082687155	0	0	0.0009364548495	0	0.0001375831231	0.0008874655142	0.001575386896	0.0003170275497	0.001516430873	0.001963336348	0	0	0	0	0	0
chemoheterotrophy	0.07237911724	0.3132851986	0.2512043302	0.1626452189	0.2577220328	0.27699016	0.3160199176	0.1152770186	0.1627865136	0.1612650109	0.1001395738	0.2172993824	0.2722065115	0.2405766232	0.2487776819	0.1150970089	0.2359119943	0.1098162556	0.1989515072	0.2545612511	0.2741116751	0.2450276568	0.2635359612	0.2495495973	0.2121726786	0.174470262	0.2786947883	0.2554320783	0.2798034061	0.2955670325	0.2986099755	0.3372986859	0.2848165496	0.3002391478	0.2949075921	0.3518411691	0.4060465719	0.4093512418	0.363687133	0.4177452973	0.4271385412	0.3930374561	0.2841067651	0.3290682415	0.2953140966	0.3525107505	0.360696253	0.2913620858	0.2464739344	0.2919689936	0.3078788688	0.2855944778	0.3486618585	0.2610796401	0.3660189458	0.3862416914	0.3782239874	0.374800638	0.3269639066	0.3326166611	0.3374694773	0.3634066411	0.357595717	0.3853768066	0.3540556927	0.3939767083	0.4200068713	0.3758601505	0.3950221923	0.3983033313	0.4120645709	0.357918552	0.402237235	0.4261260698	0.4275487465	0.4278450474	0.4343717892	0.2019844849	0.4208163769	0.3974335044	0.4113525373	0.366010929	0.3710674448	0.3877403059	0.3133293003	0.3172647059	0.3214267503	0.3043135102	0.4404396457	0.2724039178	0.4233704829	0.2910331512	0.3317026225	0.3226146368	0.4316372265	0.4275163337	0.4283578603	0.4005474453	0.4190623618	0.3662608517	0.3891122495	0.4227467811	0.4340606839	0.4131247362	0.397866349	0.4187169383	0.3410821441	0.398873487	0.3673425978	0.3766997427	0.3594182464	0.3445479498	0.378012685	0.3478725799	0.3428843797	0.3432514942	0.3473686745	0.3005837376	0.3544303797	0.3469636735	0.261887556	0.3083905247	0.3349957253	0.2929830789	0.3326157158	0.2613153872	0.3357519206	0.2326518577	0.2056236042	0.1708225975	0.1355340145	0.1215069578	0.1576219769	0.2743114109	0.1802325581	0.2664019576	0.275179569	0.2719238832	0.3115126698	0.3195336041	0.2915281025	0.134898396	0.03015447071	0.2684696889	0.1592198927	0.2241587821	0.2783237177	0.212194222	0.2571906355	0.3091505929	0.2412290759	0.3605425115	0.2976400086	0.2894620042	0.3156933363	0.1587875847	0.417672246	0.2544465843	0.3550382366	0.2110116905	0.4031205278	0.2459185028
